date,channel,device,sessions,users,pageviews,bounce_rate,avg_session_duration,conversions,revenue,marketing_cost
2026-02-03,Referral,Tablet,20,16,48,0.371,99.0,0.0,0.0,32.31
2026-09-04,Direct,Tablet,139,109,359,0.355,141.0,5.0,4602.85,0.0
2026-03-20,Referral,Desktop,132,107,373,0.449,152.0,2.0,1953.5,209.38
2026-11-07,Paid Search,Desktop,320,279,1013,0.525,211.0,8.0,5384.36,2739.87
2026-06-21,Referral,Mobile,214,188,545,0.469,107.0,7.0,5708.8,360.25
2026-10-20,Organic Search,Mobile,639,562,1844,0.405,115.0,16.0,11775.77,0.0
2026-12-11,Organic Search,Desktop,526,446,1536,0.42,166.0,25.0,20352.38,0.0
2026-05-01,Paid Search,Desktop,432,381,962,0.413,165.0,14.0,10161.39,3792.93
2026-06-24,Paid Search,Desktop,433,342,1382,0.501,163.0,22.0,15273.15,3650.85
2026-05-13,Email,Tablet,134,107,376,0.287,189.0,6.0,4955.2,157.96
2026-01-31,Paid Search,Mobile,412,341,895,0.385,133.0,8.0,6354.76,2991.38
2026-03-25,Social Media,Mobile,448,352,1197,0.552,150.0,8.0,5397.73,1604.62
2026-12-20,Email,Desktop,246,219,537,0.391,208.0,16.0,14859.33,332.04
2026-05-19,Direct,Tablet,121,108,381,0.379,125.0,6.0,6770.52,0.0
2026-06-12,Direct,Mobile,481,410,1507,0.404,182.0,16.0,15662.15,0.0
2026-12-17,Direct,Mobile,278,242,917,0.395,117.0,12.0,9269.55,0.0
2026-03-10,Organic Search,Mobile,667,538,1899,0.462,140.0,14.0,11076.46,0.0
2026-06-12,Paid Search,Tablet,201,167,624,0.503,162.0,4.0,3194.02,1591.66
2026-09-29,Referral,Mobile,109,85,348,0.47,125.0,3.0,1781.89,203.92
2026-01-22,Referral,Desktop,149,126,458,0.413,189.0,4.0,3258.44,240.39
2026-11-27,Social Media,Mobile,355,300,898,0.551,176.0,9.0,6657.49,1082.22
2026-01-29,Social Media,Mobile,370,290,975,0.596,122.0,2.0,1191.68,1160.94
2026-05-08,Direct,Desktop,305,274,752,0.337,182.0,13.0,11753.56,0.0
2026-04-07,Referral,Desktop,226,198,544,0.407,232.0,11.0,7671.83,406.29
2026-06-01,Organic Search,Desktop,688,596,1463,0.419,186.0,22.0,25119.27,0.0
2026-08-16,Direct,Tablet,49,38,113,0.409,139.0,1.0,811.67,0.0
2026-03-16,Paid Search,Desktop,502,452,1327,0.378,170.0,17.0,12212.33,3718.66
2026-12-29,Organic Search,Mobile,587,463,1960,0.424,116.0,20.0,17067.5,0.0
2026-08-14,Organic Search,Mobile,668,555,1758,0.497,150.0,23.0,19701.14,0.0
2026-03-02,Email,Mobile,339,267,975,0.327,95.0,15.0,15900.71,424.88
2026-06-18,Organic Search,Mobile,785,617,2652,0.442,149.0,18.0,17325.42,0.0
2026-05-08,Referral,Mobile,248,216,532,0.441,111.0,8.0,5329.87,457.46
2026-12-05,Paid Search,Tablet,91,71,255,0.485,163.0,3.0,2640.19,838.76
2026-10-27,Referral,Desktop,180,145,592,0.446,145.0,5.0,3523.22,291.07
2026-10-22,Organic Search,Desktop,569,497,1387,0.34,122.0,18.0,12600.72,0.0
2026-01-19,Organic Search,Desktop,492,410,1419,0.308,196.0,14.0,12795.91,0.0
2026-02-25,Direct,Desktop,269,234,638,0.328,144.0,11.0,9978.52,0.0
2026-04-13,Paid Search,Desktop,489,430,1085,0.486,196.0,17.0,14431.95,4556.25
2026-05-19,Organic Search,Tablet,281,232,737,0.353,127.0,6.0,5874.72,0.0
2026-02-03,Email,Mobile,227,192,759,0.336,155.0,9.0,8561.85,303.32
2026-03-17,Paid Search,Mobile,585,470,2017,0.453,138.0,11.0,8888.38,5635.17
2026-08-17,Organic Search,Desktop,664,525,2277,0.365,186.0,24.0,23079.84,0.0
2026-03-17,Direct,Desktop,347,271,1130,0.378,222.0,14.0,13949.54,0.0
2026-12-08,Email,Tablet,143,129,454,0.323,170.0,14.0,12076.38,187.37
2026-09-23,Social Media,Desktop,395,338,939,0.525,191.0,12.0,8912.83,1292.47
2026-12-31,Paid Search,Tablet,120,106,302,0.38,145.0,2.0,1594.2,993.64
2026-08-23,Paid Search,Tablet,74,61,170,0.458,167.0,1.0,763.79,707.41
2026-04-12,Direct,Mobile,322,290,911,0.325,142.0,13.0,12800.19,0.0
2026-06-27,Email,Desktop,251,212,673,0.245,186.0,16.0,15851.69,283.84
2026-10-29,Social Media,Desktop,384,346,1167,0.515,181.0,6.0,3893.96,1192.61
2026-07-04,Direct,Tablet,34,26,83,0.325,162.0,2.0,2011.2,0.0
2026-06-25,Organic Search,Mobile,658,557,1747,0.426,129.0,12.0,9811.53,0.0
2026-01-15,Email,Tablet,36,31,125,0.341,147.0,2.0,1714.13,46.75
2026-01-14,Direct,Mobile,336,298,915,0.342,117.0,9.0,8967.89,0.0
2026-06-10,Direct,Desktop,365,310,990,0.325,183.0,15.0,17791.02,0.0
2026-07-06,Referral,Tablet,80,66,217,0.445,108.0,1.0,589.63,152.7
2026-01-26,Referral,Desktop,136,123,415,0.351,195.0,4.0,3580.07,213.83
2026-06-03,Paid Search,Tablet,183,144,544,0.495,87.0,8.0,5454.58,1537.39
2026-07-28,Social Media,Mobile,565,503,1812,0.543,114.0,13.0,6831.35,1738.86
2026-02-07,Referral,Desktop,119,95,274,0.464,149.0,2.0,1392.17,225.35
2026-11-03,Social Media,Mobile,418,371,967,0.595,122.0,7.0,4034.27,1406.21
2026-06-12,Email,Desktop,328,257,936,0.33,171.0,19.0,16848.77,360.66
2026-08-07,Paid Search,Tablet,174,141,582,0.488,160.0,7.0,4524.96,1629.65
2026-11-02,Direct,Desktop,326,290,807,0.315,200.0,13.0,13185.23,0.0
2026-06-10,Referral,Desktop,149,130,334,0.407,196.0,4.0,2538.45,247.88
2026-06-07,Referral,Tablet,56,43,138,0.331,123.0,4.0,3437.49,96.71
2026-06-30,Direct,Desktop,346,281,1143,0.392,207.0,14.0,16898.83,0.0
2026-01-06,Social Media,Desktop,285,244,991,0.565,161.0,4.0,2855.85,939.56
2026-10-31,Paid Search,Desktop,295,261,620,0.357,211.0,11.0,9568.02,2400.47
2026-01-08,Social Media,Desktop,288,245,802,0.524,165.0,4.0,2384.93,1038.79
2026-06-11,Email,Desktop,304,254,892,0.38,197.0,14.0,12506.23,417.31
2026-02-15,Organic Search,Mobile,487,440,1582,0.379,159.0,11.0,11429.8,0.0
2026-10-16,Email,Mobile,321,256,886,0.307,96.0,17.0,15506.0,437.69
2026-06-28,Direct,Tablet,144,115,303,0.374,134.0,6.0,5720.48,0.0
2026-04-28,Direct,Desktop,200,169,437,0.375,208.0,12.0,13853.69,0.0
2026-03-18,Paid Search,Desktop,441,368,1456,0.407,167.0,14.0,8985.14,3380.47
2026-04-16,Paid Search,Mobile,612,531,1288,0.457,94.0,8.0,7706.34,4741.49
2026-09-17,Email,Desktop,307,251,716,0.324,216.0,14.0,13048.54,409.82
2026-11-21,Paid Search,Desktop,303,247,983,0.387,170.0,10.0,8466.27,2810.48
2026-01-28,Paid Search,Tablet,142,118,413,0.383,91.0,1.0,852.75,1194.96
2026-01-30,Direct,Desktop,259,233,580,0.378,160.0,11.0,12132.26,0.0
2026-02-23,Paid Search,Desktop,466,384,1347,0.418,196.0,12.0,9248.77,4121.22
2026-10-10,Paid Search,Mobile,423,373,1233,0.505,94.0,12.0,10800.12,3897.08
2026-01-27,Organic Search,Mobile,588,472,1251,0.438,132.0,19.0,17473.18,0.0
2026-06-23,Paid Search,Tablet,160,129,528,0.486,188.0,5.0,5057.29,1166.99
2026-09-08,Referral,Desktop,140,118,413,0.423,169.0,8.0,6612.43,274.88
2026-04-30,Referral,Desktop,127,109,283,0.412,184.0,7.0,4667.05,237.2
2026-12-10,Email,Desktop,245,220,817,0.276,196.0,10.0,8981.4,287.29
2026-11-13,Direct,Tablet,96,82,334,0.382,154.0,6.0,5489.94,0.0
2026-07-15,Email,Mobile,402,322,853,0.35,97.0,17.0,16255.15,522.6
2026-10-11,Email,Tablet,47,36,148,0.357,136.0,0.0,0.0,61.76
2026-03-24,Organic Search,Mobile,763,693,2504,0.415,123.0,17.0,14699.9,0.0
2026-06-20,Paid Search,Tablet,171,141,540,0.447,169.0,9.0,6565.48,1657.82
2026-01-02,Direct,Mobile,418,338,1314,0.463,197.0,10.0,9431.75,0.0
2026-03-31,Referral,Mobile,133,115,370,0.437,128.0,3.0,2144.19,216.05
2026-11-11,Direct,Mobile,356,322,1006,0.36,94.0,9.0,9559.18,0.0
2026-04-19,Email,Mobile,286,240,768,0.338,142.0,16.0,15554.16,344.95
2026-04-07,Organic Search,Desktop,596,519,2066,0.379,159.0,35.0,29218.06,0.0
2026-03-19,Email,Tablet,92,82,194,0.354,156.0,5.0,4318.84,99.66
2026-08-24,Email,Desktop,288,252,764,0.303,135.0,15.0,13700.27,358.7
2026-12-01,Organic Search,Tablet,221,177,576,0.423,135.0,7.0,5662.9,0.0
2026-05-04,Referral,Desktop,195,174,442,0.427,195.0,6.0,4367.78,396.17
2026-05-09,Direct,Desktop,247,206,834,0.336,218.0,7.0,6024.05,0.0
2026-02-04,Direct,Mobile,331,285,860,0.404,124.0,11.0,12022.97,0.0
2026-03-21,Paid Search,Mobile,482,428,1045,0.475,161.0,11.0,9563.19,4206.69
2026-09-19,Direct,Desktop,297,260,653,0.392,178.0,10.0,7966.17,0.0
2026-05-06,Organic Search,Tablet,202,159,519,0.397,194.0,7.0,4438.43,0.0
2026-07-09,Email,Mobile,394,344,1186,0.462,74.0,26.0,24440.0,464.55
2026-09-30,Organic Search,Tablet,167,146,402,0.371,108.0,2.0,2119.76,0.0
2026-07-27,Referral,Mobile,255,216,576,0.462,88.0,7.0,6508.31,405.83
2026-09-28,Email,Tablet,128,111,429,0.3,156.0,10.0,8277.73,151.42
2026-07-21,Social Media,Mobile,515,449,1426,0.581,161.0,12.0,6757.25,1506.16
2026-03-15,Referral,Mobile,170,150,364,0.397,136.0,4.0,2820.95,290.88
2026-12-29,Organic Search,Tablet,166,130,414,0.354,162.0,3.0,2583.29,0.0
2026-11-28,Direct,Mobile,326,281,780,0.417,158.0,20.0,18738.14,0.0
2026-01-02,Paid Search,Tablet,130,107,290,0.501,154.0,7.0,4572.29,979.94
2026-10-17,Paid Search,Mobile,403,365,1207,0.468,153.0,12.0,9715.41,3673.72
2026-11-08,Email,Desktop,209,168,447,0.307,198.0,8.0,7032.86,282.53
2026-09-16,Email,Tablet,20,17,56,0.313,175.0,1.0,733.13,26.2
2026-10-31,Organic Search,Mobile,498,400,1565,0.461,93.0,11.0,7809.8,0.0
2026-06-23,Referral,Desktop,153,120,350,0.41,171.0,5.0,3063.66,313.69
2026-07-10,Social Media,Desktop,428,368,1132,0.534,178.0,10.0,6384.06,1258.87
2026-03-25,Paid Search,Tablet,122,108,344,0.411,179.0,5.0,3499.66,1043.13
2026-08-23,Direct,Desktop,329,299,854,0.383,173.0,8.0,7030.24,0.0
2026-01-30,Direct,Mobile,344,269,968,0.416,125.0,9.0,7810.94,0.0
2026-05-15,Organic Search,Tablet,235,208,677,0.441,171.0,10.0,8057.65,0.0
2026-10-12,Social Media,Mobile,381,330,963,0.529,121.0,3.0,2111.66,1143.79
2026-05-16,Organic Search,Tablet,239,195,556,0.384,122.0,5.0,3946.41,0.0
2026-04-27,Social Media,Mobile,482,415,1108,0.576,171.0,10.0,7041.11,1734.67
2026-09-22,Organic Search,Mobile,641,555,1383,0.369,145.0,15.0,12290.89,0.0
2026-07-15,Direct,Tablet,152,134,335,0.318,126.0,8.0,6820.83,0.0
2026-07-26,Paid Search,Desktop,482,405,1582,0.488,231.0,15.0,13474.05,3543.44
2026-06-08,Email,Tablet,163,133,481,0.27,157.0,9.0,8204.11,211.72
2026-11-26,Referral,Tablet,149,116,328,0.403,133.0,6.0,4033.78,300.58
2026-05-02,Paid Search,Tablet,160,130,495,0.383,163.0,5.0,3871.28,1363.59
2026-05-30,Organic Search,Mobile,583,498,1511,0.438,140.0,14.0,12582.0,0.0
2026-07-13,Direct,Mobile,402,365,1384,0.386,157.0,11.0,10400.13,0.0
2026-08-08,Paid Search,Desktop,369,310,1061,0.486,188.0,16.0,12945.23,2993.08
2026-08-15,Direct,Mobile,335,276,1027,0.411,167.0,7.0,5007.16,0.0
2026-03-02,Paid Search,Mobile,537,485,1317,0.546,166.0,15.0,12297.61,4329.56
2026-08-16,Social Media,Tablet,114,89,287,0.495,148.0,5.0,2581.46,380.92
2026-12-26,Referral,Desktop,150,119,356,0.432,168.0,7.0,5848.73,270.57
2026-04-19,Referral,Tablet,20,15,60,0.379,141.0,1.0,648.87,37.53
2026-03-15,Organic Search,Mobile,551,446,1716,0.405,157.0,12.0,11435.32,0.0
2026-10-09,Paid Search,Desktop,407,365,1322,0.41,168.0,16.0,13674.72,3786.23
2026-07-11,Paid Search,Desktop,354,319,780,0.452,167.0,6.0,4018.26,3365.86
2026-11-08,Organic Search,Desktop,453,379,1230,0.418,160.0,12.0,10022.87,0.0
2026-07-14,Email,Desktop,289,256,740,0.275,179.0,19.0,18587.21,303.03
2026-10-14,Organic Search,Tablet,141,124,366,0.356,106.0,6.0,4500.55,0.0
2026-07-13,Social Media,Tablet,135,121,363,0.547,107.0,2.0,1122.81,488.91
2026-08-01,Organic Search,Mobile,678,565,1953,0.419,169.0,22.0,19009.04,0.0
2026-09-19,Email,Mobile,231,208,717,0.364,104.0,9.0,9600.56,300.72
2026-01-13,Referral,Tablet,96,85,261,0.318,150.0,3.0,2164.63,163.28
2026-10-09,Social Media,Desktop,285,235,946,0.455,224.0,4.0,2648.35,957.84
2026-09-15,Social Media,Mobile,370,309,805,0.577,78.0,4.0,2572.68,1180.32
2026-11-10,Social Media,Mobile,388,313,1338,0.611,92.0,4.0,2406.82,1392.57
2026-10-07,Referral,Desktop,112,95,370,0.426,181.0,1.0,827.1,207.51
2026-06-03,Referral,Tablet,34,27,96,0.378,101.0,1.0,748.5,63.11
2026-11-03,Direct,Desktop,368,299,1077,0.399,213.0,21.0,20825.19,0.0
2026-04-29,Paid Search,Desktop,499,409,1622,0.486,225.0,18.0,13602.58,3911.27
2026-07-11,Organic Search,Desktop,549,446,1634,0.318,162.0,19.0,15189.48,0.0
2026-12-13,Paid Search,Mobile,351,306,843,0.369,115.0,9.0,7607.89,3318.39
2026-04-07,Email,Desktop,279,222,627,0.316,211.0,18.0,16713.48,328.47
2026-09-09,Direct,Tablet,153,126,391,0.342,125.0,6.0,4927.99,0.0
2026-04-15,Email,Tablet,77,62,226,0.343,113.0,8.0,7625.78,105.23
2026-03-01,Referral,Tablet,24,19,74,0.448,157.0,1.0,673.08,46.81
2026-05-18,Email,Tablet,73,57,190,0.334,110.0,2.0,1916.74,90.97
2026-12-09,Email,Tablet,20,18,53,0.35,186.0,2.0,1763.91,22.05
2026-05-09,Direct,Tablet,33,27,70,0.31,166.0,1.0,927.14,0.0
2026-01-05,Social Media,Tablet,183,148,602,0.584,213.0,2.0,912.63,567.49
2026-06-06,Direct,Mobile,304,275,788,0.299,115.0,7.0,6063.2,0.0
2026-09-18,Email,Mobile,274,248,881,0.378,74.0,8.0,7217.97,340.09
2026-12-05,Direct,Mobile,295,245,712,0.42,113.0,13.0,13701.47,0.0
2026-03-22,Direct,Tablet,74,58,216,0.347,147.0,2.0,1955.92,0.0
2026-11-19,Social Media,Desktop,328,277,885,0.544,144.0,5.0,3209.32,1177.73
2026-09-13,Referral,Tablet,75,60,226,0.348,149.0,1.0,754.11,132.54
2026-01-27,Organic Search,Desktop,568,491,1708,0.399,201.0,17.0,14587.03,0.0
2026-11-07,Email,Mobile,231,183,615,0.335,146.0,14.0,11967.41,297.55
2026-03-05,Email,Mobile,245,195,759,0.369,136.0,16.0,17895.93,255.58
2026-01-23,Paid Search,Tablet,85,69,245,0.468,115.0,3.0,2153.03,717.53
2026-01-22,Paid Search,Desktop,483,379,1070,0.433,185.0,21.0,13737.65,4671.29
2026-10-22,Organic Search,Tablet,190,158,575,0.39,121.0,7.0,5485.46,0.0
2026-07-06,Direct,Mobile,429,357,905,0.4,114.0,21.0,19518.47,0.0
2026-06-22,Paid Search,Mobile,550,447,1404,0.489,119.0,13.0,7692.84,4489.67
2026-03-03,Email,Mobile,272,222,600,0.367,128.0,15.0,13797.48,329.58
2026-09-19,Referral,Tablet,116,104,328,0.396,165.0,4.0,2996.31,194.7
2026-02-16,Direct,Tablet,28,24,78,0.242,147.0,4.0,3814.09,0.0
2026-06-29,Paid Search,Mobile,650,531,1482,0.531,97.0,17.0,16338.44,6113.32
2026-04-15,Direct,Tablet,102,79,266,0.408,157.0,2.0,1756.74,0.0
2026-01-14,Paid Search,Tablet,197,165,580,0.354,143.0,4.0,2539.59,1631.26
2026-10-06,Social Media,Mobile,435,373,1521,0.535,85.0,5.0,3201.97,1514.98
2026-10-03,Organic Search,Desktop,512,409,1388,0.373,182.0,19.0,17666.47,0.0
2026-08-30,Paid Search,Tablet,53,43,155,0.467,193.0,0.0,0.0,429.52
2026-08-29,Social Media,Mobile,415,350,1244,0.626,96.0,5.0,3542.55,1183.7
2026-05-30,Organic Search,Tablet,201,180,537,0.404,172.0,5.0,4158.23,0.0
2026-05-11,Paid Search,Tablet,165,131,509,0.45,117.0,1.0,789.99,1535.98
2026-06-26,Paid Search,Mobile,539,455,1430,0.475,138.0,12.0,9424.91,4826.6
2026-10-30,Paid Search,Tablet,188,146,625,0.443,149.0,10.0,6384.64,1415.4
2026-10-10,Email,Tablet,114,99,285,0.27,169.0,7.0,7070.3,147.7
2026-10-28,Email,Tablet,143,118,461,0.385,123.0,5.0,4631.95,193.13
2026-04-13,Social Media,Tablet,64,56,168,0.567,165.0,1.0,560.68,223.81
2026-11-20,Direct,Tablet,93,84,283,0.366,204.0,3.0,3163.62,0.0
2026-10-20,Email,Desktop,225,195,756,0.292,186.0,15.0,11530.69,273.09
2026-02-24,Email,Mobile,233,186,573,0.399,111.0,8.0,8207.05,280.46
2026-06-20,Referral,Tablet,20,17,46,0.379,161.0,0.0,0.0,32.53
2026-07-21,Social Media,Tablet,90,81,243,0.55,132.0,1.0,575.17,276.47
2026-06-09,Referral,Tablet,20,17,64,0.372,174.0,1.0,731.06,33.32
2026-12-31,Social Media,Tablet,155,122,467,0.499,141.0,0.0,0.0,448.19
2026-07-03,Paid Search,Desktop,462,410,1313,0.442,223.0,21.0,18535.75,3825.18
2026-05-24,Organic Search,Tablet,211,181,489,0.358,148.0,9.0,8089.18,0.0
2026-06-23,Direct,Mobile,419,371,895,0.376,188.0,23.0,23651.22,0.0
2026-06-25,Referral,Mobile,185,164,396,0.433,130.0,3.0,2423.62,357.52
2026-05-31,Referral,Mobile,136,109,301,0.431,81.0,3.0,2405.02,279.43
2026-11-28,Direct,Tablet,133,104,451,0.408,151.0,7.0,7171.75,0.0
2026-07-04,Paid Search,Tablet,162,130,430,0.544,126.0,4.0,2657.27,1442.72
2026-11-28,Paid Search,Mobile,332,278,833,0.483,140.0,10.0,7727.6,2825.13
2026-09-11,Organic Search,Desktop,671,559,2097,0.343,167.0,17.0,12709.9,0.0
2026-01-19,Email,Mobile,272,220,636,0.362,184.0,11.0,8032.4,361.71
2026-06-04,Email,Desktop,337,294,888,0.309,197.0,23.0,16636.44,436.44
2026-04-02,Direct,Tablet,107,87,325,0.359,155.0,4.0,4068.27,0.0
2026-08-06,Direct,Desktop,364,330,1207,0.388,218.0,14.0,14356.89,0.0
2026-02-15,Organic Search,Tablet,167,151,552,0.388,148.0,6.0,5678.81,0.0
2026-11-30,Organic Search,Mobile,564,511,1507,0.436,121.0,25.0,20909.83,0.0
2026-06-05,Paid Search,Tablet,199,173,549,0.479,145.0,6.0,5248.01,1440.45
2026-04-03,Direct,Mobile,364,322,952,0.437,124.0,14.0,12749.78,0.0
2026-10-30,Email,Mobile,274,221,949,0.318,112.0,14.0,14425.28,338.17
2026-03-17,Social Media,Mobile,383,309,867,0.435,121.0,7.0,5807.75,1248.0
2026-04-17,Email,Tablet,116,92,327,0.324,177.0,10.0,10524.98,139.56
2026-03-22,Direct,Desktop,275,241,908,0.386,157.0,13.0,11710.74,0.0
2026-10-06,Email,Desktop,279,218,867,0.366,186.0,12.0,9955.75,357.23
2026-05-27,Organic Search,Desktop,695,627,1734,0.349,197.0,29.0,22337.99,0.0
2026-07-26,Social Media,Mobile,468,379,1044,,124.0,13.0,7147.75,1660.34
2026-07-06,Paid Search,Tablet,181,148,561,0.483,175.0,4.0,3609.06,1620.62
2026-12-18,Social Media,Tablet,165,138,451,0.492,155.0,0.0,0.0,590.89
2026-09-12,Email,Desktop,218,189,518,0.343,185.0,12.0,11040.27,266.44
2026-06-09,Referral,Desktop,208,167,688,0.451,138.0,4.0,2759.74,364.96
2026-01-05,Referral,Mobile,155,140,436,0.43,148.0,7.0,4741.31,240.59
2026-07-01,Social Media,Mobile,481,422,1520,0.57,111.0,11.0,6985.61,1518.26
2026-05-30,Paid Search,Tablet,174,146,590,0.449,166.0,5.0,4072.25,1677.89
2026-09-02,Organic Search,Desktop,682,592,2327,0.412,178.0,21.0,18607.95,0.0
2026-01-13,Organic Search,Mobile,568,509,1925,0.399,140.0,13.0,12411.51,0.0
2026-06-05,Email,Desktop,303,246,733,0.289,196.0,15.0,14567.69,367.98
2026-01-09,Direct,Desktop,230,194,641,0.259,187.0,9.0,8106.73,0.0
2026-08-03,Referral,Tablet,69,57,183,0.379,179.0,0.0,0.0,114.59
2026-03-24,Email,Desktop,384,345,1120,0.379,191.0,21.0,20984.04,394.63
2026-01-13,Direct,Tablet,125,107,412,0.381,180.0,5.0,4460.18,0.0
2026-08-11,Referral,Mobile,178,140,479,0.393,,5.0,3765.6,323.92
2026-09-05,Social Media,Mobile,407,342,1135,0.573,120.0,3.0,1745.99,1300.92
2026-11-10,Paid Search,Desktop,444,370,1358,0.407,203.0,16.0,12615.36,4242.62
2026-06-10,Organic Search,Tablet,198,166,502,0.413,149.0,5.0,4277.74,0.0
2026-04-16,Direct,Desktop,273,222,940,0.341,201.0,11.0,10124.94,0.0
2026-05-24,Paid Search,Mobile,555,440,1262,0.469,148.0,7.0,5266.35,5419.88
2026-10-28,Direct,Tablet,81,67,195,0.384,85.0,4.0,3755.79,0.0
2026-02-27,Direct,Desktop,305,263,766,0.31,152.0,19.0,16530.63,0.0
2026-01-12,Organic Search,Desktop,501,453,1237,0.409,145.0,15.0,12420.1,0.0
2026-02-11,Paid Search,Tablet,216,195,749,0.426,148.0,9.0,7814.27,2040.39
2026-02-16,Organic Search,Desktop,434,385,1291,0.337,178.0,14.0,10979.24,0.0
2026-12-06,Organic Search,Tablet,189,164,424,0.39,200.0,6.0,5072.99,0.0
2026-06-10,Paid Search,Tablet,183,162,565,0.41,173.0,6.0,4816.56,1738.56
2026-09-11,Social Media,Tablet,142,115,428,0.5,152.0,3.0,2301.98,511.78
2026-07-16,Direct,Tablet,104,84,237,0.384,190.0,2.0,2082.69,0.0
2026-08-24,Referral,Tablet,104,90,322,0.441,189.0,6.0,3786.61,167.55
2026-04-28,Email,Desktop,306,240,1055,0.336,162.0,15.0,16212.31,420.88
2026-11-16,Direct,Desktop,289,261,975,0.331,164.0,9.0,8737.04,0.0
2026-12-20,Organic Search,Desktop,430,342,1220,0.35,204.0,9.0,9689.25,0.0
2026-05-05,Direct,Mobile,397,357,1341,0.392,131.0,9.0,7306.46,0.0
2026-10-09,Social Media,Tablet,210,173,582,0.56,124.0,5.0,2953.99,734.54
2026-03-30,Email,Tablet,137,109,458,0.321,116.0,6.0,5623.38,164.77
2026-03-19,Direct,Tablet,165,149,441,0.338,188.0,3.0,2015.16,0.0
2026-08-28,Referral,Tablet,132,109,422,0.429,139.0,2.0,1622.43,272.09
2026-10-04,Organic Search,Tablet,142,122,367,0.406,145.0,3.0,1781.83,0.0
2026-05-22,Email,Tablet,140,126,360,0.294,162.0,11.0,9797.76,177.77
2026-06-28,Organic Search,Desktop,521,470,1658,0.388,190.0,19.0,16462.77,0.0
2026-09-20,Direct,Tablet,114,101,299,0.302,173.0,8.0,7813.62,0.0
2026-04-16,Paid Search,Desktop,462,364,1569,0.4,176.0,9.0,7838.0,3650.92
2026-04-24,Social Media,Tablet,86,72,204,0.464,113.0,0.0,0.0,246.76
2026-02-12,Social Media,Mobile,377,333,1140,0.528,143.0,8.0,5150.49,1250.87
2026-02-18,Organic Search,Desktop,581,453,1649,0.359,219.0,10.0,10274.18,0.0
2026-07-17,Paid Search,Mobile,569,474,1706,0.457,112.0,12.0,9419.6,4482.66
2026-12-15,Referral,Tablet,100,84,319,0.388,198.0,2.0,1703.34,157.87
2026-12-21,Organic Search,Mobile,590,474,1810,0.416,103.0,15.0,12115.77,0.0
2026-11-22,Social Media,Desktop,297,233,1005,0.519,195.0,5.0,2931.2,1031.57
2026-08-15,Referral,Mobile,231,204,729,0.471,157.0,2.0,1310.76,449.92
2026-02-12,Organic Search,Desktop,624,506,1315,0.408,123.0,19.0,15843.43,0.0
2026-07-15,Paid Search,Desktop,491,400,1574,0.457,136.0,18.0,12656.28,4198.47
2026-12-13,Direct,Mobile,285,243,853,0.41,133.0,7.0,6591.13,0.0
2026-01-12,Email,Mobile,209,176,586,0.397,120.0,12.0,10432.08,231.74
2026-08-06,Email,Mobile,321,280,822,0.33,110.0,14.0,13249.48,331.92
2026-03-07,Social Media,Desktop,272,234,583,0.514,174.0,6.0,3944.86,761.47
2026-06-05,Social Media,Tablet,156,138,513,0.512,135.0,6.0,3878.74,573.04
2026-03-08,Paid Search,Tablet,119,98,376,0.436,114.0,1.0,662.16,1152.84
2026-04-03,Social Media,Desktop,418,360,1094,0.505,148.0,8.0,5301.1,1456.42
2026-12-10,Social Media,Tablet,127,105,394,0.532,149.0,4.0,3319.98,465.59
2026-09-08,Referral,Mobile,175,152,443,0.38,99.0,2.0,1285.13,318.89
2026-05-28,Organic Search,Mobile,798,724,2331,0.479,132.0,21.0,21260.78,0.0
2026-08-20,Direct,Tablet,107,93,364,0.414,157.0,7.0,8225.47,0.0
2026-12-07,Social Media,Mobile,387,344,945,0.556,106.0,7.0,4972.78,1137.35
2026-09-23,Direct,Desktop,314,285,1036,0.3,187.0,12.0,10496.85,0.0
2026-11-09,Paid Search,Mobile,495,416,1249,0.462,118.0,15.0,12120.71,4031.4
2026-11-09,Direct,Desktop,280,232,891,0.406,193.0,7.0,7142.04,0.0
2026-11-20,Email,Tablet,80,67,218,0.287,144.0,6.0,5272.8,101.17
2026-04-29,Email,Desktop,222,194,639,0.307,196.0,15.0,13496.38,264.03
2026-06-11,Email,Mobile,325,290,856,0.454,89.0,17.0,16125.99,383.09
2026-06-14,Paid Search,Tablet,208,184,583,0.46,106.0,6.0,4832.78,1981.52
2026-08-22,Referral,Desktop,97,84,230,0.409,201.0,1.0,749.34,197.07
2026-01-30,Referral,Mobile,250,212,755,0.485,113.0,6.0,4157.31,402.29
2026-07-20,Social Media,Tablet,115,92,323,0.553,147.0,0.0,0.0,316.56
2026-01-31,Email,Desktop,161,145,485,0.331,180.0,8.0,7431.15,198.07
2026-10-15,Referral,Tablet,29,23,99,0.468,125.0,0.0,0.0,59.05
2026-03-06,Email,Tablet,108,94,306,0.382,138.0,2.0,1651.49,118.06
2026-04-25,Organic Search,Mobile,564,500,1682,0.417,92.0,20.0,17857.39,0.0
2026-03-30,Referral,Mobile,239,202,660,0.427,133.0,4.0,2759.61,415.86
2026-10-07,Paid Search,Mobile,563,473,1474,0.48,93.0,15.0,12841.13,4798.86
2026-05-16,Referral,Desktop,81,66,215,0.416,210.0,2.0,1560.21,152.63
2026-03-25,Paid Search,Mobile,530,462,1260,0.523,104.0,17.0,15039.65,4726.47
2026-03-24,Email,Tablet,106,84,269,0.346,147.0,6.0,4802.14,130.17
2026-02-12,Social Media,Tablet,68,60,155,0.555,136.0,0.0,0.0,236.41
2026-05-08,Direct,Mobile,434,393,1481,0.366,143.0,15.0,14353.34,0.0
2026-08-12,Email,Mobile,332,294,771,0.312,122.0,21.0,18845.74,360.98
2026-07-07,Email,Desktop,319,259,867,0.294,165.0,20.0,17412.53,378.21
2026-10-09,Direct,Mobile,336,299,1156,0.423,126.0,12.0,10367.74,0.0
2026-02-16,Paid Search,Tablet,131,117,350,0.509,169.0,4.0,2915.76,1172.92
2026-06-18,Paid Search,Desktop,583,475,1478,0.417,224.0,22.0,15727.53,5650.73
2026-12-06,Social Media,Desktop,269,224,842,0.547,216.0,7.0,4946.15,954.62
2026-08-13,Email,Desktop,319,287,776,0.351,210.0,19.0,17819.1,422.46
2026-08-28,Referral,Mobile,252,209,653,0.399,111.0,9.0,6615.73,438.58
2026-10-25,Direct,Tablet,20,18,60,0.323,141.0,1.0,1083.24,0.0
2026-04-30,Direct,Desktop,376,306,1229,0.25,216.0,12.0,11734.11,0.0
2026-10-19,Referral,Desktop,117,102,299,0.432,172.0,7.0,6229.66,225.31
2026-01-28,Referral,Tablet,20,16,54,0.355,160.0,1.0,669.19,36.43
2026-10-02,Social Media,Desktop,297,251,726,0.512,206.0,2.0,1315.8,878.34
2026-08-12,Paid Search,Tablet,113,100,391,0.438,184.0,2.0,1482.33,1101.54
2026-10-14,Referral,Desktop,209,189,562,0.38,191.0,7.0,4931.4,426.34
2026-03-16,Social Media,Mobile,418,360,1020,0.58,157.0,10.0,5823.95,1158.92
2026-02-26,Direct,Tablet,103,87,231,0.375,161.0,7.0,7710.5,0.0
2026-01-03,Organic Search,Mobile,486,411,1604,0.317,119.0,15.0,13193.99,0.0
2026-08-24,Email,Mobile,305,275,712,1.15,104.0,10.0,9141.85,322.48
2026-04-14,Paid Search,Mobile,631,492,2092,0.495,128.0,20.0,13759.19,5882.17
2026-02-11,Email,Desktop,324,253,697,0.304,198.0,22.0,20368.18,404.56
2026-01-17,Social Media,Tablet,93,74,211,0.55,166.0,3.0,1938.83,332.65
2026-04-16,Referral,Desktop,200,161,571,0.408,188.0,5.0,3763.76,383.96
2026-06-15,Referral,Tablet,55,44,120,0.447,140.0,0.0,0.0,105.61
2026-06-20,Referral,Desktop,144,116,357,0.473,163.0,5.0,4227.24,297.13
2026-04-07,Direct,Mobile,436,368,1266,0.372,136.0,9.0,8788.62,0.0
2026-03-18,Referral,Tablet,101,88,256,0.445,133.0,1.0,764.53,175.08
2026-11-03,Paid Search,Tablet,151,126,497,0.436,172.0,3.0,2244.87,1173.27
2026-08-07,Referral,Desktop,188,150,419,0.439,177.0,9.0,5685.17,339.02
2026-05-16,Email,Mobile,210,181,629,0.394,141.0,12.0,11640.41,270.05
2026-12-25,Direct,Mobile,301,266,786,0.456,85.0,9.0,10255.98,0.0
2026-02-08,Direct,Desktop,218,185,577,0.367,195.0,9.0,7433.03,0.0
2026-04-09,Organic Search,Mobile,756,599,1946,0.368,122.0,21.0,14835.09,0.0
2026-09-07,Paid Search,Mobile,566,451,1309,0.395,132.0,9.0,7073.86,4663.65
2026-03-20,Referral,Tablet,47,39,132,0.36,104.0,3.0,2189.96,84.27
2026-04-17,Direct,Tablet,166,150,362,0.368,93.0,10.0,11124.66,0.0
2026-03-15,Email,Desktop,337,270,997,0.322,182.0,22.0,20887.34,412.15
2026-09-07,Referral,Mobile,254,217,842,0.408,145.0,5.0,3706.8,502.92
2026-10-11,Direct,Desktop,218,191,494,0.302,167.0,14.0,14765.73,0.0
2026-03-09,Referral,Desktop,149,116,503,0.45,184.0,0.0,0.0,271.73
2026-05-16,Email,Tablet,183,164,490,0.318,84.0,7.0,7205.09,222.92
2026-07-30,Email,Desktop,348,307,732,0.303,217.0,21.0,17747.06,396.62
2026-04-03,Email,Mobile,326,291,842,0.356,122.0,26.0,26545.88,423.81
2026-02-02,Email,Desktop,222,175,477,0.269,141.0,16.0,13285.69,242.16
2026-02-28,Direct,Desktop,236,204,739,0.32,125.0,8.0,9278.55,0.0
2026-02-09,Email,Mobile,165,145,548,0.256,136.0,6.0,5738.33,210.34
2026-02-14,Direct,Mobile,267,242,824,0.352,165.0,7.0,8344.26,0.0
2026-04-08,Organic Search,Tablet,220,182,743,0.368,164.0,5.0,4808.36,0.0
2026-03-28,Social Media,Desktop,329,283,805,0.435,194.0,6.0,2486.42,982.87
2026-04-15,Email,Desktop,315,266,900,0.3,210.0,20.0,18504.52,408.79
2026-05-27,Direct,Mobile,432,382,1014,0.405,119.0,26.0,26471.57,0.0
2026-10-26,Referral,Tablet,61,49,142,0.408,121.0,0.0,0.0,124.71
2026-10-05,Social Media,Tablet,192,167,514,0.487,173.0,3.0,2141.76,547.55
2026-10-15,Organic Search,Mobile,619,498,1783,0.409,116.0,22.0,20882.63,0.0
2026-12-29,Paid Search,Mobile,439,384,1086,0.464,139.0,13.0,8508.3,3345.29
2026-01-20,Paid Search,Mobile,509,404,1243,0.521,154.0,10.0,7430.13,3735.89
2026-03-09,Direct,Mobile,384,332,940,0.33,92.0,18.0,15164.76,0.0
2026-02-09,Paid Search,Mobile,471,371,1575,0.44,126.0,13.0,11485.09,4491.5
2026-12-28,Organic Search,Desktop,547,441,1519,0.361,209.0,29.0,25748.33,0.0
2026-04-08,Direct,Tablet,154,132,449,0.357,149.0,6.0,7023.19,0.0
2026-02-07,Email,Mobile,259,206,619,0.362,149.0,24.0,21601.1,264.21
2026-06-25,Paid Search,Mobile,571,510,1545,0.537,131.0,20.0,15100.19,4710.7
2026-01-09,Direct,Mobile,350,281,785,0.441,99.0,12.0,11122.83,0.0
2026-01-20,Email,Desktop,212,181,514,0.325,187.0,11.0,10057.91,249.16
2026-02-23,Social Media,Desktop,339,286,817,0.519,157.0,8.0,5940.24,1098.01
2026-04-10,Social Media,Mobile,431,362,1380,0.538,163.0,5.0,3257.3,1452.39
2026-04-07,Direct,Desktop,288,237,756,0.405,192.0,5.0,5589.72,0.0
2026-06-26,Direct,Mobile,424,376,1296,0.374,115.0,11.0,10705.05,0.0
2026-01-25,Paid Search,Desktop,323,272,700,0.438,145.0,7.0,6888.61,2988.74
2026-06-25,Direct,Desktop,353,289,871,0.397,174.0,13.0,12016.17,0.0
2026-05-17,Direct,Tablet,171,146,367,0.418,115.0,7.0,6812.23,0.0
2026-06-12,Email,Mobile,289,251,999,0.333,137.0,16.0,15458.45,314.74
2026-10-18,Social Media,Mobile,309,271,996,0.563,117.0,8.0,4432.11,968.35
2026-09-14,Organic Search,Desktop,604,486,1555,0.368,253.0,18.0,13019.75,0.0
2026-07-02,Paid Search,Desktop,452,397,1260,0.36,176.0,19.0,14414.62,4260.37
2026-01-27,Social Media,Tablet,159,125,438,0.537,163.0,2.0,1112.74,481.95
2026-05-01,Social Media,Mobile,434,358,1291,0.554,107.0,9.0,5094.98,1247.3
2026-12-02,Social Media,Mobile,299,267,1002,0.492,152.0,3.0,1671.82,927.73
2026-05-03,Organic Search,Mobile,592,525,1342,0.455,100.0,15.0,12532.39,0.0
2026-09-13,Organic Search,Desktop,608,480,1943,0.345,221.0,18.0,17394.69,0.0
2026-03-24,Paid Search,Mobile,506,425,1239,0.489,118.0,10.0,9520.76,3908.74
2026-03-01,Direct,Mobile,226,197,516,0.378,88.0,2.0,1896.31,0.0
2026-07-30,Social Media,Desktop,427,343,907,0.596,148.0,7.0,4657.12,1384.88
2026-05-29,Direct,Tablet,166,134,381,0.387,172.0,9.0,9776.7,0.0
2026-11-12,Direct,Tablet,74,59,164,0.404,176.0,6.0,5825.88,0.0
2026-07-08,Email,Tablet,128,102,410,0.369,140.0,9.0,8511.09,154.84
2026-04-12,Social Media,Mobile,394,317,1003,0.566,110.0,6.0,3320.29,1386.13
2026-11-19,Referral,Desktop,172,139,564,0.397,160.0,3.0,2409.61,323.8
2026-01-05,Social Media,Mobile,447,398,941,0.571,109.0,3.0,1789.96,1600.17
2026-01-10,Paid Search,Tablet,140,117,429,0.41,135.0,3.0,1901.13,1025.81
2026-10-27,Referral,Mobile,123,104,429,0.453,85.0,3.0,2242.86,248.5
2026-10-15,Organic Search,Tablet,183,162,542,0.412,106.0,6.0,5724.19,0.0
2026-06-03,Organic Search,Mobile,726,634,1727,0.49,130.0,21.0,21335.01,0.0
2026-11-16,Referral,Mobile,172,151,396,0.358,139.0,8.0,5514.21,263.96
2026-10-03,Referral,Tablet,83,71,286,0.401,134.0,0.0,0.0,148.58
2026-10-13,Referral,Mobile,228,192,751,0.46,152.0,5.0,2894.85,446.53
2026-06-18,Social Media,Tablet,185,164,627,0.515,203.0,2.0,1340.82,573.76
2026-03-17,Organic Search,Tablet,165,149,568,0.356,167.0,3.0,2541.73,0.0
2026-01-10,Referral,Tablet,103,84,229,0.489,174.0,5.0,3814.01,200.46
2026-01-22,Organic Search,Desktop,641,537,1360,0.43,202.0,25.0,17380.42,0.0
2026-09-16,Social Media,Mobile,390,310,985,0.531,118.0,6.0,4317.01,1355.54
2026-09-20,Social Media,Desktop,254,210,831,0.544,177.0,7.0,4886.81,709.64
2026-05-26,Social Media,Mobile,515,440,1095,0.558,105.0,9.0,4435.49,1776.13
2026-04-11,Paid Search,Desktop,465,409,1572,0.433,196.0,11.0,9159.94,3979.56
2026-10-20,Email,Tablet,115,101,309,0.273,160.0,3.0,2665.34,133.87
2026-09-17,Social Media,Mobile,457,398,1506,0.566,75.0,12.0,9026.77,1563.65
2026-06-17,Direct,Desktop,351,302,926,0.353,183.0,19.0,18413.46,0.0
2026-07-05,Email,Mobile,290,237,675,0.378,120.0,14.0,14038.14,372.36
2026-02-11,Direct,Tablet,20,18,52,0.325,160.0,1.0,992.98,0.0
2026-11-11,Paid Search,Mobile,474,411,1530,0.532,124.0,11.0,8240.65,3608.07
2026-10-16,Organic Search,Desktop,559,499,1769,0.382,189.0,23.0,20073.77,0.0
2026-04-24,Organic Search,Desktop,641,574,1477,0.398,165.0,25.0,24106.25,0.0
2026-12-26,Organic Search,Tablet,158,139,443,0.385,144.0,7.0,6776.94,0.0
2026-01-03,Direct,Tablet,104,82,363,0.324,153.0,2.0,2005.84,0.0
2026-03-08,Organic Search,Desktop,553,474,1722,0.359,201.0,26.0,17402.24,0.0
2026-06-02,Paid Search,Tablet,142,113,333,0.54,164.0,4.0,2545.75,1093.93
2026-12-19,Paid Search,Mobile,389,353,1093,0.529,124.0,10.0,8275.73,2938.18
2026-11-27,Paid Search,Desktop,379,312,1106,0.462,168.0,7.0,5770.71,3078.61
2026-07-14,Direct,Desktop,319,285,1000,0.338,185.0,16.0,16024.31,0.0
2026-04-03,Referral,Mobile,245,220,710,0.482,151.0,9.0,6752.29,494.12
2026-09-16,Referral,Tablet,98,80,269,0.46,65.0,0.0,0.0,169.06
2026-11-25,Social Media,Desktop,376,301,1301,0.534,233.0,11.0,6443.72,1343.88
2026-06-21,Social Media,Mobile,430,388,966,0.577,99.0,6.0,3949.09,1393.48
2026-01-18,Organic Search,Tablet,164,139,471,0.41,170.0,5.0,4061.95,0.0
2026-04-14,Social Media,Tablet,74,65,160,0.483,141.0,3.0,1782.41,245.67
2026-03-06,Organic Search,Mobile,645,549,1876,0.436,111.0,9.0,8185.64,0.0
2026-02-10,Direct,Mobile,320,284,982,0.435,117.0,15.0,13257.65,0.0
2026-08-22,Organic Search,Mobile,565,496,1547,0.38,131.0,17.0,12950.08,0.0
2026-01-27,Paid Search,Mobile,463,380,1578,0.412,140.0,13.0,9793.32,3900.3
2026-11-01,Social Media,Desktop,318,272,793,0.496,150.0,10.0,7312.63,1026.0
2026-10-05,Email,Desktop,203,171,705,0.274,186.0,11.0,9785.34,244.42
2026-06-25,Organic Search,Desktop,677,570,1569,0.375,216.0,19.0,17800.46,0.0
2026-07-04,Organic Search,Mobile,643,562,1785,0.436,108.0,18.0,13671.33,0.0
2026-04-03,Direct,Tablet,45,35,120,0.312,111.0,3.0,2824.55,0.0
2026-05-20,Direct,Tablet,151,133,321,0.403,159.0,4.0,4136.56,0.0
2026-12-10,Referral,Tablet,34,26,95,0.433,163.0,1.0,659.23,52.13
2026-03-20,Social Media,Tablet,70,56,154,0.53,151.0,0.0,0.0,247.37
2026-12-06,Email,Mobile,297,266,893,0.377,99.0,11.0,10799.36,308.2
2026-09-02,Referral,Desktop,149,135,504,0.401,171.0,4.0,2563.68,303.7
2026-05-22,Email,Mobile,388,333,1147,0.301,140.0,11.0,11494.63,531.78
2026-03-07,Email,Tablet,58,46,126,0.31,143.0,3.0,3236.95,76.09
2026-11-14,Email,Mobile,197,163,471,0.33,134.0,12.0,11375.85,258.63
2026-01-28,Email,Mobile,219,176,556,0.38,133.0,16.0,15354.38,275.64
2026-05-05,Organic Search,Mobile,784,656,2180,0.453,138.0,29.0,31005.95,0.0
2026-06-28,Organic Search,Tablet,166,130,502,0.383,170.0,6.0,6339.45,0.0
2026-02-01,Paid Search,Desktop,249,202,775,0.444,158.0,9.0,7127.39,2228.09
2026-01-06,Paid Search,Desktop,355,298,1099,0.442,198.0,7.0,5724.7,2573.26
2026-10-30,Referral,Tablet,20,17,46,0.377,144.0,1.0,756.61,38.34
2026-08-13,Social Media,Desktop,321,271,982,0.571,228.0,4.0,2743.01,1011.09
2026-03-20,Organic Search,Mobile,751,628,1712,0.387,103.0,15.0,13135.61,0.0
2026-03-08,Email,Tablet,103,88,333,0.325,120.0,7.0,6430.0,123.15
2026-04-22,Social Media,Desktop,425,344,1201,0.529,152.0,8.0,5766.05,1557.64
2026-02-25,Referral,Desktop,240,195,573,0.384,143.0,7.0,5554.32,441.61
2026-01-18,Referral,Mobile,169,139,564,0.423,72.0,5.0,3609.98,303.68
2026-01-14,Direct,Tablet,91,72,278,0.369,155.0,2.0,1873.91,0.0
2026-08-19,Organic Search,Mobile,795,636,2364,0.469,153.0,20.0,18111.03,0.0
2026-05-13,Direct,Mobile,463,399,1442,0.381,107.0,13.0,13142.9,0.0
2026-06-12,Social Media,Desktop,449,384,1480,0.53,228.0,14.0,9015.82,1436.59
2026-08-21,Social Media,Mobile,464,366,1271,0.524,137.0,2.0,1121.36,1705.4
2026-02-11,Social Media,Tablet,121,100,270,0.51,151.0,2.0,1443.33,427.75
2026-07-09,Social Media,Tablet,186,158,601,0.513,125.0,4.0,1981.94,683.16
2026-10-29,Paid Search,Desktop,395,328,973,0.477,169.0,11.0,10455.13,3758.95
2026-09-18,Referral,Mobile,154,127,401,0.502,121.0,3.0,1853.82,251.58
2026-10-10,Email,Mobile,219,183,762,0.317,126.0,11.0,10423.47,289.86
2026-11-03,Direct,Tablet,119,100,373,0.38,176.0,4.0,4238.29,0.0
2026-06-09,Paid Search,Desktop,491,436,1455,0.473,214.0,19.0,14037.42,3905.12
2026-01-06,Organic Search,Mobile,562,438,1580,0.371,85.0,16.0,13038.48,0.0
2026-05-28,Social Media,Mobile,365,325,817,0.561,115.0,10.0,4503.46,1203.16
2026-01-18,Direct,Desktop,257,221,790,0.421,179.0,15.0,17539.57,0.0
2026-09-26,Organic Search,Desktop,478,377,1053,0.419,197.0,15.0,10846.1,0.0
2026-06-19,Organic Search,Mobile,753,661,1651,0.437,195.0,22.0,14786.73,0.0
2026-09-19,Email,Tablet,20,16,65,0.363,152.0,1.0,864.01,22.91
2026-07-10,Email,Tablet,273,242,709,0.35,149.0,11.0,8911.78,353.06
2026-09-06,Organic Search,Desktop,494,420,1212,0.366,179.0,17.0,13804.0,0.0
2026-06-07,Social Media,Mobile,405,327,1296,0.572,120.0,6.0,3459.72,1377.9
2026-04-27,Social Media,Desktop,458,411,1206,0.482,200.0,12.0,6734.84,1677.06
2026-11-13,Paid Search,Mobile,433,384,1395,0.46,95.0,13.0,12222.72,3714.27
2026-01-01,Referral,Tablet,20,16,63,0.434,199.0,0.0,0.0,36.77
2026-07-01,Email,Mobile,471,424,1330,0.34,170.0,23.0,21393.0,539.46
2026-07-23,Paid Search,Tablet,190,168,522,0.487,118.0,4.0,3875.08,1782.55
2026-12-09,Email,Desktop,228,199,577,0.317,173.0,14.0,11909.96,236.32
2026-05-09,Organic Search,Desktop,516,412,1220,0.4,203.0,22.0,16918.45,0.0
2026-10-19,Direct,Mobile,278,237,836,0.392,141.0,6.0,5177.04,0.0
2026-07-24,Direct,Tablet,26,21,63,0.357,155.0,0.0,0.0,0.0
2026-08-17,Organic Search,Mobile,660,598,1945,0.445,117.0,20.0,17498.38,0.0
2026-08-19,Organic Search,Desktop,572,475,1988,0.332,223.0,16.0,12900.95,0.0
2026-04-15,Referral,Mobile,178,141,609,0.408,149.0,2.0,1586.28,287.31
2026-05-06,Direct,Tablet,116,96,333,0.363,187.0,2.0,1875.26,0.0
2026-10-24,Referral,Desktop,135,121,411,0.409,174.0,4.0,4045.14,274.88
2026-03-06,Social Media,Desktop,422,338,1084,0.539,163.0,7.0,5342.93,1523.78
2026-12-02,Email,Desktop,225,182,555,0.257,150.0,16.0,12823.48,253.39
2026-09-27,Paid Search,Desktop,374,323,977,0.486,155.0,11.0,7390.94,3610.85
2026-11-20,Social Media,Mobile,337,263,747,0.576,139.0,7.0,4664.1,1054.48
2026-09-09,Direct,Mobile,358,314,970,0.412,121.0,18.0,19844.12,0.0
2026-11-20,Social Media,Tablet,187,153,604,0.568,140.0,6.0,3748.53,608.25
2026-09-26,Referral,Mobile,205,168,442,0.316,153.0,3.0,2294.69,395.44
2026-07-09,Organic Search,Tablet,341,289,1127,0.359,192.0,12.0,10411.24,0.0
2026-09-20,Email,Tablet,131,111,379,0.409,164.0,6.0,6263.94,163.95
2026-05-12,Direct,Desktop,354,310,854,0.419,210.0,12.0,9030.32,0.0
2026-09-21,Organic Search,Desktop,572,503,1257,0.381,176.0,15.0,12890.94,0.0
2026-01-15,Direct,Mobile,246,223,781,0.321,107.0,4.0,3808.13,0.0
2026-09-25,Email,Desktop,253,211,759,0.206,190.0,11.0,9383.65,312.99
2026-06-11,Paid Search,Mobile,635,519,2078,0.449,126.0,24.0,19689.56,5326.63
2026-05-11,Social Media,Desktop,518,408,1336,0.516,189.0,10.0,6970.26,1708.74
2026-02-21,Direct,Tablet,118,96,388,0.342,131.0,4.0,3171.13,0.0
2026-11-23,Direct,Desktop,362,297,1169,0.392,203.0,19.0,20434.89,0.0
2026-08-31,Email,Tablet,190,154,504,0.27,147.0,10.0,10327.34,221.76
2026-01-01,Direct,Tablet,122,104,286,0.292,151.0,6.0,6019.61,0.0
2026-05-26,Paid Search,Tablet,260,207,700,0.468,163.0,9.0,6750.42,2165.33
2026-10-26,Referral,Mobile,220,183,723,0.465,120.0,5.0,3933.76,378.92
2026-11-01,Email,Tablet,83,72,256,1.15,151.0,3.0,2984.79,96.62
2026-01-01,Social Media,Tablet,128,109,369,0.552,141.0,2.0,1471.6,398.36
2026-11-07,Email,Desktop,263,233,628,0.374,155.0,18.0,17790.6,303.02
2026-04-14,Referral,Desktop,195,172,543,0.383,202.0,3.0,2021.65,342.66
2026-01-19,Social Media,Tablet,121,102,414,0.518,150.0,6.0,4624.46,332.85
2026-02-27,Social Media,Tablet,124,104,358,0.455,160.0,1.0,637.49,453.15
2026-05-05,Social Media,Mobile,572,483,1609,0.582,122.0,16.0,11027.54,1864.49
2026-09-05,Social Media,Tablet,146,120,433,0.467,106.0,2.0,1150.89,450.26
2026-07-01,Referral,Tablet,83,72,279,0.359,137.0,4.0,2826.48,138.01
2026-12-30,Referral,Tablet,40,33,88,0.347,149.0,2.0,1323.28,75.58
2026-10-11,Social Media,Tablet,59,49,152,0.531,158.0,2.0,1373.36,194.28
2026-09-10,Referral,Mobile,116,92,290,0.415,148.0,5.0,2958.78,197.5
2026-09-02,Paid Search,Tablet,151,125,488,0.405,86.0,3.0,2589.46,1363.93
2026-05-15,Organic Search,Desktop,592,481,1249,0.395,174.0,20.0,15276.37,0.0
2026-06-01,Paid Search,Mobile,631,544,1488,0.576,148.0,19.0,13538.06,5813.48
2026-03-18,Organic Search,Tablet,178,151,432,0.371,137.0,8.0,7138.38,0.0
2026-11-11,Organic Search,Desktop,491,431,1466,0.326,215.0,14.0,11241.98,0.0
2026-10-02,Referral,Desktop,146,119,424,0.322,203.0,3.0,2162.56,289.59
2026-12-28,Social Media,Mobile,365,308,986,0.59,92.0,5.0,3933.93,1055.46
2026-10-18,Email,Mobile,223,201,516,0.28,121.0,7.0,6434.14,238.0
2026-03-10,Email,Tablet,116,101,359,0.357,138.0,5.0,4491.45,134.85
2026-05-03,Direct,Tablet,87,78,208,0.288,132.0,7.0,6562.91,0.0
2026-05-13,Direct,Desktop,304,251,1048,0.347,197.0,4.0,3443.21,0.0
2026-12-25,Paid Search,Desktop,397,314,847,0.458,180.0,14.0,10926.05,3403.0
2026-07-14,Direct,Mobile,365,320,997,0.443,88.0,11.0,10462.75,0.0
2026-02-14,Social Media,Tablet,221,179,669,0.561,155.0,6.0,3998.81,694.89
2026-05-11,Social Media,Mobile,498,415,1665,0.619,93.0,9.0,6564.53,1360.03
2026-07-21,Paid Search,Mobile,575,483,1267,0.475,160.0,23.0,19386.96,5224.27
2026-03-31,Direct,Tablet,132,117,368,0.342,200.0,12.0,11153.68,0.0
2026-12-15,Paid Search,Tablet,186,156,649,0.383,89.0,7.0,5294.8,1708.57
2026-01-11,Referral,Mobile,163,131,355,0.417,115.0,6.0,4182.98,266.28
2026-08-11,Social Media,Desktop,429,335,1071,0.605,190.0,6.0,4658.78,1168.19
2026-12-03,Direct,Desktop,335,298,782,0.357,193.0,16.0,16958.84,0.0
2026-04-23,Social Media,Tablet,99,90,253,0.591,94.0,1.0,567.91,288.44
2026-10-08,Paid Search,Mobile,521,471,1742,0.485,170.0,17.0,12990.65,4682.95
2026-01-25,Organic Search,Desktop,490,418,1369,0.395,194.0,14.0,14527.99,0.0
2026-04-25,Email,Tablet,20,16,46,0.274,139.0,3.0,2748.81,20.97
2026-09-23,Paid Search,Mobile,582,458,1525,0.441,147.0,16.0,13374.86,4707.4
2026-11-15,Email,Desktop,248,208,635,0.36,184.0,21.0,22361.17,259.41
2026-05-01,Paid Search,Mobile,571,487,1205,0.465,153.0,14.0,12583.35,4712.74
2026-10-11,Paid Search,Tablet,131,107,318,0.404,106.0,7.0,6438.5,1232.56
2026-07-02,Direct,Tablet,212,192,678,0.365,139.0,17.0,16740.52,0.0
2026-01-05,Direct,Desktop,265,239,835,0.314,176.0,16.0,12950.96,0.0
2026-11-04,Organic Search,Tablet,258,217,647,0.346,156.0,12.0,7354.56,0.0
2026-05-20,Social Media,Mobile,361,326,1118,0.58,135.0,4.0,2468.52,1056.44
2026-07-15,Direct,Mobile,420,345,1071,0.44,129.0,19.0,18224.36,0.0
2026-01-24,Email,Tablet,62,54,190,0.287,149.0,0.0,0.0,80.7
2026-08-29,Social Media,Tablet,103,84,326,0.516,114.0,4.0,2235.98,350.45
2026-11-25,Direct,Tablet,124,99,426,0.332,171.0,4.0,3345.52,0.0
2026-08-01,Email,Mobile,330,265,921,0.327,98.0,13.0,12842.79,399.13
2026-05-02,Paid Search,Mobile,382,309,984,0.447,118.0,11.0,8047.71,3229.16
2026-03-21,Email,Tablet,59,48,163,0.339,109.0,5.0,4619.66,65.75
2026-12-04,Email,Tablet,41,35,141,0.309,157.0,2.0,1640.11,50.24
2026-11-16,Direct,Mobile,256,212,747,0.406,89.0,13.0,13624.73,0.0
2026-02-28,Paid Search,Desktop,383,337,1253,0.433,203.0,14.0,9651.26,2969.37
2026-12-28,Organic Search,Mobile,553,448,1376,0.426,59.0,19.0,13611.59,0.0
2026-12-25,Direct,Tablet,94,80,230,0.333,131.0,2.0,1968.05,0.0
2026-04-16,Social Media,Mobile,498,414,1049,0.605,116.0,7.0,5510.78,1582.79
2026-01-11,Paid Search,Tablet,91,75,245,0.48,151.0,3.0,1961.92,707.48
2026-04-06,Email,Tablet,85,69,262,0.377,130.0,5.0,4874.84,101.31
2026-04-07,Organic Search,Mobile,718,612,1872,0.424,150.0,18.0,14610.4,0.0
2026-11-02,Social Media,Tablet,48,40,137,0.532,129.0,1.0,535.34,144.58
2026-07-25,Referral,Desktop,155,124,392,0.435,186.0,5.0,4995.93,293.06
2026-09-11,Direct,Mobile,439,391,1504,0.365,101.0,23.0,18725.81,0.0
2026-12-22,Paid Search,Tablet,205,176,503,0.479,128.0,3.0,1755.28,1914.74
2026-01-28,Organic Search,Desktop,581,458,1371,0.35,151.0,16.0,13746.44,0.0
2026-07-29,Paid Search,Desktop,469,388,1391,0.399,151.0,21.0,16285.61,4438.61
2026-11-16,Direct,Tablet,121,104,343,0.335,133.0,1.0,1047.51,0.0
2026-07-21,Referral,Mobile,214,181,505,0.501,91.0,10.0,5345.72,429.84
2026-09-11,Email,Desktop,330,264,1103,0.267,199.0,18.0,17232.1,354.34
2026-09-27,Email,Desktop,252,205,634,0.304,176.0,14.0,12760.55,273.65
2026-02-07,Referral,Tablet,20,17,50,0.446,110.0,0.0,0.0,36.54
2026-03-20,Social Media,Mobile,382,344,1188,0.597,121.0,3.0,1675.45,1293.14
2026-11-13,Referral,Desktop,97,87,275,0.339,162.0,0.0,0.0,192.24
2026-10-24,Direct,Mobile,226,198,526,0.355,155.0,8.0,7929.02,0.0
2026-01-13,Direct,Desktop,268,223,847,0.273,196.0,12.0,11807.63,0.0
2026-11-27,Organic Search,Desktop,525,468,1258,0.439,138.0,17.0,17311.26,0.0
2026-04-29,Social Media,Mobile,452,373,1463,0.563,172.0,15.0,7339.64,1530.94
2026-05-29,Email,Desktop,235,186,536,0.32,144.0,11.0,9718.07,250.15
2026-07-03,Email,Desktop,270,237,701,0.339,225.0,15.0,13494.57,370.2
2026-07-31,Paid Search,Tablet,259,231,624,0.447,185.0,3.0,2222.27,2013.03
2026-03-12,Organic Search,Mobile,676,558,1428,0.393,124.0,20.0,14438.57,0.0
2026-04-18,Social Media,Tablet,149,127,359,0.536,165.0,4.0,2341.42,488.89
2026-03-11,Email,Tablet,80,71,168,0.328,160.0,5.0,3777.01,107.45
2026-10-01,Direct,Mobile,397,360,917,0.408,126.0,13.0,12496.66,0.0
2026-03-20,Referral,Mobile,222,173,519,0.379,103.0,1.0,532.91,403.6
2026-02-04,Email,Mobile,271,222,720,0.297,89.0,10.0,10395.98,291.94
2026-11-07,Direct,Tablet,60,51,195,0.339,153.0,0.0,0.0,0.0
2026-07-18,Direct,Tablet,107,93,323,0.375,138.0,2.0,1821.21,0.0
2026-08-09,Referral,Tablet,20,17,55,0.447,147.0,0.0,0.0,34.16
2026-06-17,Organic Search,Desktop,691,585,2081,0.356,196.0,17.0,12589.15,0.0
2026-04-18,Organic Search,Desktop,490,382,1401,0.477,178.0,10.0,7958.36,0.0
2026-04-20,Referral,Mobile,259,213,703,0.401,91.0,6.0,4697.12,396.7
2026-01-15,Organic Search,Tablet,138,125,381,0.38,189.0,3.0,2541.58,0.0
2026-03-03,Paid Search,Desktop,426,380,1340,0.417,214.0,5.0,3580.07,3556.15
2026-12-05,Social Media,Desktop,285,229,879,0.549,167.0,2.0,1953.86,1004.47
2026-01-13,Paid Search,Tablet,125,109,316,0.476,130.0,6.0,4346.18,1084.44
2026-07-02,Organic Search,Desktop,648,567,1984,0.357,183.0,15.0,10115.62,0.0
2026-05-04,Direct,Mobile,426,363,1291,0.399,152.0,13.0,12389.26,0.0
2026-01-04,Email,Tablet,92,80,243,0.314,147.0,3.0,2863.39,99.26
2026-10-21,Organic Search,Mobile,713,648,1819,0.488,105.0,14.0,12539.42,0.0
2026-03-09,Email,Desktop,335,287,802,0.335,190.0,15.0,14262.14,442.38
2026-04-28,Paid Search,Mobile,530,467,1725,0.466,108.0,12.0,9063.88,5094.78
2026-10-19,Organic Search,Desktop,570,456,1251,0.423,209.0,19.0,17344.99,0.0
2026-10-30,Paid Search,Desktop,370,300,846,0.458,151.0,6.0,4494.33,3111.13
2026-06-08,Paid Search,Desktop,511,409,1462,0.409,216.0,17.0,16001.33,4269.86
2026-03-07,Paid Search,Tablet,136,120,319,0.463,147.0,3.0,2485.59,1030.28
2026-06-25,Email,Desktop,306,246,673,0.291,177.0,20.0,18471.75,378.59
2026-03-09,Social Media,Desktop,391,354,916,0.539,184.0,7.0,4492.05,1371.23
2026-08-07,Referral,Mobile,140,116,307,0.454,126.0,4.0,3112.7,262.31
2026-12-19,Organic Search,Mobile,469,401,1457,0.436,139.0,18.0,16191.28,0.0
2026-02-27,Direct,Mobile,391,319,1282,0.365,102.0,13.0,13917.81,0.0
2026-09-29,Social Media,Mobile,420,380,1120,0.5,119.0,4.0,2360.05,1216.17
2026-06-06,Email,Mobile,326,271,787,0.374,159.0,21.0,22601.8,373.58
2026-11-02,Email,Mobile,327,293,726,0.386,161.0,15.0,12293.57,387.29
2026-06-27,Direct,Mobile,301,258,1034,0.438,120.0,16.0,16620.12,0.0
2026-04-21,Direct,Desktop,326,280,1046,0.346,174.0,13.0,11787.43,0.0
2026-08-08,Paid Search,Tablet,126,111,372,0.411,109.0,3.0,2412.96,992.13
2026-01-21,Referral,Mobile,249,215,795,0.387,113.0,3.0,2755.8,417.26
2026-01-31,Paid Search,Desktop,421,329,1045,0.484,166.0,18.0,14238.44,3981.11
2026-03-15,Direct,Tablet,125,100,375,0.394,181.0,5.0,4626.9,0.0
2026-04-27,Email,Mobile,304,269,725,0.367,99.0,15.0,16329.26,322.04
2026-01-17,Paid Search,Desktop,425,359,1481,0.45,205.0,7.0,6488.15,4031.19
2026-12-07,Paid Search,Tablet,105,82,256,0.367,136.0,3.0,2456.62,910.11
2026-11-30,Paid Search,Mobile,536,424,1508,0.528,112.0,19.0,15309.0,4882.66
2026-07-04,Social Media,Tablet,187,155,462,0.504,138.0,5.0,3096.24,579.88
2026-03-08,Social Media,Mobile,405,352,1079,0.543,139.0,2.0,1626.06,1214.32
2026-01-10,Referral,Desktop,117,105,405,0.447,176.0,1.0,710.83,191.34
2026-06-05,Paid Search,Mobile,640,575,1800,0.398,119.0,11.0,7613.08,6037.25
2026-12-03,Paid Search,Mobile,445,378,1264,0.539,141.0,16.0,11793.58,3603.68
2026-03-18,Social Media,Mobile,376,307,885,0.486,116.0,10.0,8081.05,1349.86
2026-03-28,Organic Search,Tablet,149,122,428,0.413,158.0,4.0,3371.42,0.0
2026-01-28,Referral,Desktop,110,88,321,0.337,190.0,2.0,1860.16,222.36
2026-08-05,Referral,Mobile,211,166,698,0.41,124.0,9.0,7600.8,322.86
2026-08-01,Paid Search,Desktop,420,329,1398,0.46,191.0,11.0,9049.79,3049.9
2026-12-30,Email,Tablet,44,39,101,0.353,129.0,1.0,,49.84
2026-07-28,Referral,Tablet,59,50,135,0.332,97.0,1.0,693.72,114.59
2026-12-04,Direct,Mobile,315,281,1007,0.434,172.0,18.0,20587.05,0.0
2026-09-13,Social Media,Mobile,320,286,830,0.544,66.0,3.0,1866.21,993.45
2026-12-29,Email,Tablet,77,67,266,0.379,148.0,4.0,3985.35,89.65
2026-03-29,Paid Search,Desktop,418,376,1048,0.444,182.0,15.0,12156.83,3595.55
2026-10-11,Referral,Tablet,37,31,96,0.394,177.0,0.0,0.0,75.38
2026-08-20,Email,Tablet,97,80,328,0.272,133.0,3.0,3128.23,110.79
2026-04-06,Referral,Mobile,238,207,575,0.412,107.0,4.0,2970.4,419.56
2026-10-13,Social Media,Mobile,450,395,1444,0.561,102.0,13.0,7304.99,1486.52
2026-01-10,Social Media,Desktop,316,267,758,0.515,203.0,5.0,2712.62,1146.9
2026-06-03,Paid Search,Mobile,672,544,2194,0.521,113.0,18.0,12007.63,5318.46
2026-08-14,Paid Search,Mobile,583,507,1514,0.479,111.0,19.0,17734.54,4237.72
2026-06-23,Email,Tablet,204,167,652,0.325,154.0,13.0,10863.89,271.5
2026-05-14,Paid Search,Mobile,570,484,1631,0.524,84.0,11.0,8709.48,5376.57
2026-04-24,Email,Tablet,146,122,353,0.246,115.0,4.0,4195.54,176.87
2026-01-18,Direct,Mobile,266,222,683,0.368,153.0,9.0,9040.21,0.0
2026-03-31,Paid Search,Mobile,591,522,1555,0.476,99.0,19.0,13907.22,4851.13
2026-11-28,Referral,Mobile,164,148,533,0.395,149.0,4.0,3102.14,337.06
2026-08-30,Organic Search,Desktop,574,458,1801,0.337,175.0,22.0,20333.19,0.0
2026-03-21,Direct,Tablet,182,160,470,0.304,166.0,10.0,9289.63,0.0
2026-06-28,Social Media,Desktop,353,306,768,0.538,205.0,9.0,5242.3,1024.9
2026-07-17,Email,Desktop,392,342,845,0.328,173.0,27.0,21782.25,447.51
2026-10-11,Direct,Mobile,273,231,906,0.394,162.0,9.0,8114.35,0.0
2026-01-29,Organic Search,Tablet,221,188,558,0.394,156.0,8.0,8178.26,0.0
2026-05-27,Referral,Mobile,258,203,654,0.44,80.0,6.0,5293.87,468.7
2026-06-24,Email,Mobile,380,342,1202,0.301,151.0,24.0,22127.35,491.89
2026-01-13,Organic Search,Desktop,509,439,1212,0.373,170.0,16.0,14625.59,0.0
2026-10-20,Paid Search,Mobile,522,449,1758,0.469,109.0,9.0,6825.27,4849.88
2026-08-23,Social Media,Tablet,164,135,462,0.539,129.0,4.0,2393.01,523.06
2026-03-25,Referral,Desktop,169,149,368,0.361,202.0,5.0,3516.03,297.67
2026-07-03,Paid Search,Mobile,577,474,1739,0.434,109.0,10.0,7623.38,4332.84
2026-03-29,Email,Desktop,233,186,556,0.275,164.0,8.0,8947.76,266.44
2026-07-20,Email,Tablet,81,68,282,0.315,138.0,6.0,5704.88,109.91
2026-03-23,Email,Mobile,252,215,822,0.373,141.0,10.0,8903.37,345.73
2026-05-06,Direct,Mobile,353,291,744,0.394,111.0,17.0,15978.72,0.0
2026-10-31,Organic Search,Tablet,146,124,382,0.458,152.0,3.0,2783.87,0.0
2026-01-19,Email,Desktop,231,206,707,0.334,182.0,16.0,13189.06,274.57
2026-08-22,Paid Search,Mobile,434,345,1361,0.477,113.0,12.0,8187.27,3145.29
2026-12-31,Direct,Tablet,51,42,116,0.348,129.0,0.0,0.0,0.0
2026-06-05,Email,Tablet,61,51,132,0.214,136.0,5.0,4712.92,75.14
2026-12-09,Social Media,Desktop,336,286,907,0.531,155.0,6.0,3065.64,960.25
2026-12-08,Direct,Desktop,217,193,723,0.443,170.0,10.0,10505.7,0.0
2026-09-02,Paid Search,Desktop,354,296,1128,0.428,179.0,7.0,7439.44,3315.86
2026-11-21,Direct,Desktop,268,210,934,0.398,146.0,10.0,10034.91,0.0
2026-08-25,Email,Desktop,219,191,667,0.341,195.0,15.0,14124.6,229.9
2026-03-27,Direct,Mobile,411,351,1239,0.412,114.0,20.0,16585.53,0.0
2026-03-20,Social Media,Desktop,356,281,1156,0.5,194.0,9.0,5909.11,1142.3
2026-07-23,Paid Search,Mobile,600,541,1996,0.436,152.0,15.0,12868.24,5182.4
2026-01-25,Paid Search,Tablet,67,56,185,0.523,184.0,3.0,2796.32,578.59
2026-10-12,Organic Search,Tablet,229,183,742,0.353,140.0,7.0,5996.53,0.0
2026-02-11,Referral,Tablet,57,50,119,0.384,135.0,2.0,1239.58,89.25
2026-06-11,Organic Search,Tablet,228,187,792,0.399,113.0,6.0,4160.85,0.0
2026-04-23,Referral,Desktop,209,187,580,0.399,171.0,9.0,6074.65,413.19
2026-10-29,Direct,Tablet,185,153,590,0.344,143.0,8.0,7229.06,0.0
2026-04-29,Direct,Tablet,142,116,488,0.327,123.0,7.0,7348.34,0.0
2026-11-09,Paid Search,Desktop,395,344,894,0.432,185.0,13.0,9785.12,3265.6
2026-11-29,Email,Desktop,249,204,596,0.307,201.0,13.0,13733.49,321.68
2026-01-15,Social Media,Mobile,421,355,957,0.674,134.0,9.0,5406.43,1390.26
2026-03-02,Referral,Tablet,90,70,264,0.409,153.0,3.0,2699.0,174.25
2026-03-05,Referral,Desktop,114,89,313,0.329,171.0,2.0,1467.14,188.38
2026-08-12,Direct,Tablet,137,107,316,0.348,123.0,6.0,5151.31,0.0
2026-08-30,Email,Desktop,228,197,788,0.335,135.0,14.0,11388.19,292.48
2026-07-26,Direct,Tablet,155,134,459,0.323,159.0,9.0,8861.54,0.0
2026-08-08,Organic Search,Tablet,173,135,464,0.334,155.0,6.0,4847.79,0.0
2026-10-10,Paid Search,Tablet,24,19,60,0.342,165.0,1.0,903.52,174.52
2026-10-24,Email,Mobile,271,226,626,0.425,79.0,13.0,12455.0,283.4
2026-02-03,Paid Search,Tablet,192,165,409,0.436,147.0,8.0,6169.6,1766.73
2026-01-03,Email,Desktop,230,189,772,0.319,191.0,12.0,10862.97,247.65
2026-12-29,Paid Search,Tablet,186,153,522,0.508,139.0,6.0,4383.01,1483.96
2026-11-30,Social Media,Desktop,371,297,1182,0.504,141.0,7.0,4887.98,1328.37
2026-12-03,Email,Desktop,262,235,880,0.322,193.0,15.0,11753.91,359.08
2026-08-20,Referral,Desktop,185,166,587,0.402,186.0,6.0,6112.19,374.04
2026-05-06,Paid Search,Mobile,573,499,1652,0.503,136.0,12.0,10459.79,4935.43
2026-01-18,Referral,Tablet,84,74,273,0.414,151.0,5.0,4641.19,170.79
2026-12-04,Referral,Mobile,109,95,341,0.435,127.0,2.0,1850.84,193.6
2026-07-22,Paid Search,Tablet,189,160,620,0.452,134.0,9.0,5030.41,1675.32
2026-06-22,Social Media,Mobile,455,399,1438,0.658,138.0,6.0,4231.61,1459.1
2026-12-18,Organic Search,Mobile,583,509,1713,0.476,139.0,10.0,8787.65,0.0
2026-12-06,Direct,Mobile,307,279,1060,0.39,130.0,17.0,15981.45,0.0
2026-03-07,Direct,Mobile,279,242,632,0.363,73.0,6.0,6335.58,0.0
2026-12-30,Paid Search,Tablet,172,141,505,0.46,172.0,1.0,761.94,1523.74
2026-05-20,Email,Tablet,171,147,480,0.327,135.0,5.0,4551.05,223.21
2026-01-13,Referral,Desktop,192,174,667,0.391,203.0,4.0,2593.07,350.5
2026-02-02,Organic Search,Desktop,490,437,1216,0.406,166.0,10.0,8272.53,0.0
2026-03-31,Referral,Desktop,151,130,419,0.445,207.0,2.0,2016.68,298.55
2026-08-04,Email,Tablet,131,112,407,0.393,151.0,8.0,6988.16,164.39
2026-12-09,Referral,Mobile,227,195,726,0.398,78.0,6.0,4304.99,430.14
2026-01-25,Referral,Desktop,121,104,362,0.374,225.0,7.0,4787.39,212.29
2026-09-22,Paid Search,Mobile,513,401,1448,0.482,130.0,22.0,21227.76,3866.62
2026-01-24,Direct,Desktop,191,171,406,0.363,231.0,11.0,10699.17,0.0
2026-11-10,Organic Search,Desktop,540,430,1667,0.427,186.0,19.0,13475.7,0.0
2026-11-10,Referral,Mobile,271,224,604,0.423,106.0,4.0,3058.37,429.24
2026-01-23,Direct,Tablet,103,83,352,0.335,158.0,3.0,3433.29,0.0
2026-01-03,Paid Search,Tablet,125,107,279,0.513,168.0,6.0,4699.83,1208.77
2026-10-27,Paid Search,Desktop,404,325,968,0.451,195.0,13.0,11584.48,3626.85
2026-07-06,Direct,Tablet,179,152,441,0.32,131.0,9.0,9673.47,0.0
2026-04-12,Direct,Tablet,177,155,581,0.372,185.0,11.0,11160.05,0.0
2026-05-14,Paid Search,Tablet,150,119,406,0.444,151.0,5.0,3426.22,1197.55
2026-10-06,Referral,Desktop,160,139,517,0.345,161.0,5.0,4084.66,246.12
2026-11-01,Social Media,Tablet,114,100,370,0.589,166.0,2.0,1319.82,403.53
2026-10-20,Email,Mobile,277,230,617,0.28,133.0,10.0,10216.37,380.97
2026-06-19,Paid Search,Tablet,187,161,478,0.492,134.0,6.0,4313.1,1817.77
2026-01-02,Organic Search,Mobile,599,510,1348,0.401,123.0,20.0,17260.55,0.0
2026-07-01,Paid Search,Tablet,263,213,685,0.475,151.0,10.0,9204.47,2547.64
2026-11-08,Referral,Desktop,97,82,266,0.451,195.0,2.0,1624.28,167.13
2026-05-12,Social Media,Desktop,427,355,1399,0.568,179.0,6.0,4152.25,1516.43
2026-11-10,Social Media,Tablet,98,78,320,0.532,165.0,2.0,1197.15,335.8
2026-02-04,Direct,Tablet,104,94,250,0.433,152.0,3.0,3122.67,0.0
2026-07-18,Social Media,Desktop,405,366,1063,0.475,201.0,11.0,7192.39,1436.07
2026-01-12,Organic Search,Mobile,612,543,1467,0.421,150.0,29.0,25652.61,0.0
2026-12-15,Organic Search,Desktop,611,514,1451,0.404,137.0,21.0,16962.94,0.0
2026-07-09,Email,Tablet,100,83,343,0.288,124.0,6.0,6029.49,127.84
2026-06-14,Organic Search,Desktop,441,350,1007,0.357,219.0,15.0,10365.46,0.0
2026-01-03,Referral,Desktop,93,74,296,0.433,175.0,3.0,2200.25,142.56
2026-06-22,Email,Desktop,230,202,586,0.317,152.0,10.0,9756.76,264.09
2026-11-14,Organic Search,Desktop,429,349,1426,0.327,157.0,9.0,6413.41,0.0
2026-02-27,Referral,Mobile,211,188,449,0.424,130.0,2.0,1331.32,430.15
2026-08-18,Organic Search,Desktop,604,538,1473,0.365,173.0,20.0,14319.22,0.0
2026-12-11,Paid Search,Mobile,536,465,1203,0.475,127.0,11.0,6952.59,5082.29
2026-03-07,Paid Search,Mobile,463,398,1342,0.488,82.0,7.0,4745.87,3860.24
2026-05-21,Social Media,Desktop,451,383,1076,0.54,180.0,6.0,2711.63,1383.66
2026-01-06,Email,Tablet,110,95,359,0.305,174.0,4.0,4090.33,122.25
2026-11-06,Email,Desktop,272,240,713,0.364,202.0,18.0,17824.03,310.34
2026-03-30,Referral,Desktop,194,159,495,0.391,136.0,6.0,4402.24,360.49
2026-06-22,Paid Search,Tablet,75,67,211,0.479,147.0,2.0,1554.65,666.2
2026-03-01,Direct,Desktop,240,193,619,0.41,205.0,7.0,7006.8,0.0
2026-09-03,Organic Search,Tablet,259,207,632,0.325,155.0,6.0,5422.86,0.0
2026-02-04,Social Media,Tablet,221,184,563,0.482,137.0,0.0,0.0,610.97
2026-06-17,Referral,Tablet,60,54,195,0.392,166.0,2.0,1405.51,118.47
2026-06-28,Referral,Mobile,151,124,387,0.465,114.0,2.0,1798.66,306.47
2026-07-05,Social Media,Desktop,282,248,984,0.501,124.0,6.0,4592.43,940.57
2026-11-02,Email,Tablet,105,89,298,0.355,122.0,2.0,2218.9,129.88
2026-11-04,Direct,Desktop,306,249,1043,0.319,160.0,10.0,8161.97,0.0
2026-08-29,Social Media,Desktop,249,213,568,0.543,129.0,6.0,4469.28,685.79
2026-12-25,Organic Search,Desktop,509,407,1445,0.394,181.0,15.0,11669.03,0.0
2026-10-10,Direct,Mobile,324,265,972,0.388,163.0,13.0,14807.22,0.0
2026-02-07,Social Media,Desktop,318,278,1095,0.53,202.0,5.0,2922.55,1000.99
2026-11-13,Social Media,Tablet,104,94,344,0.564,177.0,3.0,1553.72,283.84
2026-09-29,Organic Search,Desktop,760,648,2131,0.415,204.0,18.0,12174.4,0.0
2026-06-23,Referral,Tablet,81,63,259,0.414,182.0,0.0,0.0,152.5
2026-07-30,Organic Search,Tablet,225,186,541,0.38,140.0,6.0,4222.9,0.0
2026-02-09,Paid Search,Desktop,390,309,927,0.46,222.0,8.0,5878.38,3576.94
2026-09-17,Organic Search,Mobile,689,541,1495,0.372,113.0,15.0,12500.5,0.0
2026-09-16,Organic Search,Mobile,628,561,1461,0.358,129.0,18.0,14505.0,0.0
2026-12-14,Paid Search,Mobile,364,316,1062,0.46,98.0,14.0,10299.28,3088.32
2026-07-11,Referral,Tablet,123,109,315,0.414,92.0,0.0,0.0,234.48
2026-06-27,Organic Search,Mobile,572,505,1374,0.361,104.0,19.0,15256.99,0.0
2026-07-08,Email,Desktop,339,283,963,0.405,210.0,20.0,17621.69,467.66
2026-11-25,Paid Search,Tablet,263,225,602,0.488,132.0,4.0,3047.27,2161.47
2026-05-15,Social Media,Desktop,405,340,911,0.557,166.0,11.0,9319.02,1399.49
2026-01-30,Paid Search,Tablet,121,107,289,0.456,158.0,5.0,3557.16,1090.21
2026-10-06,Direct,Mobile,274,248,715,0.434,149.0,11.0,9438.27,0.0
2026-08-15,Paid Search,Mobile,462,374,1422,0.502,140.0,17.0,10631.08,4502.08
2026-07-30,Email,Mobile,290,253,836,0.321,135.0,17.0,13302.76,309.6
2026-02-01,Social Media,Mobile,366,289,1115,0.57,112.0,12.0,8267.17,1265.74
2026-02-02,Email,Mobile,300,248,832,0.308,113.0,13.0,13935.38,313.04
2026-05-26,Direct,Mobile,417,327,1063,0.389,154.0,14.0,12827.26,0.0
2026-07-31,Paid Search,Desktop,529,418,1683,0.441,206.0,15.0,12634.39,5062.81
2026-08-07,Paid Search,Desktop,448,389,1495,0.403,212.0,12.0,9481.83,4273.81
2026-12-05,Email,Mobile,222,182,560,0.365,79.0,12.0,10642.03,240.77
2026-03-03,Referral,Tablet,20,16,67,0.389,147.0,0.0,0.0,40.33
2026-11-25,Email,Mobile,301,246,1004,0.337,152.0,11.0,10178.78,324.14
2026-02-10,Email,Mobile,295,240,865,0.326,118.0,18.0,14429.04,350.36
2026-10-06,Social Media,Desktop,393,327,1280,0.48,131.0,8.0,5750.86,1208.6
2026-07-14,Organic Search,Tablet,215,173,745,0.36,114.0,4.0,3361.56,0.0
2026-05-08,Paid Search,Tablet,210,186,629,0.44,167.0,5.0,4310.35,1878.78
2026-01-23,Direct,Desktop,310,266,777,0.386,156.0,9.0,8052.58,0.0
2026-11-17,Social Media,Mobile,297,252,628,0.57,94.0,8.0,5495.0,916.93
2026-01-19,Organic Search,Mobile,627,540,1774,0.387,100.0,15.0,14808.51,0.0
2026-03-11,Organic Search,Tablet,242,213,565,0.311,163.0,5.0,4623.56,0.0
2026-09-11,Paid Search,Desktop,474,390,1117,0.416,176.0,17.0,14474.04,4334.39
2026-05-04,Email,Tablet,209,175,456,0.288,181.0,15.0,13185.39,262.13
2026-01-17,Organic Search,Tablet,138,108,300,0.344,80.0,5.0,4434.68,0.0
2026-10-25,Direct,Mobile,267,229,660,0.362,106.0,13.0,11230.78,0.0
2026-03-08,Email,Desktop,142,111,407,0.317,213.0,7.0,6252.33,156.1
2026-02-18,Organic Search,Mobile,686,569,1466,0.445,117.0,31.0,16855.11,0.0
2026-09-18,Organic Search,Desktop,621,531,2005,0.395,212.0,23.0,19063.47,0.0
2026-08-10,Organic Search,Desktop,641,518,2028,0.419,172.0,18.0,13959.74,0.0
2026-06-04,Referral,Desktop,189,162,533,0.415,174.0,4.0,3024.14,385.51
2026-11-07,Referral,Tablet,75,62,232,0.337,165.0,5.0,3883.04,122.73
2026-10-02,Referral,Tablet,64,53,141,0.374,175.0,4.0,3725.59,115.42
2026-09-30,Email,Mobile,371,313,1227,0.396,127.0,21.0,20125.22,510.21
2026-06-13,Direct,Tablet,150,122,315,0.267,162.0,6.0,5828.26,0.0
2026-02-28,Direct,Mobile,295,244,990,0.425,112.0,14.0,13702.14,0.0
2026-05-08,Referral,Tablet,37,29,81,0.428,163.0,1.0,785.42,63.27
2026-11-05,Email,Mobile,228,179,753,0.346,133.0,8.0,6842.54,249.73
2026-04-28,Social Media,Desktop,415,328,1376,0.604,224.0,8.0,4069.59,1514.5
2026-08-26,Paid Search,Desktop,464,415,1573,0.402,177.0,15.0,10516.27,3506.16
2026-04-25,Paid Search,Tablet,96,78,313,0.417,158.0,4.0,3560.1,813.74
2026-01-21,Email,Tablet,146,128,366,0.305,155.0,9.0,8660.22,186.18
2026-02-25,Paid Search,Mobile,496,432,1654,0.473,105.0,13.0,10192.65,4771.71
2026-03-29,Organic Search,Desktop,533,444,1784,0.372,168.0,14.0,11160.94,0.0
2026-09-24,Paid Search,Desktop,457,360,1492,0.426,183.0,18.0,14830.5,3974.26
2026-10-23,Social Media,Desktop,357,299,1068,0.525,169.0,8.0,5062.54,1304.72
2026-12-14,Social Media,Tablet,50,44,129,0.552,156.0,2.0,1219.96,145.91
2026-12-26,Direct,Mobile,312,267,904,0.401,119.0,10.0,10778.02,0.0
2026-06-24,Organic Search,Mobile,678,597,1507,0.444,116.0,18.0,14507.87,0.0
2026-07-11,Paid Search,Tablet,150,132,483,0.466,182.0,5.0,2470.2,1434.53
2026-11-14,Organic Search,Mobile,493,447,1272,0.373,79.0,18.0,16015.45,0.0
2026-03-12,Paid Search,Desktop,476,416,1491,0.468,169.0,13.0,10187.87,4364.77
2026-04-09,Paid Search,Mobile,588,472,1900,0.439,110.0,10.0,5339.09,5327.84
2026-09-01,Social Media,Tablet,38,34,88,0.543,124.0,0.0,0.0,112.6
2026-11-21,Email,Desktop,179,156,502,0.289,170.0,13.0,10892.86,244.55
2026-10-10,Organic Search,Tablet,182,165,461,0.427,131.0,6.0,4390.21,0.0
2026-09-22,Email,Desktop,232,207,568,0.276,144.0,16.0,14848.81,300.06
2026-11-02,Email,Desktop,271,235,722,0.335,189.0,16.0,14467.74,359.95
2026-03-31,Direct,Mobile,388,344,846,0.39,111.0,11.0,11283.18,0.0
2026-07-16,Organic Search,Mobile,809,709,2665,0.373,105.0,37.0,26973.62,0.0
2026-11-27,Social Media,Desktop,342,308,977,0.601,184.0,9.0,7059.14,1156.8
2026-03-12,Direct,Desktop,214,173,621,0.314,202.0,13.0,11455.73,0.0
2026-03-19,Social Media,Mobile,410,338,938,0.561,120.0,5.0,3835.9,1353.05
2026-02-11,Paid Search,Mobile,506,440,1069,0.481,93.0,8.0,5918.3,4718.14
2026-12-24,Organic Search,Tablet,68,61,184,0.339,134.0,2.0,1807.21,0.0
2026-11-01,Social Media,Mobile,276,236,618,0.595,130.0,5.0,2856.59,891.38
2026-03-23,Direct,Mobile,361,315,1070,0.363,116.0,14.0,13967.77,0.0
2026-03-17,Email,Mobile,308,262,1014,0.327,142.0,22.0,18139.16,371.46
2026-05-14,Email,Mobile,304,239,948,0.314,110.0,19.0,17295.36,411.73
2026-07-23,Social Media,Desktop,336,269,1026,0.487,176.0,4.0,2828.02,1021.68
2026-09-08,Referral,Tablet,150,129,351,0.407,175.0,5.0,4041.92,263.69
2026-01-07,Direct,Tablet,176,158,477,0.346,149.0,14.0,13361.84,0.0
2026-11-02,Direct,Mobile,342,292,895,0.38,126.0,10.0,10049.74,0.0
2026-10-07,Referral,Tablet,121,104,372,0.363,165.0,1.0,774.02,204.89
2026-08-02,Organic Search,Tablet,191,173,638,0.504,138.0,9.0,8139.53,0.0
2026-02-25,Social Media,Desktop,394,357,1096,0.522,223.0,14.0,7033.35,1151.3
2026-08-01,Referral,Mobile,145,119,335,0.488,97.0,3.0,1763.85,283.1
2026-05-07,Organic Search,Desktop,567,450,1285,0.45,156.0,13.0,10215.52,0.0
2026-09-12,Email,Mobile,253,206,596,0.35,101.0,12.0,10088.38,336.22
2026-08-25,Paid Search,Tablet,150,130,433,0.469,140.0,2.0,1693.33,1387.95
2026-03-03,Paid Search,Tablet,208,184,715,0.414,157.0,5.0,4283.17,1576.17
2026-09-24,Paid Search,Tablet,216,173,604,0.414,157.0,9.0,4731.24,1665.98
2026-01-25,Social Media,Mobile,373,315,1255,0.596,149.0,8.0,5899.47,1187.48
2026-11-23,Paid Search,Desktop,446,395,1076,0.487,190.0,12.0,10427.21,3592.64
2026-07-26,Organic Search,Desktop,472,390,1645,0.375,220.0,24.0,23742.14,0.0
2026-03-11,Organic Search,Desktop,593,492,1856,0.326,181.0,20.0,16224.43,0.0
2026-06-13,Social Media,Mobile,389,331,817,0.539,117.0,7.0,5017.45,1116.84
2026-06-22,Referral,Tablet,108,92,306,0.419,189.0,2.0,1677.34,178.86
2026-05-21,Paid Search,Desktop,534,436,1817,0.508,182.0,19.0,17570.49,4964.64
2026-05-31,Social Media,Desktop,357,288,1211,0.554,164.0,4.0,2135.22,1229.46
2026-12-26,Paid Search,Mobile,370,293,999,0.487,136.0,7.0,5466.34,2930.43
2026-06-11,Direct,Desktop,375,330,1208,0.31,206.0,12.0,12505.28,0.0
2026-08-14,Social Media,Tablet,195,154,477,0.564,137.0,2.0,1230.83,618.45
2026-07-03,Direct,Desktop,361,302,1246,0.371,205.0,18.0,17783.38,0.0
2026-05-03,Paid Search,Desktop,317,254,1109,0.42,199.0,7.0,5791.15,2986.52
2026-11-06,Direct,Tablet,189,168,445,0.331,161.0,9.0,7245.67,0.0
2026-03-15,Social Media,Mobile,386,331,1285,0.527,131.0,6.0,3755.39,1298.07
2026-06-16,Social Media,Tablet,151,130,389,0.491,111.0,5.0,3653.04,447.6
2026-11-18,Email,Desktop,257,223,694,0.295,136.0,12.0,12848.78,324.84
2026-12-06,Paid Search,Tablet,115,97,381,0.448,153.0,7.0,5907.77,1055.48
2026-08-31,Paid Search,Desktop,535,422,1567,0.429,167.0,15.0,12657.05,4268.9
2026-08-28,Organic Search,Mobile,735,587,2084,0.377,130.0,24.0,20585.43,0.0
2026-05-03,Social Media,Desktop,289,244,768,0.468,172.0,6.0,3848.26,960.64
2026-07-30,Paid Search,Desktop,580,454,1620,0.432,177.0,24.0,22189.52,5340.78
2026-04-18,Referral,Desktop,205,170,554,0.344,232.0,4.0,2242.23,405.24
2026-01-16,Email,Desktop,275,249,753,0.381,163.0,11.0,10132.41,330.76
2026-12-04,Organic Search,Mobile,492,408,1298,0.376,131.0,9.0,7551.05,0.0
2026-10-08,Paid Search,Desktop,404,337,1104,0.444,223.0,10.0,8923.34,3454.26
2026-12-16,Email,Tablet,102,89,310,0.273,139.0,5.0,5028.85,138.98
2026-08-31,Referral,Mobile,110,88,315,0.474,126.0,3.0,2438.85,172.36
2026-07-24,Referral,Tablet,53,42,135,0.419,160.0,2.0,1590.75,105.88
2026-11-11,Email,Tablet,91,81,258,0.274,129.0,6.0,6428.39,109.9
2026-07-11,Organic Search,Mobile,654,571,1818,0.403,121.0,20.0,12748.77,0.0
2026-05-28,Email,Mobile,323,258,786,0.278,166.0,18.0,16918.41,360.4
2026-12-05,Organic Search,Tablet,198,169,685,0.257,185.0,10.0,8880.18,0.0
2026-05-17,Paid Search,Tablet,146,130,386,0.538,169.0,2.0,1846.98,1334.12
2026-12-31,Paid Search,Desktop,476,415,1663,0.338,164.0,16.0,10026.75,4219.39
2026-09-30,Paid Search,Mobile,561,458,1615,0.522,136.0,15.0,10858.22,4282.26
2026-12-21,Paid Search,Mobile,515,429,1696,0.468,121.0,10.0,7899.57,3769.31
2026-10-04,Referral,Desktop,255,202,626,0.344,191.0,9.0,7523.93,507.39
2026-08-22,Referral,Mobile,182,144,610,0.482,141.0,4.0,2982.1,344.14
2026-11-28,Referral,Tablet,77,68,202,0.384,203.0,6.0,5067.75,138.67
2026-12-05,Referral,Tablet,20,16,66,0.405,111.0,2.0,1096.48,40.0
2026-07-30,Referral,Desktop,221,176,510,0.389,153.0,12.0,10141.6,379.71
2026-08-14,Organic Search,Desktop,593,494,1447,0.35,242.0,20.0,18222.69,0.0
2026-02-02,Organic Search,Mobile,638,506,1458,0.446,136.0,22.0,22312.76,0.0
2026-08-23,Email,Mobile,254,202,789,0.448,112.0,19.0,18712.15,342.71
2026-10-12,Organic Search,Desktop,550,471,1401,0.441,159.0,13.0,11428.74,0.0
2026-02-13,Direct,Mobile,345,276,1148,0.378,124.0,20.0,18274.3,0.0
2026-04-20,Organic Search,Mobile,776,701,1739,0.469,122.0,21.0,17301.61,0.0
2026-03-31,Email,Desktop,275,239,936,0.251,147.0,25.0,25710.84,326.86
2026-08-23,Email,Desktop,150,121,354,0.265,242.0,11.0,9774.24,193.21
2026-08-16,Social Media,Mobile,409,356,896,0.625,108.0,4.0,2789.12,1176.18
2026-11-13,Social Media,Desktop,326,276,1032,0.578,164.0,6.0,3254.99,1169.65
2026-10-17,Social Media,Tablet,51,41,140,0.379,167.0,2.0,1375.35,167.26
2026-07-29,Social Media,Desktop,421,371,1230,0.545,188.0,10.0,6998.81,1251.05
2026-07-21,Direct,Desktop,361,323,1045,0.374,180.0,18.0,19592.87,0.0
2026-05-09,Organic Search,Tablet,174,143,487,0.391,127.0,6.0,5262.64,0.0
2026-03-27,Paid Search,Desktop,483,435,1505,0.426,203.0,16.0,13284.72,4331.3
2026-07-07,Referral,Mobile,188,168,640,0.516,115.0,2.0,1311.25,362.32
2026-01-18,Referral,Desktop,145,125,397,0.398,172.0,2.0,1924.13,240.06
2026-11-26,Paid Search,Tablet,167,134,559,0.416,130.0,2.0,1757.17,1276.82
2026-01-27,Paid Search,Tablet,194,162,593,0.429,134.0,4.0,3463.11,1719.61
2026-06-24,Referral,Mobile,221,191,716,0.453,97.0,11.0,8153.25,425.35
2026-03-21,Paid Search,Desktop,401,315,1250,0.375,127.0,12.0,8978.42,3704.88
2026-08-20,Organic Search,Tablet,179,151,571,0.32,152.0,10.0,8626.75,0.0
2026-07-06,Email,Mobile,314,257,869,0.391,78.0,11.0,12524.1,369.05
2026-11-20,Paid Search,Desktop,452,354,953,0.435,140.0,11.0,8284.87,4099.56
2026-10-15,Social Media,Tablet,103,82,221,0.559,162.0,2.0,1503.81,295.69
2026-08-17,Social Media,Tablet,199,169,527,0.582,186.0,3.0,2168.53,603.92
2026-09-02,Direct,Mobile,374,326,1101,0.461,113.0,18.0,18406.13,0.0
2026-07-18,Referral,Mobile,178,157,569,0.42,107.0,4.0,3839.85,285.52
2026-06-18,Email,Mobile,387,317,1211,0.336,87.0,18.0,13634.24,473.7
2026-07-18,Email,Mobile,277,226,841,0.346,97.0,13.0,10478.21,350.2
2026-09-04,Organic Search,Desktop,593,477,1933,0.378,177.0,22.0,17714.29,0.0
2026-01-14,Email,Tablet,57,49,193,0.314,119.0,7.0,6174.23,59.95
2026-01-24,Social Media,Desktop,276,218,834,0.522,177.0,2.0,1397.6,812.21
2026-09-11,Direct,Tablet,102,80,243,0.341,132.0,4.0,3739.77,0.0
2026-01-31,Direct,Mobile,254,206,840,0.403,136.0,6.0,6313.36,0.0
2026-01-21,Direct,Mobile,335,272,1106,0.339,124.0,15.0,13595.59,0.0
2026-05-13,Referral,Mobile,133,103,322,0.449,105.0,3.0,2574.31,272.62
2026-04-01,Paid Search,Desktop,487,430,1258,0.429,226.0,20.0,12059.09,3777.35
2026-02-10,Referral,Mobile,101,82,310,0.541,115.0,1.0,649.06,198.12
2026-04-10,Paid Search,Mobile,480,387,1185,0.467,111.0,11.0,9340.68,4214.93
2026-11-28,Direct,Desktop,244,201,661,0.284,185.0,7.0,7904.79,0.0
2026-07-25,Direct,Mobile,296,261,958,0.394,127.0,19.0,17948.51,0.0
2026-06-07,Paid Search,Desktop,392,322,1141,0.421,185.0,13.0,11707.31,3169.55
2026-03-28,Email,Mobile,231,186,729,0.348,120.0,9.0,9358.79,292.48
2026-04-05,Email,Tablet,75,68,233,0.314,124.0,5.0,5145.07,82.88
2026-12-14,Referral,Tablet,56,47,164,,126.0,4.0,3457.42,114.28
2026-04-14,Direct,Mobile,334,270,918,0.481,99.0,11.0,8797.02,0.0
2026-03-20,Organic Search,Tablet,157,128,472,0.344,160.0,5.0,3888.29,0.0
2026-12-03,Referral,Desktop,242,198,743,0.398,170.0,6.0,5357.1,372.3
2026-03-06,Email,Desktop,288,249,816,0.345,171.0,17.0,13428.16,306.89
2026-06-18,Referral,Desktop,166,135,532,0.393,183.0,6.0,3672.16,300.08
2026-04-06,Email,Mobile,288,260,909,0.351,105.0,24.0,21443.13,347.04
2026-04-26,Referral,Tablet,32,25,81,0.444,125.0,0.0,0.0,62.67
2026-05-09,Direct,Mobile,391,351,833,0.325,118.0,14.0,14074.14,0.0
2026-10-27,Organic Search,Tablet,207,168,662,0.433,200.0,12.0,11928.32,0.0
2026-03-09,Referral,Tablet,62,53,191,0.378,160.0,1.0,623.16,98.47
2026-01-11,Organic Search,Mobile,535,482,1264,0.385,84.0,16.0,13466.48,0.0
2026-11-21,Social Media,Mobile,292,249,699,0.552,140.0,3.0,2197.44,858.2
2026-02-14,Organic Search,Tablet,212,178,715,0.483,165.0,5.0,4390.91,0.0
2026-02-28,Organic Search,Tablet,297,262,810,0.368,125.0,4.0,3684.78,0.0
2026-08-24,Organic Search,Mobile,677,574,1704,0.378,139.0,23.0,20027.46,0.0
2026-07-09,Social Media,Desktop,447,388,1149,0.531,204.0,9.0,5138.61,1390.45
2026-09-02,Email,Mobile,306,246,951,0.384,90.0,20.0,20481.66,344.0
2026-12-23,Email,Tablet,116,98,334,0.278,167.0,4.0,2709.4,147.19
2026-04-20,Email,Desktop,238,203,574,0.334,180.0,15.0,13134.76,266.88
2026-03-22,Social Media,Desktop,325,286,776,0.518,216.0,6.0,3823.49,908.93
2026-06-12,Organic Search,Mobile,717,638,1946,0.375,134.0,22.0,17597.14,0.0
2026-04-11,Social Media,Mobile,267,242,630,0.565,131.0,5.0,2852.56,780.68
2026-09-26,Social Media,Tablet,60,47,135,0.503,112.0,0.0,0.0,212.11
2026-09-21,Paid Search,Mobile,536,466,1537,0.493,90.0,10.0,6846.03,5006.97
2026-01-30,Social Media,Tablet,52,44,148,0.488,100.0,1.0,862.01,158.93
2026-08-25,Referral,Mobile,228,189,644,0.451,85.0,4.0,3220.3,433.69
2026-12-31,Email,Tablet,138,122,414,0.36,183.0,7.0,5130.2,146.14
2026-08-26,Organic Search,Desktop,648,516,1618,0.303,188.0,21.0,16523.29,0.0
2026-12-13,Direct,Desktop,218,173,676,0.353,182.0,13.0,10643.24,0.0
2026-10-25,Referral,Tablet,74,58,236,0.433,119.0,0.0,0.0,139.33
2026-02-09,Social Media,Tablet,129,102,380,0.528,166.0,1.0,601.51,360.79
2026-02-28,Paid Search,Tablet,131,102,417,0.422,177.0,4.0,3386.56,1136.65
2026-06-08,Direct,Tablet,189,156,422,0.435,116.0,6.0,6349.13,0.0
2026-08-07,Email,Desktop,252,222,707,0.213,139.0,16.0,14955.97,332.42
2026-07-26,Direct,Desktop,299,261,755,0.373,182.0,14.0,14829.45,0.0
2026-11-03,Referral,Desktop,223,185,623,0.409,243.0,4.0,3037.56,430.93
2026-09-20,Email,Desktop,179,158,382,0.294,157.0,11.0,10151.43,192.72
2026-01-20,Paid Search,Tablet,186,146,397,0.375,152.0,6.0,4021.45,1781.78
2026-08-10,Direct,Tablet,84,75,185,0.337,190.0,2.0,2393.74,0.0
2026-08-03,Direct,Tablet,157,126,428,0.297,163.0,11.0,9766.87,0.0
2026-05-31,Referral,Desktop,126,105,296,0.416,180.0,3.0,2078.98,248.31
2026-10-06,Paid Search,Tablet,136,110,312,0.426,139.0,4.0,2798.47,1228.22
2026-02-20,Social Media,Mobile,474,399,1250,0.585,126.0,6.0,4102.86,1507.27
2026-05-20,Referral,Tablet,77,68,214,0.36,172.0,0.0,0.0,139.69
2026-11-05,Referral,Tablet,20,15,46,0.411,91.0,0.0,0.0,31.63
2026-12-15,Referral,Desktop,188,152,525,0.454,181.0,4.0,3983.91,370.67
2026-10-04,Referral,Tablet,84,75,251,0.348,156.0,3.0,2675.89,134.68
2026-07-05,Referral,Tablet,64,57,213,0.445,135.0,3.0,2188.57,109.47
2026-05-08,Organic Search,Tablet,256,212,569,0.41,148.0,8.0,6638.91,0.0
2026-02-21,Social Media,Tablet,145,124,426,0.547,138.0,3.0,2294.02,465.74
2026-10-04,Email,Desktop,177,139,445,0.298,156.0,13.0,13260.15,229.44
2026-12-09,Organic Search,Mobile,561,446,1868,0.415,155.0,9.0,7387.56,0.0
2026-01-01,Referral,Desktop,224,193,496,0.407,190.0,6.0,5061.07,360.2
2026-11-26,Direct,Tablet,102,86,249,0.315,132.0,9.0,8918.55,0.0
2026-01-18,Email,Desktop,246,207,738,0.222,171.0,16.0,15604.92,274.16
2026-11-22,Paid Search,Desktop,349,309,799,0.441,215.0,11.0,9364.09,3183.1
2026-09-16,Direct,Mobile,408,356,959,0.39,107.0,15.0,17448.56,0.0
2026-07-01,Organic Search,Desktop,692,622,1762,0.386,183.0,30.0,23364.86,0.0
2026-09-12,Organic Search,Tablet,54,48,163,0.355,146.0,2.0,1876.96,0.0
2026-09-06,Social Media,Tablet,113,93,242,0.53,134.0,3.0,2023.22,321.24
2026-12-22,Referral,Tablet,20,16,62,0.408,158.0,0.0,0.0,38.54
2026-09-21,Referral,Mobile,244,203,628,0.524,145.0,6.0,3877.62,455.45
2026-12-16,Paid Search,Mobile,436,367,928,0.545,124.0,5.0,2487.4,3498.1
2026-10-31,Organic Search,Desktop,423,370,1315,0.395,188.0,17.0,15237.97,0.0
2026-04-30,Organic Search,Desktop,641,552,1479,0.436,185.0,19.0,16667.27,0.0
2026-11-07,Social Media,Desktop,246,199,666,0.528,206.0,3.0,1996.1,889.13
2026-12-21,Direct,Desktop,266,226,612,0.36,180.0,12.0,10554.68,0.0
2026-10-31,Referral,Mobile,201,181,652,0.402,115.0,5.0,3994.17,396.19
2026-06-08,Referral,Desktop,195,159,628,0.398,145.0,6.0,4691.57,335.3
2026-10-01,Email,Desktop,180,151,379,0.301,184.0,12.0,12841.87,186.11
2026-09-27,Social Media,Tablet,142,123,386,0.584,128.0,2.0,1392.61,506.88
2026-12-13,Referral,Tablet,82,72,277,0.428,123.0,3.0,2352.9,145.66
2026-11-09,Paid Search,Tablet,210,167,692,0.498,123.0,2.0,1496.55,1751.24
2026-08-14,Direct,Mobile,389,347,828,0.371,156.0,14.0,13421.16,0.0
2026-03-29,Direct,Tablet,41,35,115,0.435,133.0,2.0,2012.03,0.0
2026-02-27,Social Media,Desktop,309,263,1073,0.563,184.0,5.0,2568.97,965.64
2026-11-23,Social Media,Desktop,314,250,833,0.519,221.0,5.0,3420.83,1146.18
2026-12-17,Direct,Tablet,20,16,50,0.244,154.0,0.0,0.0,0.0
2026-07-06,Social Media,Mobile,557,497,1368,0.599,123.0,10.0,6089.39,2035.93
2026-09-12,Direct,Tablet,87,76,212,0.333,180.0,1.0,995.48,0.0
2026-02-26,Organic Search,Tablet,182,150,487,0.324,135.0,7.0,7378.35,0.0
2026-10-01,Paid Search,Desktop,430,378,1191,0.472,161.0,11.0,7856.17,4038.92
2026-05-14,Direct,Desktop,383,346,1169,0.413,180.0,20.0,18161.53,0.0
2026-02-08,Social Media,Mobile,366,308,1041,0.597,117.0,9.0,6276.3,1191.07
2026-11-17,Organic Search,Tablet,229,198,745,0.333,128.0,11.0,8069.38,0.0
2026-12-25,Email,Tablet,158,132,547,0.283,159.0,15.0,13457.0,196.52
2026-05-21,Direct,Tablet,80,65,189,0.339,179.0,2.0,2671.27,0.0
2026-02-06,Paid Search,Mobile,465,422,1222,0.421,165.0,15.0,10492.24,3723.81
2026-01-02,Referral,Desktop,141,110,330,0.378,196.0,5.0,3877.71,239.94
2026-06-10,Social Media,Desktop,417,377,917,0.583,160.0,5.0,3677.94,1138.71
2026-01-03,Social Media,Tablet,20,18,45,0.457,186.0,0.0,0.0,69.27
2026-06-13,Paid Search,Tablet,147,117,440,0.4,150.0,5.0,4103.28,1140.44
2026-07-23,Organic Search,Tablet,152,129,524,0.44,187.0,5.0,4865.2,0.0
2026-02-23,Email,Mobile,298,253,758,0.342,117.0,22.0,16182.11,373.5
2026-12-19,Direct,Tablet,101,81,339,0.317,203.0,1.0,900.59,0.0
2026-10-14,Paid Search,Tablet,126,105,366,0.441,132.0,5.0,3973.47,990.17
2026-06-16,Paid Search,Mobile,629,536,1743,0.428,132.0,23.0,20815.68,5805.9
2026-09-10,Email,Mobile,302,259,688,0.318,154.0,15.0,10375.6,358.96
2026-05-22,Direct,Desktop,314,249,727,0.33,166.0,27.0,31754.96,0.0
2026-11-06,Email,Tablet,121,98,406,0.238,111.0,1.0,1022.65,134.82
2026-09-29,Social Media,Desktop,352,302,833,0.558,145.0,8.0,5174.57,1233.9
2026-10-19,Paid Search,Mobile,491,412,1696,0.431,132.0,12.0,10233.29,3574.0
2026-04-20,Paid Search,Desktop,462,409,970,0.415,171.0,13.0,11588.51,4448.83
2026-06-23,Organic Search,Tablet,259,206,576,0.307,156.0,9.0,9104.35,0.0
2026-01-04,Email,Desktop,214,171,543,0.237,176.0,15.0,11557.41,246.96
2026-02-28,Organic Search,Desktop,497,447,1499,0.391,146.0,19.0,16063.05,0.0
2026-11-12,Organic Search,Desktop,586,492,1869,0.437,159.0,14.0,9835.75,0.0
2026-06-01,Direct,Tablet,105,93,296,0.365,143.0,6.0,6796.79,0.0
2026-01-13,Email,Tablet,20,15,57,0.304,135.0,0.0,0.0,22.75
2026-11-04,Social Media,Desktop,318,282,1106,0.578,192.0,8.0,6429.0,1154.61
2026-10-31,Social Media,Mobile,328,282,882,0.554,148.0,6.0,2743.28,997.68
2026-02-23,Referral,Desktop,213,173,683,0.437,238.0,8.0,7067.07,396.38
2026-12-17,Referral,Desktop,207,164,719,0.386,176.0,3.0,2307.0,400.52
2026-04-30,Email,Tablet,123,103,261,0.375,159.0,4.0,3891.19,133.4
2026-03-26,Organic Search,Tablet,252,199,573,0.386,155.0,4.0,3569.95,0.0
2026-12-12,Referral,Desktop,111,91,341,0.41,168.0,4.0,3010.5,195.67
2026-06-23,Direct,Desktop,335,293,950,0.367,211.0,10.0,10818.07,0.0
2026-10-23,Organic Search,Desktop,534,424,1140,0.369,138.0,9.0,6863.7,0.0
2026-04-23,Social Media,Desktop,351,288,755,0.512,184.0,6.0,3603.79,1079.1
2026-08-30,Referral,Tablet,20,18,50,0.428,144.0,0.0,0.0,40.4
2026-09-23,Referral,Tablet,20,16,45,0.331,111.0,1.0,699.43,32.43
2026-04-03,Organic Search,Mobile,729,590,2283,0.402,96.0,19.0,16073.86,0.0
2026-03-08,Paid Search,Mobile,386,309,1174,0.433,100.0,9.0,6405.31,3705.4
2026-10-03,Social Media,Mobile,317,287,972,0.536,114.0,3.0,2456.15,1148.14
2026-10-07,Paid Search,Tablet,139,115,478,0.394,168.0,5.0,4251.04,1172.34
2026-05-10,Social Media,Desktop,324,281,870,0.494,152.0,5.0,3577.82,1149.88
2026-08-24,Social Media,Mobile,460,383,1465,0.529,77.0,6.0,3482.46,1537.65
2026-11-17,Social Media,Tablet,127,112,312,0.576,142.0,0.0,0.0,433.97
2026-09-08,Email,Mobile,289,252,636,0.392,98.0,17.0,16773.85,352.73
2026-10-30,Organic Search,Desktop,444,368,1265,0.451,212.0,15.0,15270.87,0.0
2026-07-06,Organic Search,Mobile,794,653,2067,0.367,108.0,21.0,18729.08,0.0
2026-03-16,Social Media,Tablet,151,127,412,0.544,177.0,4.0,2688.65,450.29
2026-10-14,Paid Search,Mobile,537,437,1752,0.494,153.0,19.0,13219.02,4410.24
2026-07-05,Paid Search,Mobile,491,425,1564,0.546,82.0,16.0,14626.31,3983.34
2026-09-26,Paid Search,Desktop,259,214,765,0.406,165.0,8.0,6622.03,2323.66
2026-07-08,Referral,Mobile,224,187,654,0.528,118.0,6.0,5675.67,401.59
2026-03-30,Email,Desktop,336,301,918,0.367,157.0,16.0,11294.0,418.3
2026-02-05,Email,Tablet,69,61,239,0.299,180.0,5.0,4807.71,76.77
2026-04-23,Paid Search,Mobile,549,499,1437,0.492,140.0,12.0,9410.31,4962.59
2026-07-10,Email,Desktop,250,226,670,0.356,170.0,18.0,19314.5,287.59
2026-01-17,Email,Desktop,144,116,414,0.323,215.0,12.0,12924.0,197.4
2026-01-17,Referral,Desktop,139,122,413,0.423,163.0,2.0,1578.15,252.26
2026-09-13,Social Media,Desktop,341,291,1108,0.465,198.0,8.0,6308.24,1220.83
2026-06-09,Direct,Tablet,116,98,315,0.325,152.0,7.0,7755.89,0.0
2026-07-28,Direct,Tablet,116,92,396,0.431,160.0,3.0,2663.91,0.0
2026-03-25,Direct,Mobile,301,249,737,0.376,131.0,9.0,8450.04,0.0
2026-10-09,Paid Search,Mobile,440,346,1160,0.448,145.0,13.0,8158.97,3416.75
2026-02-06,Social Media,Mobile,398,362,999,0.517,130.0,6.0,3899.06,1326.41
2026-10-24,Email,Tablet,117,91,286,0.252,136.0,6.0,5702.15,127.54
2026-12-04,Social Media,Tablet,103,81,309,0.514,131.0,1.0,765.52,324.2
2026-09-20,Referral,Tablet,56,50,194,0.446,144.0,2.0,1514.04,108.89
2026-01-14,Social Media,Desktop,313,277,1062,0.563,200.0,2.0,1423.82,1137.4
2026-02-13,Email,Desktop,276,242,934,0.304,206.0,13.0,10986.71,331.99
2026-02-26,Email,Mobile,285,227,889,0.401,163.0,11.0,9671.08,316.3
2026-11-04,Organic Search,Mobile,628,512,1706,0.423,157.0,28.0,24711.95,0.0
2026-02-24,Paid Search,Tablet,229,206,618,0.428,146.0,9.0,6237.12,2148.28
2026-08-30,Referral,Desktop,148,117,317,0.356,187.0,5.0,3553.15,268.29
2026-05-17,Referral,Mobile,135,112,471,0.407,144.0,2.0,1403.86,254.16
2026-09-02,Referral,Tablet,84,75,235,0.42,153.0,3.0,2015.31,136.96
2026-01-15,Paid Search,Tablet,156,125,476,0.48,125.0,3.0,2646.79,1265.88
2026-02-19,Email,Tablet,82,71,266,0.347,95.0,7.0,6727.39,106.87
2026-06-27,Referral,Tablet,35,27,109,0.365,113.0,1.0,753.22,57.33
2026-12-26,Email,Tablet,28,24,80,0.322,139.0,1.0,858.01,38.46
2026-10-15,Paid Search,Desktop,413,338,1177,0.409,163.0,7.0,4449.88,3462.47
2026-07-24,Social Media,Tablet,238,215,523,0.564,171.0,2.0,1292.07,811.75
2026-12-14,Social Media,Mobile,477,390,1001,0.554,122.0,4.0,2247.19,1575.11
2026-07-28,Direct,Mobile,410,369,1412,0.371,129.0,15.0,12905.84,0.0
2026-07-30,Organic Search,Mobile,683,573,2071,0.415,127.0,21.0,14167.57,0.0
2026-12-07,Email,Mobile,300,243,943,0.401,121.0,19.0,17526.23,352.79
2026-03-29,Direct,Desktop,321,255,722,0.362,180.0,15.0,14481.7,0.0
2026-04-12,Referral,Tablet,129,102,378,0.464,174.0,2.0,1327.06,239.99
2026-03-18,Social Media,Desktop,429,338,1474,0.549,113.0,6.0,2777.91,1492.25
2026-08-26,Paid Search,Mobile,535,485,1167,0.508,148.0,15.0,13915.14,3885.72
2026-04-28,Email,Tablet,46,36,113,0.273,156.0,1.0,1019.28,49.91
2026-10-13,Organic Search,Tablet,222,192,636,0.351,158.0,7.0,5480.05,0.0
2026-11-02,Organic Search,Desktop,517,427,1252,0.431,195.0,18.0,16186.01,0.0
2026-09-07,Social Media,Tablet,106,95,326,0.534,152.0,3.0,2147.99,338.6
2026-07-23,Direct,Desktop,398,348,890,0.339,187.0,22.0,18586.71,0.0
2026-10-25,Email,Mobile,257,211,693,0.315,99.0,17.0,17123.83,305.85
2026-12-06,Direct,Tablet,144,129,346,0.347,151.0,4.0,3742.53,0.0
2026-04-08,Organic Search,Mobile,621,504,1993,0.417,142.0,20.0,15612.1,0.0
2026-05-18,Paid Search,Tablet,127,112,360,0.39,142.0,2.0,1214.85,1240.07
2026-03-02,Direct,Desktop,274,242,802,0.327,139.0,11.0,10415.7,0.0
2026-01-07,Referral,Mobile,226,195,664,0.458,136.0,4.0,3131.79,428.53
2026-07-04,Social Media,Mobile,391,339,838,0.576,104.0,3.0,2306.59,1390.99
2026-07-18,Email,Desktop,245,211,699,0.326,208.0,16.0,15550.98,291.04
2026-08-04,Referral,Tablet,25,21,84,0.422,181.0,0.0,0.0,39.43
2026-11-23,Direct,Tablet,76,65,224,0.345,148.0,1.0,1062.13,0.0
2026-06-04,Paid Search,Desktop,593,472,1958,0.466,184.0,9.0,5202.61,5254.38
2026-09-22,Direct,Tablet,114,100,363,0.327,150.0,5.0,4569.0,0.0
2026-02-03,Paid Search,Mobile,484,426,1153,0.39,115.0,9.0,6406.97,4668.86
2026-01-05,Paid Search,Desktop,369,319,1275,0.391,191.0,13.0,8122.71,2704.55
2026-03-20,Paid Search,Desktop,482,420,1125,0.459,165.0,14.0,8908.8,4008.44
2026-10-28,Organic Search,Tablet,138,123,421,0.363,118.0,2.0,1612.5,0.0
2026-12-07,Organic Search,Tablet,217,192,567,0.389,126.0,7.0,6047.96,0.0
2026-11-10,Referral,Desktop,149,124,462,0.44,134.0,1.0,750.86,293.16
2026-09-15,Email,Desktop,300,247,798,0.288,188.0,22.0,18958.36,373.98
2026-01-09,Paid Search,Tablet,78,66,205,0.455,160.0,1.0,875.47,698.14
2026-01-26,Paid Search,Desktop,393,351,1002,0.512,196.0,7.0,7274.92,3010.8
2026-07-27,Paid Search,Tablet,86,71,215,0.481,121.0,1.0,902.81,686.39
2026-05-31,Social Media,Mobile,388,313,1065,0.544,75.0,7.0,4759.52,1294.84
2026-04-01,Direct,Desktop,345,287,913,0.343,177.0,20.0,21124.39,0.0
2026-02-14,Referral,Mobile,173,143,570,0.455,124.0,3.0,2204.03,297.64
2026-03-14,Organic Search,Mobile,588,516,1715,0.437,118.0,20.0,17883.48,0.0
2026-08-26,Paid Search,Tablet,170,153,423,0.369,143.0,7.0,5251.15,1591.81
2026-03-04,Paid Search,Desktop,470,395,1505,0.517,149.0,13.0,11495.32,4205.41
2026-02-15,Organic Search,Desktop,497,422,1492,0.335,168.0,18.0,16924.9,0.0
2026-03-04,Direct,Mobile,293,254,635,0.455,151.0,11.0,12266.48,0.0
2026-02-16,Social Media,Desktop,342,295,1116,0.571,207.0,6.0,4285.03,1121.65
2026-05-21,Organic Search,Mobile,841,722,1809,0.344,138.0,32.0,24014.08,0.0
2026-11-05,Direct,Desktop,297,256,793,0.35,169.0,12.0,11745.7,0.0
2026-12-16,Paid Search,Desktop,437,387,1077,0.414,219.0,13.0,12730.17,3641.18
2026-03-23,Email,Desktop,215,186,452,0.314,184.0,15.0,12793.9,223.06
2026-10-03,Email,Desktop,168,135,365,0.334,181.0,13.0,11582.11,207.7
2026-03-27,Direct,Tablet,121,102,393,0.339,182.0,5.0,4814.33,0.0
2026-11-17,Email,Mobile,320,282,888,0.365,124.0,15.0,16683.8,373.65
2026-04-17,Social Media,Tablet,195,154,573,0.579,188.0,2.0,1149.63,636.91
2026-04-20,Email,Tablet,73,59,224,0.272,177.0,4.0,3668.14,86.77
2026-09-12,Referral,Mobile,162,140,476,0.407,170.0,3.0,2481.69,312.69
2026-04-07,Organic Search,Tablet,301,257,931,0.401,125.0,5.0,5316.46,0.0
2026-02-27,Organic Search,Mobile,641,578,2124,0.359,156.0,19.0,17784.17,0.0
2026-05-28,Referral,Mobile,231,180,511,0.398,106.0,9.0,7476.7,402.58
2026-04-08,Email,Mobile,304,247,776,0.37,126.0,16.0,16861.09,311.57
2026-01-20,Social Media,Mobile,358,313,863,0.593,144.0,8.0,5661.37,1194.8
2026-04-15,Social Media,Mobile,440,392,1117,0.56,125.0,5.0,4396.75,1481.99
2026-02-06,Direct,Tablet,123,110,410,0.384,132.0,7.0,7435.56,0.0
2026-01-10,Email,Mobile,203,173,539,0.335,147.0,16.0,16099.2,220.9
2026-10-20,Social Media,Mobile,380,337,839,0.555,73.0,9.0,4728.17,1147.84
2026-08-24,Paid Search,Desktop,462,398,1066,0.411,151.0,14.0,11505.61,4277.1
2026-01-24,Social Media,Tablet,110,93,244,0.523,160.0,3.0,1708.28,358.08
2026-12-27,Direct,Tablet,37,33,112,0.366,187.0,2.0,2100.02,0.0
2026-02-18,Referral,Tablet,168,138,532,0.457,120.0,5.0,4522.13,347.69
2026-06-17,Social Media,Tablet,191,152,510,0.526,164.0,4.0,2144.26,642.08
2026-11-18,Social Media,Tablet,169,136,493,0.563,187.0,6.0,3589.51,590.17
2026-09-27,Organic Search,Tablet,106,91,328,0.312,157.0,5.0,3899.98,0.0
2026-07-25,Organic Search,Mobile,653,511,1599,0.44,120.0,17.0,11917.36,0.0
2026-03-20,Direct,Desktop,317,267,853,0.354,174.0,18.0,19623.21,0.0
2026-01-06,Direct,Desktop,241,205,639,0.365,217.0,11.0,10634.55,0.0
2026-10-18,Organic Search,Desktop,421,361,1082,0.424,171.0,13.0,10774.46,0.0
2026-11-18,Paid Search,Desktop,314,256,1000,0.489,179.0,10.0,7474.76,2916.24
2026-04-29,Organic Search,Desktop,628,511,1586,0.36,201.0,22.0,14153.19,0.0
2026-04-28,Social Media,Tablet,129,110,365,0.566,124.0,3.0,1871.43,452.95
2026-09-25,Social Media,Desktop,410,345,1125,0.49,239.0,12.0,8594.04,1454.71
2026-11-30,Referral,Mobile,154,131,404,0.436,91.0,5.0,3776.27,295.96
2026-12-10,Organic Search,Mobile,584,477,1497,0.393,93.0,18.0,14913.86,0.0
2026-09-26,Direct,Desktop,265,219,809,0.302,208.0,11.0,11949.87,0.0
2026-01-08,Email,Desktop,209,163,537,0.328,221.0,8.0,7202.49,221.89
2026-12-20,Organic Search,Tablet,134,109,462,0.402,166.0,4.0,3459.75,0.0
2026-07-02,Direct,Desktop,423,335,911,0.362,208.0,19.0,18298.03,0.0
2026-11-24,Referral,Tablet,84,70,211,0.417,139.0,1.0,600.41,146.47
2026-08-31,Email,Mobile,302,256,722,0.403,120.0,11.0,10888.57,356.88
2026-12-03,Organic Search,Desktop,470,397,1257,0.399,208.0,20.0,19722.47,0.0
2026-04-14,Email,Mobile,353,310,898,0.384,129.0,20.0,17565.72,427.16
2026-03-25,Referral,Tablet,149,116,419,0.4,188.0,4.0,2780.69,241.83
2026-05-04,Direct,Tablet,126,107,375,0.264,144.0,2.0,1806.96,0.0
2026-08-05,Paid Search,Mobile,644,577,1953,0.54,141.0,25.0,17960.95,6152.09
2026-02-14,Referral,Desktop,92,78,286,0.42,236.0,1.0,609.49,144.66
2026-01-26,Direct,Desktop,287,256,727,0.333,192.0,13.0,10683.46,0.0
2026-02-18,Referral,Desktop,206,172,624,0.398,176.0,4.0,2751.86,330.31
2026-11-20,Referral,Tablet,20,17,64,0.417,123.0,1.0,869.3,37.45
2026-08-27,Email,Tablet,51,45,142,0.304,143.0,3.0,2880.8,68.6
2026-10-02,Organic Search,Tablet,206,174,653,0.366,186.0,9.0,7863.87,0.0
2026-05-14,Social Media,Tablet,166,145,497,0.377,188.0,2.0,1251.69,476.08
2026-07-13,Direct,Tablet,107,89,358,0.392,206.0,6.0,6270.71,0.0
2026-02-14,Social Media,Mobile,310,276,969,0.505,118.0,4.0,2398.8,849.31
2026-01-20,Direct,Desktop,289,248,792,0.361,150.0,10.0,9435.57,0.0
2026-11-14,Paid Search,Mobile,378,331,1163,0.499,99.0,8.0,4477.01,3308.44
2026-03-01,Email,Tablet,62,54,172,0.321,201.0,2.0,1977.35,69.41
2026-05-06,Organic Search,Mobile,719,574,2413,0.344,140.0,14.0,8932.85,0.0
2026-01-09,Organic Search,Desktop,585,475,1844,0.376,185.0,20.0,12360.78,0.0
2026-01-22,Organic Search,Tablet,203,166,484,0.355,176.0,10.0,6455.27,0.0
2026-12-12,Social Media,Mobile,302,240,861,0.521,86.0,9.0,6517.44,823.22
2026-09-03,Email,Mobile,277,235,864,0.417,86.0,14.0,13693.57,365.78
2026-01-07,Direct,Mobile,345,284,748,0.445,112.0,14.0,13717.31,0.0
2026-08-18,Social Media,Mobile,419,343,1203,0.537,106.0,3.0,2360.41,1489.36
2026-01-24,Paid Search,Mobile,434,340,1361,0.525,144.0,7.0,5310.79,3852.75
2026-07-30,Direct,Desktop,397,314,1157,0.357,166.0,20.0,19980.49,0.0
2026-10-15,Organic Search,Desktop,556,495,1687,0.394,182.0,21.0,17409.01,0.0
2026-05-29,Organic Search,Tablet,246,216,613,0.423,188.0,9.0,6915.74,0.0
2026-12-20,Social Media,Mobile,291,260,830,0.588,133.0,5.0,3848.97,796.84
2026-03-28,Paid Search,Tablet,199,164,472,0.416,126.0,12.0,11707.46,1782.48
2026-01-31,Referral,Desktop,77,67,163,0.381,159.0,2.0,1510.3,134.34
2026-06-25,Direct,Mobile,408,328,1285,0.38,159.0,20.0,16834.5,0.0
2026-08-14,Email,Mobile,297,257,807,0.396,131.0,14.0,10200.35,380.85
2026-03-27,Referral,Desktop,134,117,296,0.36,187.0,4.0,2848.16,255.98
2026-09-23,Paid Search,Tablet,120,106,405,0.433,151.0,4.0,3869.74,1105.36
2026-12-09,Organic Search,Desktop,442,350,1316,0.407,192.0,14.0,13159.59,0.0
2026-12-25,Social Media,Tablet,135,105,429,0.443,146.0,3.0,1965.43,470.45
2026-11-30,Organic Search,Tablet,126,99,378,0.38,192.0,3.0,2157.6,0.0
2026-09-12,Referral,Desktop,177,141,396,0.427,181.0,5.0,3487.72,351.39
2026-11-11,Referral,Tablet,86,70,216,0.356,140.0,4.0,3095.75,162.11
2026-03-24,Direct,Desktop,371,328,1258,0.328,160.0,18.0,15121.68,0.0
2026-12-30,Organic Search,Tablet,228,186,532,0.358,154.0,5.0,4210.24,0.0
2026-09-05,Referral,Mobile,153,130,366,0.498,113.0,0.0,0.0,316.28
2026-10-06,Organic Search,Tablet,185,163,501,0.343,173.0,5.0,3606.73,0.0
2026-06-27,Social Media,Mobile,359,299,1056,0.562,159.0,3.0,1595.62,1226.76
2026-07-11,Paid Search,Mobile,419,375,1298,0.51,135.0,17.0,15283.51,3405.7
2026-05-27,Paid Search,Tablet,168,151,429,0.466,147.0,7.0,5314.13,1577.88
2026-08-23,Organic Search,Mobile,653,539,1685,0.377,93.0,14.0,12747.02,0.0
2026-08-30,Direct,Desktop,241,211,531,0.378,174.0,11.0,10729.34,0.0
2026-07-06,Organic Search,Tablet,244,190,714,0.415,105.0,13.0,9339.89,0.0
2026-06-05,Referral,Tablet,166,150,367,0.405,170.0,5.0,3974.21,295.5
2026-11-18,Paid Search,Tablet,81,66,174,0.415,184.0,1.0,863.45,666.96
2026-03-12,Social Media,Tablet,151,123,484,0.604,131.0,4.0,2179.78,462.06
2026-01-24,Organic Search,Desktop,500,412,1459,0.326,211.0,15.0,11207.24,0.0
2026-08-01,Organic Search,Desktop,504,442,1245,0.446,155.0,17.0,13339.46,0.0
2026-02-06,Social Media,Desktop,439,357,978,0.576,141.0,10.0,5830.95,1199.25
2026-04-26,Direct,Mobile,313,245,1014,0.367,128.0,7.0,6362.45,0.0
2026-05-16,Referral,Tablet,43,36,127,0.362,194.0,2.0,1474.44,81.51
2026-12-22,Organic Search,Mobile,625,560,1344,0.384,98.0,15.0,13481.07,0.0
2026-06-19,Referral,Mobile,245,217,552,0.405,140.0,6.0,3721.59,375.98
2026-12-18,Referral,Desktop,134,111,330,0.411,143.0,4.0,2895.18,231.1
2026-07-28,Email,Desktop,223,192,565,0.385,198.0,10.0,8904.81,244.77
2026-02-02,Direct,Mobile,309,258,684,0.376,139.0,10.0,12320.71,0.0
2026-09-30,Direct,Mobile,424,352,1340,0.383,142.0,13.0,12475.64,0.0
2026-03-27,Paid Search,Tablet,163,133,410,0.42,146.0,3.0,2402.4,1448.08
2026-09-21,Referral,Tablet,20,15,53,0.374,131.0,2.0,1322.22,30.92
2026-10-03,Paid Search,Desktop,327,274,911,0.486,173.0,12.0,9631.92,2765.34
2026-12-12,Email,Tablet,20,17,69,0.279,143.0,0.0,0.0,22.99
2026-06-16,Paid Search,Desktop,461,413,1233,0.454,188.0,18.0,14369.93,3516.71
2026-02-08,Referral,Tablet,125,103,292,0.36,167.0,0.0,0.0,204.43
2026-07-09,Paid Search,Tablet,147,114,370,0.449,131.0,3.0,2530.34,1145.0
2026-04-17,Email,Mobile,363,320,1021,0.364,140.0,24.0,20067.62,493.89
2026-07-30,Paid Search,Tablet,203,177,687,0.452,146.0,3.0,2582.16,1586.22
2026-05-24,Organic Search,Mobile,627,566,1709,0.408,75.0,20.0,16309.89,0.0
2026-05-12,Social Media,Tablet,152,132,500,0.56,162.0,2.0,1495.49,432.65
2026-12-18,Social Media,Mobile,396,323,1352,0.468,133.0,4.0,2020.47,1302.96
2026-06-09,Social Media,Desktop,408,346,1340,0.485,173.0,11.0,7711.19,1431.32
2026-04-14,Referral,Tablet,69,57,199,0.41,173.0,1.0,698.78,109.54
2026-04-01,Organic Search,Desktop,680,560,2189,0.38,164.0,17.0,13449.09,0.0
2026-05-04,Organic Search,Mobile,716,566,2472,0.483,99.0,16.0,13043.56,0.0
2026-11-17,Social Media,Desktop,355,285,918,0.459,115.0,7.0,3892.81,1028.22
2026-01-07,Organic Search,Tablet,162,130,382,0.364,135.0,4.0,3511.55,0.0
2026-05-23,Referral,Mobile,158,129,461,0.412,150.0,6.0,4635.19,252.33
2026-06-02,Social Media,Desktop,396,311,988,0.441,159.0,9.0,6247.83,1157.66
2026-10-10,Referral,Desktop,162,128,369,0.408,182.0,2.0,1818.54,254.93
2026-04-14,Paid Search,Tablet,228,193,664,0.45,158.0,5.0,3847.09,2217.03
2026-08-28,Organic Search,Tablet,269,237,759,0.389,148.0,9.0,7923.4,0.0
2026-09-10,Paid Search,Desktop,530,477,1825,0.434,179.0,14.0,8663.95,4655.16
2026-05-01,Social Media,Tablet,142,113,370,0.514,165.0,0.0,0.0,507.24
2026-08-15,Social Media,Mobile,376,333,1178,0.633,119.0,5.0,2982.39,1381.6
2026-12-26,Organic Search,Desktop,431,380,1135,0.368,192.0,13.0,12213.25,0.0
2026-06-03,Referral,Mobile,111,89,349,0.392,132.0,0.0,0.0,206.17
2026-06-14,Organic Search,Tablet,228,204,572,0.348,167.0,5.0,3487.71,0.0
2026-10-05,Direct,Desktop,302,238,792,0.314,145.0,18.0,16650.11,0.0
2026-09-16,Referral,Mobile,217,186,493,0.424,112.0,6.0,5044.86,433.22
2026-07-30,Organic Search,Desktop,648,574,1473,0.409,164.0,25.0,20657.84,0.0
2026-07-26,Organic Search,Tablet,148,117,333,0.358,163.0,6.0,4626.2,0.0
2026-06-02,Referral,Desktop,122,99,263,0.478,182.0,7.0,5234.66,237.75
2026-07-27,Direct,Tablet,124,102,354,0.372,127.0,3.0,3071.47,0.0
2026-01-06,Referral,Tablet,141,116,438,0.396,153.0,3.0,3233.66,259.97
2026-01-02,Email,Tablet,48,42,132,0.286,157.0,1.0,847.09,62.73
2026-06-11,Organic Search,Mobile,747,587,2395,0.383,111.0,21.0,16585.24,0.0
2026-12-17,Organic Search,Tablet,231,209,622,0.359,157.0,5.0,3888.01,0.0
2026-02-11,Direct,Mobile,372,313,906,0.317,146.0,9.0,9764.01,0.0
2026-02-02,Social Media,Tablet,249,216,540,0.518,151.0,3.0,2501.85,863.53
2026-03-09,Direct,Tablet,187,151,424,0.36,168.0,6.0,7231.14,0.0
2026-07-25,Social Media,Tablet,39,33,82,0.539,84.0,0.0,0.0,113.33
2026-03-16,Direct,Mobile,367,289,920,0.461,146.0,13.0,13062.64,0.0
2026-05-20,Paid Search,Desktop,456,375,1436,0.38,185.0,11.0,8221.8,3441.28
2026-09-08,Email,Desktop,207,166,705,0.34,178.0,8.0,7677.55,276.63
2026-01-31,Social Media,Tablet,104,93,234,0.565,147.0,2.0,1187.93,284.9
2026-10-10,Organic Search,Desktop,457,414,1313,0.428,222.0,21.0,19008.3,0.0
2026-05-19,Referral,Desktop,205,180,541,0.457,182.0,8.0,5864.23,401.58
2026-12-06,Social Media,Tablet,24,20,61,0.485,140.0,0.0,0.0,76.85
2026-07-05,Referral,Mobile,255,202,544,0.432,111.0,7.0,4975.52,493.83
2026-06-30,Referral,Mobile,204,171,453,0.535,99.0,5.0,4112.57,408.14
2026-12-18,Direct,Desktop,303,247,973,0.359,202.0,8.0,7884.15,0.0
2026-12-24,Organic Search,Desktop,592,498,1710,0.304,197.0,22.0,17109.17,0.0
2026-09-13,Direct,Desktop,221,179,648,0.386,188.0,8.0,7993.11,0.0
2026-07-23,Email,Mobile,398,330,1204,0.384,150.0,18.0,15391.92,475.6
2026-09-27,Paid Search,Tablet,185,158,483,0.428,194.0,4.0,2884.99,1564.78
2026-12-27,Paid Search,Desktop,357,298,843,0.425,185.0,11.0,9694.99,2750.89
2026-09-30,Organic Search,Desktop,475,402,1352,0.342,177.0,24.0,20505.63,0.0
2026-03-24,Social Media,Mobile,452,373,996,0.534,100.0,6.0,2359.18,1623.41
2026-08-13,Referral,Desktop,148,133,483,0.397,211.0,1.0,640.08,276.29
2026-05-14,Direct,Mobile,439,391,1349,0.39,202.0,16.0,16544.83,0.0
2026-09-06,Email,Tablet,24,20,60,0.367,168.0,0.0,0.0,32.33
2026-03-27,Social Media,Desktop,373,339,1017,0.525,160.0,4.0,2040.63,1270.53
2026-07-23,Referral,Tablet,92,81,263,0.379,152.0,1.0,777.43,140.93
2026-01-06,Organic Search,Desktop,573,498,1369,0.402,179.0,19.0,16124.07,0.0
2026-12-06,Email,Desktop,145,116,406,0.315,144.0,4.0,3969.72,151.03
2026-10-12,Email,Desktop,209,176,543,0.297,142.0,12.0,11153.12,228.99
2026-08-12,Email,Tablet,118,95,291,0.298,149.0,4.0,3154.2,146.58
2026-05-22,Direct,Tablet,91,78,256,0.45,141.0,3.0,3483.5,0.0
2026-02-04,Direct,Desktop,303,260,659,0.312,194.0,11.0,10489.14,0.0
2026-01-04,Referral,Desktop,87,75,261,0.39,181.0,0.0,0.0,158.46
2026-02-19,Social Media,Mobile,487,412,1559,0.542,94.0,11.0,6247.99,1647.64
2026-09-09,Paid Search,Tablet,198,161,522,0.418,206.0,6.0,4745.63,1460.91
2026-12-14,Organic Search,Tablet,168,149,450,0.405,159.0,3.0,2416.79,0.0
2026-10-14,Paid Search,Desktop,388,310,1295,0.404,209.0,7.0,5161.87,2894.5
2026-08-28,Email,Tablet,98,83,231,0.24,125.0,2.0,1891.73,133.17
2026-11-13,Organic Search,Tablet,220,192,556,0.393,138.0,7.0,5857.98,0.0
2026-04-23,Organic Search,Tablet,318,286,1014,0.421,179.0,6.0,4936.79,0.0
2026-02-22,Email,Tablet,20,17,69,0.236,122.0,1.0,892.94,20.57
2026-02-18,Direct,Mobile,314,277,1053,0.386,104.0,9.0,8315.16,0.0
2026-06-08,Organic Search,Tablet,155,126,369,0.35,154.0,4.0,2730.37,0.0
2026-12-07,Direct,Mobile,315,253,964,0.392,132.0,13.0,11822.95,0.0
2026-01-17,Paid Search,Tablet,175,142,456,0.461,94.0,5.0,4034.74,1574.01
2026-06-05,Direct,Desktop,301,250,694,0.372,194.0,11.0,11959.82,0.0
2026-01-25,Direct,Mobile,289,237,855,0.386,164.0,12.0,13328.4,0.0
2026-10-03,Social Media,Desktop,286,227,665,0.508,207.0,4.0,2703.89,855.92
2026-07-22,Email,Mobile,297,249,1004,0.368,77.0,15.0,14600.69,373.01
2026-08-06,Social Media,Desktop,320,270,1008,0.521,134.0,9.0,6084.14,1036.28
2026-11-27,Paid Search,Mobile,533,434,1134,0.496,186.0,16.0,14455.9,4762.88
2026-08-02,Referral,Desktop,224,176,623,0.441,194.0,5.0,3667.49,456.49
2026-10-21,Paid Search,Mobile,455,373,1455,0.46,148.0,9.0,6246.58,3422.71
2026-09-30,Organic Search,Mobile,661,548,2288,0.483,124.0,27.0,,0.0
2026-01-21,Social Media,Mobile,415,362,1287,0.56,69.0,5.0,4222.3,1370.33
2026-06-18,Email,Tablet,128,102,320,0.323,139.0,3.0,2979.35,173.59
2026-10-31,Referral,Tablet,40,34,132,0.416,143.0,0.0,0.0,66.05
2026-10-31,Paid Search,Mobile,362,296,1213,0.479,146.0,13.0,9306.22,3071.48
2026-03-26,Organic Search,Desktop,570,512,1917,0.372,199.0,28.0,24256.29,0.0
2026-12-27,Social Media,Desktop,294,239,933,0.46,199.0,7.0,5889.95,835.68
2026-12-31,Organic Search,Tablet,147,119,505,0.376,153.0,6.0,5108.41,0.0
2026-04-19,Social Media,Mobile,386,348,912,0.567,144.0,2.0,1101.76,1051.73
2026-06-07,Email,Desktop,276,217,844,0.277,184.0,9.0,8956.18,338.17
2026-03-20,Email,Mobile,299,235,745,0.338,118.0,12.0,11701.95,363.45
2026-05-25,Organic Search,Tablet,310,277,713,0.386,89.0,11.0,10142.48,0.0
2026-07-20,Referral,Mobile,266,210,882,0.434,84.0,9.0,6932.07,520.94
2026-03-07,Referral,Mobile,201,174,532,0.412,134.0,5.0,3645.87,414.05
2026-12-05,Social Media,Mobile,277,227,664,0.518,122.0,3.0,1472.06,1011.34
2026-04-15,Email,Mobile,320,286,788,0.348,111.0,21.0,21058.96,398.16
2026-11-27,Paid Search,Tablet,110,96,288,0.449,163.0,3.0,2238.52,1016.65
2026-05-11,Email,Tablet,103,81,244,0.322,179.0,6.0,5474.63,131.57
2026-10-04,Direct,Mobile,281,221,717,0.402,142.0,11.0,9225.34,0.0
2026-12-24,Organic Search,Mobile,523,449,1549,0.373,157.0,14.0,11801.42,0.0
2026-01-09,Social Media,Mobile,429,386,936,0.637,174.0,5.0,2786.73,1255.05
2026-04-02,Direct,Desktop,290,259,906,0.422,217.0,13.0,11859.23,0.0
2026-02-27,Social Media,Mobile,387,312,1032,0.556,137.0,8.0,4654.2,1204.64
2026-03-18,Referral,Desktop,177,152,375,0.38,197.0,2.0,1131.08,282.29
2026-02-20,Referral,Desktop,166,139,371,0.444,161.0,3.0,1577.49,321.1
2026-03-14,Email,Desktop,268,241,776,0.296,166.0,14.0,14043.58,338.73
2026-04-10,Organic Search,Desktop,608,548,1459,0.296,145.0,16.0,13182.88,0.0
2026-06-05,Referral,Desktop,70,59,198,0.395,205.0,4.0,2803.97,121.99
2026-09-15,Direct,Mobile,378,320,1154,0.359,132.0,17.0,18975.94,0.0
2026-01-29,Paid Search,Tablet,134,113,371,0.411,154.0,5.0,3941.2,1114.2
2026-08-28,Paid Search,Tablet,171,136,569,0.425,223.0,3.0,2468.2,1657.69
2026-09-18,Direct,Tablet,144,117,347,0.353,149.0,3.0,2838.72,0.0
2026-07-26,Email,Mobile,342,304,790,0.385,125.0,9.0,8508.26,361.38
2026-04-17,Paid Search,Mobile,590,468,1487,0.544,104.0,16.0,12616.91,4414.13
2026-02-11,Email,Mobile,311,248,827,0.418,192.0,15.0,11910.79,349.55
2026-04-13,Paid Search,Mobile,633,531,2212,0.529,108.0,20.0,17220.87,5985.0
2026-04-05,Direct,Tablet,72,56,154,0.363,123.0,6.0,6446.65,0.0
2026-06-01,Email,Mobile,431,374,1350,0.302,104.0,25.0,26307.8,593.79
2026-03-14,Direct,Tablet,56,49,133,0.417,151.0,1.0,1139.27,0.0
2026-04-17,Direct,Mobile,422,349,1240,0.386,110.0,17.0,12610.45,0.0
2026-04-02,Paid Search,Tablet,159,128,336,0.442,115.0,3.0,2423.1,1415.54
2026-08-07,Direct,Mobile,430,346,1401,0.35,122.0,18.0,16713.08,0.0
2026-06-04,Paid Search,Mobile,601,509,1992,0.491,140.0,19.0,16036.95,4545.56
2026-10-18,Email,Desktop,191,158,646,0.33,184.0,10.0,8766.05,256.53
2026-09-21,Social Media,Tablet,159,134,507,0.572,148.0,0.0,0.0,571.35
2026-07-12,Direct,Tablet,146,124,316,0.374,158.0,9.0,9853.4,0.0
2026-01-27,Paid Search,Desktop,450,400,1429,0.443,173.0,7.0,6611.11,3876.62
2026-11-20,Referral,Desktop,154,123,450,0.339,201.0,3.0,2475.42,247.24
2026-10-16,Social Media,Tablet,82,67,208,0.572,158.0,2.0,1040.92,225.11
2026-08-17,Referral,Desktop,262,218,851,0.346,198.0,10.0,6873.85,539.35
2026-09-18,Paid Search,Mobile,494,419,1486,0.5,112.0,12.0,8468.19,3668.69
2026-12-11,Direct,Mobile,341,306,782,0.404,97.0,9.0,9423.81,0.0
2026-10-22,Email,Tablet,86,73,284,0.303,130.0,3.0,2914.83,95.41
2026-02-19,Direct,Tablet,82,67,244,0.308,107.0,5.0,4626.61,0.0
2026-10-03,Direct,Mobile,260,210,683,0.362,116.0,11.0,9306.32,0.0
2026-04-05,Organic Search,Tablet,211,168,502,0.418,129.0,6.0,5410.15,0.0
2026-01-14,Referral,Tablet,65,53,174,0.346,159.0,4.0,3132.66,120.56
2026-03-09,Paid Search,Desktop,442,358,1002,0.465,178.0,10.0,5933.11,3213.34
2026-05-10,Organic Search,Mobile,539,435,1176,0.433,139.0,15.0,13194.86,0.0
2026-08-03,Social Media,Mobile,480,425,1386,0.511,125.0,6.0,4623.07,1720.0
2026-10-26,Organic Search,Desktop,566,456,1625,0.383,146.0,15.0,9672.86,0.0
2026-10-21,Referral,Desktop,180,161,387,0.394,194.0,9.0,6276.21,312.64
2026-03-04,Direct,Desktop,323,281,902,0.35,172.0,10.0,9109.74,0.0
2026-07-02,Email,Mobile,326,258,1130,0.323,153.0,14.0,13462.41,336.72
2026-09-24,Referral,Desktop,230,207,736,0.368,181.0,8.0,6384.95,428.78
2026-03-28,Email,Desktop,301,272,810,0.294,188.0,19.0,18199.74,406.63
2026-08-04,Direct,Desktop,355,310,938,0.372,170.0,15.0,15362.2,0.0
2026-01-04,Paid Search,Desktop,318,286,733,0.435,193.0,9.0,8979.28,2406.29
2026-03-15,Social Media,Tablet,154,131,534,0.573,161.0,3.0,2262.1,483.19
2026-07-31,Referral,Tablet,61,53,173,0.357,145.0,2.0,1555.97,109.51
2026-08-24,Social Media,Desktop,353,302,1134,0.539,151.0,7.0,4943.61,995.65
2026-12-29,Direct,Tablet,63,57,173,0.318,158.0,2.0,1895.6,0.0
2026-10-08,Email,Desktop,254,217,654,0.257,168.0,7.0,4902.16,331.73
2026-01-17,Paid Search,Mobile,414,359,1022,0.496,180.0,11.0,9151.41,3336.26
2026-03-05,Social Media,Tablet,169,145,550,0.575,125.0,4.0,2824.56,593.59
2026-09-08,Paid Search,Tablet,178,146,404,0.392,140.0,6.0,4882.99,1587.52
2026-06-15,Referral,Desktop,171,148,434,0.378,238.0,6.0,3220.96,266.73
2026-03-07,Organic Search,Desktop,476,376,1242,0.351,199.0,19.0,18840.92,0.0
2026-05-11,Referral,Tablet,20,16,42,0.43,181.0,0.0,0.0,36.88
2026-06-20,Paid Search,Desktop,412,324,891,0.47,191.0,9.0,6549.86,3619.26
2026-08-28,Organic Search,Desktop,659,539,2033,0.425,141.0,20.0,15044.52,0.0
2026-04-08,Email,Desktop,275,218,869,0.264,205.0,12.0,11379.34,331.98
2026-09-19,Social Media,Desktop,300,234,676,0.571,201.0,7.0,5251.23,966.15
2026-03-02,Social Media,Desktop,326,260,871,0.514,180.0,4.0,2816.05,1131.43
2026-07-17,Direct,Desktop,325,281,872,0.446,170.0,19.0,20190.27,0.0
2026-03-07,Organic Search,Tablet,138,123,366,0.424,145.0,5.0,3406.14,0.0
2026-10-07,Email,Tablet,117,101,399,0.35,135.0,8.0,8309.53,139.79
2026-12-15,Direct,Desktop,294,229,917,0.321,124.0,13.0,13255.97,0.0
2026-03-28,Direct,Tablet,138,107,441,0.332,115.0,6.0,5716.69,0.0
2026-08-09,Referral,Desktop,157,132,521,0.363,218.0,5.0,4309.1,299.5
2026-11-21,Organic Search,Desktop,438,364,1138,0.351,202.0,18.0,13518.88,0.0
2026-12-19,Paid Search,Desktop,352,305,790,0.492,174.0,11.0,8879.85,3393.62
2026-06-17,Organic Search,Tablet,302,258,668,0.447,155.0,7.0,6270.39,0.0
2026-04-23,Direct,Mobile,395,358,1227,0.454,111.0,17.0,16705.34,0.0
2026-04-22,Paid Search,Mobile,653,557,1857,0.444,93.0,18.0,14222.66,5945.01
2026-05-30,Email,Desktop,310,241,847,0.28,166.0,17.0,16460.34,374.99
2026-02-04,Organic Search,Mobile,602,518,1323,0.412,175.0,18.0,14877.58,0.0
2026-04-30,Direct,Mobile,482,414,1486,0.355,106.0,16.0,16693.62,0.0
2026-08-11,Paid Search,Tablet,115,101,330,0.364,200.0,2.0,1250.18,834.45
2026-12-12,Social Media,Tablet,69,56,159,0.504,159.0,0.0,0.0,208.97
2026-03-21,Social Media,Tablet,20,16,67,0.505,136.0,0.0,0.0,67.16
2026-07-16,Social Media,Tablet,189,168,536,0.524,135.0,4.0,2407.09,627.82
2026-11-27,Referral,Desktop,124,108,342,0.379,145.0,4.0,2658.15,197.61
2026-01-29,Organic Search,Mobile,572,462,1460,0.431,180.0,19.0,15565.7,0.0
2026-01-24,Organic Search,Mobile,523,437,1751,0.397,140.0,12.0,10126.89,0.0
2026-01-16,Organic Search,Tablet,206,165,525,0.348,166.0,6.0,4787.08,0.0
2026-08-19,Social Media,Mobile,504,454,1081,0.589,105.0,5.0,4139.18,1623.72
2026-08-31,Direct,Desktop,265,215,627,0.327,201.0,16.0,14859.15,0.0
2026-06-26,Social Media,Tablet,113,92,242,0.462,136.0,1.0,632.66,409.43
2026-09-08,Social Media,Tablet,126,113,307,0.494,176.0,0.0,0.0,404.12
2026-11-01,Direct,Mobile,321,259,793,0.431,139.0,12.0,10144.81,0.0
2026-10-07,Social Media,Tablet,119,99,327,0.488,135.0,2.0,1095.65,338.64
2026-01-06,Referral,Mobile,126,113,417,0.404,116.0,2.0,1887.48,194.35
2026-03-16,Direct,Desktop,263,234,834,0.392,196.0,9.0,8611.13,0.0
2026-07-13,Referral,Tablet,35,28,99,0.437,173.0,2.0,1415.83,58.45
2026-04-05,Email,Mobile,284,240,944,0.437,106.0,17.0,15426.04,350.44
2026-05-24,Direct,Desktop,246,209,675,0.397,196.0,15.0,15143.37,0.0
2026-10-20,Referral,Tablet,97,77,294,0.409,115.0,1.0,764.69,152.91
2026-02-22,Referral,Mobile,234,205,634,0.38,163.0,2.0,1610.61,466.26
2026-04-01,Email,Mobile,307,243,677,0.352,136.0,23.0,19697.4,352.31
2026-05-05,Organic Search,Desktop,638,574,1574,0.424,195.0,20.0,17209.22,0.0
2026-08-21,Paid Search,Mobile,463,381,1430,0.522,121.0,19.0,16961.67,4408.92
2026-03-25,Email,Mobile,326,280,921,0.434,116.0,16.0,16491.69,371.55
2026-06-26,Organic Search,Mobile,719,612,1541,0.429,105.0,13.0,9561.75,0.0
2026-09-24,Social Media,Tablet,144,130,367,0.505,152.0,3.0,1419.95,468.97
2026-04-08,Social Media,Tablet,161,141,380,0.467,165.0,3.0,2046.29,579.45
2026-10-09,Referral,Tablet,50,39,110,0.421,95.0,1.0,928.69,97.04
2026-08-13,Organic Search,Tablet,287,230,947,0.454,162.0,13.0,10839.39,0.0
2026-02-26,Referral,Mobile,192,158,592,0.434,94.0,4.0,3020.38,306.14
2026-07-25,Organic Search,Tablet,230,205,632,0.311,173.0,2.0,1430.59,0.0
2026-09-26,Email,Mobile,239,194,834,0.364,115.0,17.0,14540.48,312.66
2026-04-15,Organic Search,Desktop,587,531,1488,0.419,209.0,30.0,23208.84,0.0
2026-01-24,Organic Search,Tablet,169,151,462,0.418,174.0,8.0,7212.77,0.0
2026-04-11,Paid Search,Tablet,125,109,433,0.436,181.0,3.0,2451.63,1163.68
2026-12-19,Referral,Tablet,82,66,187,0.379,156.0,2.0,1536.13,148.22
2026-09-01,Social Media,Mobile,441,362,1129,0.498,125.0,8.0,4722.76,1609.98
2026-02-01,Social Media,Desktop,305,272,709,0.617,164.0,4.0,2299.91,852.75
2026-01-27,Email,Mobile,228,190,479,0.421,112.0,10.0,10748.73,307.63
2026-04-28,Direct,Mobile,473,422,1047,0.388,92.0,30.0,29588.86,0.0
2026-11-16,Email,Desktop,214,187,498,0.306,157.0,9.0,7747.6,238.56
2026-03-08,Referral,Desktop,143,118,415,0.377,175.0,6.0,4943.47,287.84
2026-03-10,Organic Search,Desktop,580,519,1423,0.426,166.0,21.0,18528.21,0.0
2026-01-08,Referral,Mobile,132,103,277,0.41,119.0,0.0,0.0,260.63
2026-04-11,Organic Search,Mobile,703,607,1549,0.463,114.0,24.0,18390.82,0.0
2026-07-08,Referral,Desktop,169,151,531,0.491,180.0,8.0,5432.99,280.42
2026-04-03,Referral,Desktop,173,137,541,0.48,144.0,5.0,4149.24,271.66
2026-12-13,Referral,Mobile,168,136,518,0.462,124.0,7.0,4182.61,266.71
2026-05-24,Social Media,Tablet,199,171,553,0.469,149.0,0.0,0.0,637.2
2026-02-03,Email,Tablet,21,17,69,0.389,164.0,0.0,0.0,24.94
2026-03-08,Social Media,Desktop,325,290,809,0.487,162.0,6.0,3727.48,918.09
2026-03-28,Email,Tablet,147,117,453,0.332,129.0,8.0,8902.67,164.52
2026-12-01,Email,Mobile,292,233,785,0.368,115.0,12.0,10804.26,314.08
2026-07-21,Email,Mobile,445,366,1496,0.349,138.0,23.0,19746.81,531.01
2026-04-05,Paid Search,Desktop,377,306,1115,0.351,190.0,9.0,6216.27,3442.6
2026-01-28,Email,Tablet,144,129,405,0.369,152.0,8.0,6689.74,163.12
2026-03-31,Social Media,Desktop,348,298,1211,0.527,249.0,4.0,2099.57,1096.59
2026-04-12,Organic Search,Tablet,287,259,800,0.486,103.0,6.0,4419.96,0.0
2026-08-14,Email,Desktop,276,241,837,0.251,195.0,14.0,10380.71,376.82
2026-06-18,Organic Search,Tablet,254,219,725,0.34,182.0,11.0,10105.51,0.0
2026-08-25,Email,Mobile,284,233,700,0.356,100.0,10.0,10257.12,353.24
2026-07-28,Social Media,Tablet,199,176,521,0.538,170.0,3.0,2073.55,573.77
2026-02-10,Organic Search,Mobile,598,487,1730,0.437,129.0,24.0,22481.24,0.0
2026-12-02,Organic Search,Mobile,584,473,1310,0.434,147.0,18.0,17409.38,0.0
2026-02-26,Referral,Tablet,93,80,243,0.367,147.0,2.0,1416.85,157.77
2026-09-24,Direct,Desktop,195,168,484,0.331,184.0,8.0,7861.14,0.0
2026-03-13,Referral,Tablet,20,17,49,0.345,166.0,0.0,0.0,39.98
2026-03-25,Organic Search,Tablet,283,244,870,0.43,137.0,3.0,2802.42,0.0
2026-05-07,Referral,Mobile,168,143,388,0.452,122.0,0.0,0.0,286.83
2026-03-26,Social Media,Tablet,156,125,359,0.535,105.0,5.0,2688.87,524.43
2026-04-01,Direct,Tablet,151,130,455,0.255,140.0,5.0,4814.51,0.0
2026-07-24,Direct,Mobile,414,354,1119,0.324,113.0,17.0,17830.1,0.0
2026-09-11,Paid Search,Tablet,164,145,365,0.446,146.0,4.0,3584.67,1362.41
2026-11-01,Organic Search,Desktop,413,340,1203,0.405,179.0,15.0,12414.04,0.0
2026-08-05,Referral,Tablet,85,67,246,0.417,181.0,6.0,4076.29,149.09
2026-05-25,Paid Search,Mobile,601,542,1728,0.477,157.0,21.0,14493.5,4742.79
2026-10-21,Email,Mobile,320,265,909,0.316,119.0,14.0,11285.23,387.5
2026-03-14,Social Media,Desktop,335,298,978,0.496,176.0,7.0,4180.32,980.14
2026-01-07,Organic Search,Desktop,494,423,1684,0.36,207.0,16.0,14045.72,0.0
2026-03-17,Organic Search,Mobile,673,578,1768,0.449,111.0,26.0,18315.36,0.0
2026-11-23,Organic Search,Tablet,173,152,600,0.352,159.0,9.0,7179.26,0.0
2026-12-18,Email,Tablet,65,58,213,0.295,190.0,4.0,3372.49,83.74
2026-06-26,Referral,Tablet,102,90,222,0.445,165.0,6.0,4669.09,158.44
2026-05-30,Referral,Tablet,150,131,522,0.434,144.0,5.0,3805.43,231.48
2026-02-21,Direct,Mobile,342,267,1141,0.372,136.0,10.0,10447.86,0.0
2026-01-19,Direct,Desktop,253,202,793,0.333,187.0,10.0,9528.62,0.0
2026-11-16,Social Media,Tablet,79,62,194,0.522,161.0,0.0,0.0,249.4
2026-06-15,Direct,Tablet,105,92,258,0.352,150.0,9.0,9416.14,0.0
2026-08-01,Social Media,Desktop,317,264,987,0.554,220.0,9.0,6161.64,982.99
2026-02-22,Organic Search,Mobile,498,414,1464,0.35,91.0,15.0,11621.5,0.0
2026-11-10,Paid Search,Tablet,135,115,399,0.442,138.0,4.0,3239.41,993.25
2026-09-17,Referral,Mobile,109,92,239,0.415,111.0,1.0,764.43,181.67
2026-06-07,Direct,Tablet,79,65,176,0.373,142.0,4.0,4008.01,0.0
2026-12-10,Referral,Mobile,174,144,514,0.504,87.0,5.0,4661.89,271.5
2026-05-24,Organic Search,Desktop,577,458,1346,0.434,173.0,22.0,17313.79,0.0
2026-06-22,Organic Search,Tablet,246,192,840,0.398,176.0,3.0,2481.24,0.0
2026-07-15,Social Media,Tablet,128,112,272,0.535,174.0,3.0,1686.2,381.39
2026-02-10,Paid Search,Mobile,549,487,1702,0.481,159.0,15.0,11345.81,4133.73
2026-02-12,Email,Desktop,233,195,812,0.306,201.0,9.0,7333.26,270.86
2026-01-16,Referral,Mobile,206,181,575,0.422,135.0,2.0,1646.25,324.11
2026-11-12,Social Media,Desktop,321,281,957,0.47,197.0,8.0,5212.16,1130.2
2026-11-19,Email,Desktop,193,160,448,0.398,206.0,5.0,3915.51,256.11
2026-01-18,Organic Search,Mobile,461,382,1466,0.382,100.0,13.0,12344.2,0.0
2026-07-13,Paid Search,Mobile,627,555,1985,0.467,128.0,18.0,10683.43,4762.06
2026-09-18,Direct,Desktop,349,297,771,0.37,163.0,21.0,23278.09,0.0
2026-11-28,Social Media,Tablet,137,111,434,0.597,166.0,2.0,1450.11,483.47
2026-08-02,Paid Search,Desktop,467,407,1086,0.411,174.0,11.0,7629.79,3914.07
2026-08-25,Organic Search,Desktop,566,501,1376,0.34,184.0,24.0,20551.29,0.0
2026-11-27,Social Media,Tablet,142,116,495,0.482,174.0,2.0,1210.21,512.04
2026-10-21,Direct,Desktop,237,194,498,0.374,215.0,11.0,11473.51,0.0
2026-04-14,Referral,Mobile,187,147,600,0.44,111.0,5.0,3265.1,311.33
2026-11-23,Paid Search,Tablet,137,115,377,0.43,136.0,3.0,2487.93,1036.41
2026-09-13,Email,Tablet,96,85,272,0.355,152.0,8.0,8319.53,121.13
2026-11-06,Organic Search,Tablet,226,181,737,0.384,137.0,3.0,2362.06,0.0
2026-01-11,Paid Search,Mobile,371,310,1110,0.572,127.0,8.0,6605.86,3316.08
2026-01-04,Referral,Tablet,20,16,55,0.379,127.0,0.0,0.0,37.41
2026-07-23,Social Media,Mobile,495,404,1039,0.551,139.0,6.0,4764.26,1509.03
2026-02-09,Email,Desktop,268,234,912,0.239,201.0,14.0,10085.73,307.28
2026-01-24,Social Media,Mobile,248,218,540,0.628,144.0,3.0,1880.29,770.41
2026-02-26,Direct,Desktop,333,268,1040,0.378,150.0,11.0,13133.65,0.0
2026-07-03,Organic Search,Tablet,298,238,940,0.366,155.0,8.0,7646.71,0.0
2026-06-27,Email,Mobile,251,205,634,0.378,166.0,17.0,18465.08,282.09
2026-12-19,Organic Search,Desktop,451,406,1109,0.378,189.0,16.0,15347.98,0.0
2026-02-10,Referral,Tablet,68,53,193,0.321,173.0,1.0,756.53,116.71
2026-05-01,Referral,Tablet,151,131,404,0.39,126.0,5.0,3595.88,298.36
2026-03-12,Organic Search,Desktop,613,539,1648,0.421,216.0,22.0,18329.89,0.0
2026-08-16,Organic Search,Tablet,222,173,759,0.376,136.0,6.0,5193.49,0.0
2026-04-26,Email,Mobile,323,288,897,0.347,135.0,14.0,14479.1,364.91
2026-06-13,Email,Desktop,246,194,847,0.311,202.0,7.0,7206.94,296.54
2026-10-09,Referral,Mobile,134,108,443,0.445,127.0,1.0,822.26,267.69
2026-12-05,Direct,Desktop,187,156,452,0.353,196.0,12.0,8716.02,0.0
2026-12-14,Direct,Tablet,100,90,215,0.429,144.0,3.0,3084.72,0.0
2026-05-29,Referral,Mobile,244,220,673,0.449,98.0,8.0,6658.04,437.69
2026-04-05,Social Media,Mobile,408,348,1211,0.543,117.0,3.0,2139.82,1448.87
2026-03-09,Paid Search,Mobile,504,396,1343,0.506,163.0,15.0,13852.62,3929.73
2026-07-13,Social Media,Desktop,401,329,1212,0.549,168.0,10.0,7041.2,1305.37
2026-03-02,Referral,Desktop,194,165,644,0.396,178.0,1.0,718.95,388.97
2026-07-06,Paid Search,Mobile,489,396,1339,0.431,126.0,16.0,12479.27,4609.73
2026-08-15,Paid Search,Desktop,451,402,1395,0.485,172.0,15.0,11595.46,3469.65
2026-05-20,Social Media,Tablet,137,111,379,0.522,123.0,2.0,1250.78,450.85
2026-07-16,Social Media,Desktop,410,367,1066,0.46,199.0,8.0,4792.98,1305.05
2026-06-16,Social Media,Mobile,457,389,1156,0.534,93.0,9.0,5974.53,1424.42
2026-09-01,Paid Search,Mobile,490,417,1631,0.452,118.0,14.0,10887.69,3540.28
2026-03-31,Email,Mobile,408,356,1405,0.335,85.0,21.0,22263.92,426.9
2026-02-24,Social Media,Desktop,315,253,855,0.519,199.0,5.0,3533.95,877.97
2026-05-29,Organic Search,Desktop,657,569,1948,0.427,197.0,17.0,15856.76,0.0
2026-09-16,Paid Search,Tablet,115,93,311,0.482,143.0,1.0,834.88,836.96
2026-12-21,Referral,Tablet,74,57,175,0.42,148.0,3.0,2086.16,114.63
2026-11-26,Email,Desktop,268,222,648,0.275,182.0,13.0,10900.11,293.16
2026-01-28,Organic Search,Mobile,576,514,1447,0.436,94.0,24.0,17558.98,0.0
2026-10-03,Email,Tablet,76,63,205,0.291,150.0,3.0,3068.9,100.71
2026-11-21,Paid Search,Tablet,92,83,281,0.427,196.0,0.0,0.0,802.91
2026-01-20,Organic Search,Tablet,180,162,475,0.454,118.0,7.0,5038.65,0.0
2026-05-27,Direct,Tablet,107,93,316,0.352,162.0,4.0,3901.36,0.0
2026-10-22,Direct,Tablet,106,96,240,0.38,130.0,8.0,7742.48,0.0
2026-02-20,Email,Tablet,128,108,291,0.298,121.0,5.0,4392.25,140.52
2026-02-27,Referral,Desktop,159,132,511,0.409,195.0,6.0,3852.84,270.87
2026-01-03,Email,Tablet,109,90,379,0.344,171.0,3.0,3458.3,136.18
2026-08-06,Referral,Mobile,271,234,830,0.404,120.0,11.0,8520.52,492.12
2026-12-19,Social Media,Tablet,23,19,74,0.544,187.0,0.0,0.0,71.24
2026-03-17,Organic Search,Desktop,585,483,1439,0.398,209.0,20.0,16254.66,0.0
2026-01-25,Email,Tablet,96,75,207,0.353,158.0,5.0,4823.23,102.41
2026-11-17,Direct,Tablet,20,17,60,0.363,203.0,2.0,2131.97,0.0
2026-02-28,Referral,Tablet,20,17,53,0.419,140.0,0.0,0.0,41.27
2026-03-22,Email,Tablet,40,33,139,0.299,145.0,4.0,3585.07,43.0
2026-08-18,Paid Search,Mobile,559,478,1903,0.472,140.0,15.0,9681.32,5323.25
2026-06-17,Organic Search,Mobile,761,647,2339,0.404,113.0,25.0,21941.25,0.0
2026-10-11,Organic Search,Desktop,509,444,1618,0.42,186.0,15.0,13962.99,0.0
2026-10-02,Email,Mobile,344,286,750,0.282,109.0,21.0,20271.25,406.53
2026-07-21,Paid Search,Desktop,561,462,1707,0.41,205.0,20.0,17213.74,4398.34
2026-06-02,Referral,Tablet,50,44,129,0.345,139.0,4.0,2955.56,100.98
2026-11-26,Social Media,Mobile,426,345,1087,0.551,134.0,4.0,1921.09,1403.76
2026-04-27,Paid Search,Desktop,471,417,1475,0.527,233.0,21.0,16032.27,3577.25
2026-07-16,Referral,Mobile,237,184,750,0.429,126.0,6.0,5027.73,461.39
2026-02-28,Email,Tablet,52,45,157,0.246,157.0,4.0,3109.32,67.86
2026-02-17,Organic Search,Tablet,185,152,564,0.44,179.0,7.0,6078.98,0.0
2026-09-20,Organic Search,Desktop,420,380,1120,0.384,165.0,14.0,10994.27,0.0
2026-06-29,Email,Desktop,328,264,932,0.337,188.0,18.0,18290.44,447.75
2026-06-06,Direct,Desktop,257,217,605,0.302,204.0,11.0,11951.03,0.0
2026-12-24,Referral,Tablet,37,32,85,0.351,163.0,0.0,0.0,73.52
2026-03-13,Referral,Mobile,253,199,813,0.421,119.0,7.0,5284.06,396.57
2026-07-16,Referral,Desktop,208,169,589,0.377,169.0,4.0,2998.2,394.8
2026-06-14,Direct,Tablet,38,32,129,0.343,196.0,2.0,2140.68,0.0
2026-07-03,Referral,Desktop,155,137,453,0.381,203.0,6.0,5281.09,313.58
2026-12-07,Referral,Desktop,158,128,507,0.4,177.0,2.0,1535.39,320.82
2026-09-18,Paid Search,Tablet,105,91,235,0.536,169.0,3.0,2616.66,773.77
2026-09-30,Email,Tablet,145,128,374,0.219,161.0,13.0,11940.18,152.02
2026-04-20,Paid Search,Mobile,574,467,1721,0.499,134.0,18.0,10820.33,4371.25
2026-03-03,Direct,Tablet,175,139,501,0.368,141.0,7.0,7431.23,0.0
2026-09-22,Referral,Tablet,70,60,164,0.328,152.0,2.0,1250.27,134.61
2026-02-13,Organic Search,Tablet,199,173,676,0.394,199.0,4.0,3781.32,0.0
2026-12-12,Organic Search,Mobile,497,430,1471,0.405,151.0,12.0,11419.49,0.0
2026-01-11,Paid Search,Desktop,348,315,959,0.428,170.0,6.0,5045.94,3089.5
2026-05-22,Paid Search,Mobile,503,443,1308,0.504,102.0,15.0,12910.17,4116.41
2026-09-06,Referral,Tablet,20,16,58,0.441,180.0,1.0,812.14,36.88
2026-09-04,Referral,Desktop,122,109,278,0.407,222.0,4.0,2988.45,194.85
2026-04-09,Email,Desktop,289,253,838,0.284,204.0,19.0,16681.11,395.08
2026-03-26,Organic Search,Mobile,831,703,2702,0.365,157.0,25.0,19271.62,0.0
2026-05-04,Email,Desktop,330,284,967,0.25,208.0,14.0,11454.34,454.0
2026-02-10,Direct,Tablet,83,71,217,0.369,164.0,3.0,3171.31,0.0
2026-07-10,Direct,Tablet,30,23,71,0.341,150.0,0.0,0.0,0.0
2026-06-12,Email,Tablet,167,150,354,0.286,149.0,10.0,8888.02,228.13
2026-03-06,Referral,Mobile,162,130,473,0.471,124.0,1.0,736.75,261.62
2026-09-26,Direct,Tablet,156,123,526,0.383,169.0,8.0,7556.14,0.0
2026-06-15,Organic Search,Tablet,332,274,1015,0.398,185.0,6.0,6308.55,0.0
2026-08-04,Referral,Mobile,131,107,379,0.392,113.0,3.0,2850.28,224.47
2026-09-12,Direct,Desktop,312,271,912,0.361,239.0,15.0,17770.4,0.0
2026-08-28,Referral,Desktop,132,104,351,0.34,188.0,4.0,3409.47,206.71
2026-08-08,Direct,Mobile,423,347,1016,0.391,116.0,17.0,16470.52,0.0
2026-07-08,Social Media,Tablet,145,126,386,0.562,125.0,5.0,3423.3,494.92
2026-11-10,Direct,Desktop,266,236,857,0.388,196.0,7.0,6934.7,0.0
2026-01-27,Referral,Tablet,20,16,43,0.474,152.0,0.0,0.0,35.98
2026-04-16,Organic Search,Mobile,692,575,2262,0.412,119.0,21.0,15984.22,0.0
2026-01-26,Organic Search,Tablet,291,231,765,0.392,200.0,10.0,8703.21,0.0
2026-07-07,Direct,Desktop,396,334,1325,0.311,162.0,21.0,16669.92,0.0
2026-01-06,Paid Search,Tablet,154,137,456,0.461,140.0,6.0,4746.87,1473.46
2026-09-26,Paid Search,Tablet,233,203,715,0.445,156.0,3.0,2488.44,2142.61
2026-10-07,Organic Search,Mobile,741,626,1867,0.516,79.0,21.0,14353.4,0.0
2026-07-15,Paid Search,Tablet,184,149,430,0.451,173.0,3.0,3170.82,1754.41
2026-01-02,Direct,Desktop,182,154,536,0.329,163.0,9.0,7238.04,0.0
2026-04-03,Email,Desktop,327,282,1032,0.36,167.0,14.0,12573.18,350.98
2026-02-13,Referral,Desktop,115,92,274,0.399,172.0,2.0,1830.24,235.7
2026-07-17,Paid Search,Tablet,176,151,495,0.434,162.0,3.0,2445.82,1586.24
2026-07-13,Paid Search,Tablet,189,155,633,0.409,156.0,4.0,3107.76,1753.25
2026-11-02,Referral,Tablet,20,17,61,0.433,177.0,0.0,0.0,34.96
2026-05-25,Email,Tablet,40,34,84,0.301,163.0,2.0,1830.64,41.72
2026-05-07,Paid Search,Mobile,511,405,1239,0.508,149.0,12.0,10220.35,4314.86
2026-08-10,Paid Search,Mobile,522,420,1444,0.557,103.0,14.0,10010.43,4667.19
2026-03-27,Email,Desktop,248,215,766,0.285,185.0,11.0,10705.72,324.05
2026-03-03,Email,Tablet,139,119,452,0.243,106.0,6.0,4829.1,143.38
2026-01-06,Email,Mobile,275,246,916,0.342,97.0,11.0,9299.29,339.36
2026-09-06,Paid Search,Desktop,352,306,1143,0.397,193.0,11.0,7612.5,3130.96
2026-06-08,Social Media,Mobile,409,351,1142,0.551,138.0,7.0,4994.1,1482.24
2026-07-30,Direct,Tablet,157,129,384,0.283,149.0,6.0,5138.0,0.0
2026-03-22,Paid Search,Desktop,334,301,938,0.373,193.0,10.0,7025.5,3232.77
2026-12-20,Email,Mobile,273,247,687,0.326,133.0,20.0,18725.96,340.06
2026-12-03,Social Media,Desktop,369,292,1110,0.5,194.0,5.0,3218.17,1348.28
2026-08-19,Social Media,Tablet,152,129,426,0.434,118.0,3.0,1673.84,528.72
2026-09-21,Email,Tablet,202,177,601,0.212,172.0,13.0,12328.08,241.76
2026-03-02,Paid Search,Desktop,448,388,1053,0.397,196.0,18.0,12399.16,3917.63
2026-09-25,Email,Mobile,340,289,838,0.321,144.0,16.0,14675.21,407.12
2026-02-17,Referral,Desktop,179,146,533,0.357,191.0,0.0,0.0,286.24
2026-09-23,Organic Search,Tablet,250,220,857,0.385,157.0,12.0,9524.25,0.0
2026-02-20,Paid Search,Desktop,479,398,1629,0.504,199.0,22.0,18336.82,3798.86
2026-05-17,Referral,Desktop,48,40,106,0.397,216.0,4.0,2656.57,75.98
2026-01-07,Organic Search,Mobile,624,542,1606,0.447,100.0,13.0,10974.07,0.0
2026-06-30,Organic Search,Desktop,605,492,1966,0.344,167.0,17.0,14710.75,0.0
2026-08-29,Organic Search,Tablet,147,118,406,0.448,137.0,2.0,1493.87,0.0
2026-11-03,Organic Search,Tablet,250,216,586,0.432,167.0,4.0,3526.17,0.0
2026-09-08,Social Media,Desktop,267,222,761,0.517,185.0,5.0,2476.5,861.12
2026-07-05,Email,Tablet,155,123,419,0.331,177.0,7.0,5269.62,202.48
2026-05-18,Referral,Desktop,206,187,499,0.389,197.0,2.0,1836.48,385.84
2026-05-24,Referral,Desktop,91,81,312,0.359,192.0,5.0,3643.4,161.41
2026-05-02,Paid Search,Desktop,469,389,1160,0.486,226.0,11.0,8955.13,4271.73
2026-02-13,Social Media,Tablet,139,124,379,0.511,145.0,5.0,2586.83,444.11
2026-12-23,Social Media,Tablet,95,78,326,0.524,141.0,1.0,410.88,346.45
2026-02-21,Email,Desktop,322,279,839,0.304,218.0,16.0,13083.28,347.78
2026-11-04,Organic Search,Desktop,584,477,1613,0.329,182.0,15.0,12386.85,0.0
2026-07-11,Direct,Desktop,307,267,839,0.386,207.0,12.0,12865.77,0.0
2026-07-09,Email,Desktop,377,318,861,0.254,180.0,17.0,17050.8,460.58
2026-05-28,Paid Search,Mobile,574,502,1900,0.467,91.0,18.0,14569.73,4338.61
2026-09-03,Direct,Tablet,122,103,303,0.308,187.0,7.0,7066.39,0.0
2026-08-27,Organic Search,Desktop,642,536,1659,0.393,168.0,29.0,27917.65,0.0
2026-12-12,Organic Search,Tablet,142,116,467,0.346,108.0,5.0,4146.65,0.0
2026-11-15,Email,Tablet,78,64,200,0.366,182.0,2.0,1759.1,98.09
2026-03-02,Direct,Tablet,119,106,349,0.375,167.0,2.0,2018.73,0.0
2026-03-04,Paid Search,Tablet,205,160,526,0.498,186.0,3.0,2534.93,1493.96
2026-07-04,Paid Search,Desktop,414,376,1394,0.457,184.0,15.0,12878.17,3014.53
2026-07-09,Paid Search,Mobile,591,508,1745,0.463,78.0,15.0,10316.81,4928.18
2026-05-04,Direct,Desktop,359,321,1172,0.396,174.0,20.0,20207.98,0.0
2026-09-17,Social Media,Desktop,351,304,863,0.572,166.0,8.0,7284.27,1139.13
2026-02-14,Referral,Tablet,20,18,54,0.443,126.0,0.0,0.0,40.3
2026-10-17,Referral,Mobile,155,137,345,0.413,122.0,2.0,1715.31,240.32
2026-04-11,Referral,Tablet,51,41,108,0.357,178.0,1.0,860.79,82.97
2026-12-20,Organic Search,Mobile,498,450,1171,0.446,150.0,13.0,13217.46,0.0
2026-04-02,Referral,Mobile,248,194,749,0.416,157.0,8.0,7198.29,512.64
2026-10-26,Social Media,Tablet,90,70,247,0.56,155.0,2.0,1189.73,257.46
2026-12-26,Social Media,Tablet,125,108,333,0.579,116.0,2.0,1074.79,432.68
2026-12-21,Email,Mobile,267,238,757,0.41,104.0,9.0,8834.17,338.83
2026-12-31,Referral,Mobile,173,139,531,0.447,69.0,4.0,3434.7,338.44
2026-05-30,Referral,Desktop,141,112,334,0.416,182.0,5.0,4169.07,219.2
2026-10-06,Referral,Mobile,110,96,234,0.434,153.0,3.0,2464.46,214.18
2026-12-10,Direct,Mobile,227,189,510,0.432,88.0,7.0,6126.81,0.0
2026-11-14,Social Media,Desktop,282,241,750,0.549,181.0,2.0,1473.91,931.64
2026-10-30,Email,Tablet,149,132,376,0.377,145.0,4.0,3509.41,201.23
2026-05-22,Organic Search,Tablet,220,192,666,0.425,113.0,9.0,8064.06,0.0
2026-07-22,Direct,Tablet,133,106,455,0.329,155.0,8.0,8786.47,0.0
2026-08-21,Direct,Tablet,128,100,325,0.354,159.0,6.0,5412.31,0.0
2026-10-22,Social Media,Tablet,92,74,196,0.507,111.0,0.0,0.0,327.04
2026-08-25,Paid Search,Mobile,530,454,1125,0.53,100.0,17.0,14950.15,4818.77
2026-05-01,Social Media,Desktop,410,360,1271,0.5,177.0,10.0,5183.43,1185.47
2026-06-26,Direct,Tablet,146,129,384,0.339,198.0,3.0,3295.45,0.0
2026-09-20,Email,Mobile,300,243,788,0.347,96.0,15.0,13714.91,366.16
2026-09-03,Social Media,Mobile,464,380,1570,0.539,138.0,9.0,3845.74,1610.32
2026-05-02,Direct,Mobile,316,253,983,0.41,127.0,11.0,10656.01,0.0
2026-04-14,Social Media,Desktop,458,407,1293,0.554,232.0,12.0,6845.09,1605.67
2026-08-14,Social Media,Desktop,357,298,922,0.526,147.0,5.0,3050.55,1218.92
2026-01-05,Referral,Desktop,208,180,674,0.38,174.0,4.0,3356.32,329.68
2026-09-19,Direct,Tablet,121,108,273,0.378,158.0,4.0,3835.04,0.0
2026-03-08,Referral,Mobile,204,162,701,0.448,91.0,1.0,605.78,360.42
2026-12-09,Paid Search,Mobile,471,372,1245,0.473,121.0,7.0,6044.07,4286.47
2026-11-11,Organic Search,Mobile,570,492,1368,0.326,100.0,20.0,13485.99,0.0
2026-06-07,Referral,Mobile,144,112,461,0.432,123.0,5.0,3144.22,276.67
2026-10-08,Direct,Tablet,165,142,534,0.336,148.0,7.0,7287.05,0.0
2026-09-22,Social Media,Desktop,269,217,609,0.579,146.0,11.0,7168.1,947.88
2026-05-02,Social Media,Mobile,348,284,733,0.552,154.0,6.0,4748.88,1212.15
2026-12-30,Paid Search,Desktop,369,309,1170,0.46,186.0,12.0,10131.49,2689.58
2026-01-29,Direct,Tablet,114,91,255,0.336,169.0,2.0,2215.29,0.0
2026-04-09,Social Media,Desktop,312,250,1077,0.53,149.0,7.0,3672.33,858.84
2026-02-16,Organic Search,Mobile,678,563,1456,0.413,124.0,21.0,18819.26,0.0
2026-08-01,Paid Search,Mobile,456,365,1101,0.462,159.0,10.0,8710.17,4163.61
2026-08-27,Paid Search,Mobile,553,432,1628,0.467,94.0,8.0,6758.9,5228.58
2026-01-25,Social Media,Desktop,208,176,521,0.542,152.0,7.0,3053.75,668.46
2026-02-04,Referral,Desktop,129,107,280,0.38,168.0,5.0,3595.27,262.67
2026-05-10,Referral,Tablet,20,17,58,0.362,148.0,1.0,850.08,31.88
2026-12-18,Organic Search,Tablet,192,162,491,0.387,122.0,6.0,3875.2,0.0
2026-04-07,Referral,Mobile,114,94,249,0.515,131.0,3.0,2200.05,203.73
2026-02-21,Social Media,Mobile,338,295,798,0.523,118.0,7.0,3760.4,1194.61
2026-11-22,Organic Search,Desktop,388,328,1265,0.379,193.0,19.0,14712.06,0.0
2026-01-17,Social Media,Mobile,365,288,1069,0.552,73.0,1.0,731.17,1340.13
2026-02-28,Social Media,Tablet,140,111,457,0.547,135.0,3.0,1879.11,467.09
2026-07-14,Paid Search,Tablet,214,191,737,0.491,174.0,2.0,970.91,1653.57
2026-10-03,Direct,Desktop,225,200,515,0.326,175.0,14.0,12710.17,0.0
2026-03-07,Paid Search,Desktop,313,248,1085,0.369,220.0,10.0,7856.16,2426.41
2026-08-06,Organic Search,Mobile,655,516,2259,0.431,84.0,22.0,19731.2,0.0
2026-06-21,Organic Search,Desktop,610,530,2042,0.363,147.0,13.0,,0.0
2026-03-28,Direct,Mobile,299,244,936,0.361,90.0,17.0,14245.33,0.0
2026-11-01,Referral,Mobile,189,171,512,0.472,118.0,2.0,972.21,333.42
2026-10-20,Direct,Tablet,20,18,42,0.319,139.0,2.0,1751.92,0.0
2026-02-22,Social Media,Tablet,90,72,284,0.552,154.0,0.0,0.0,281.32
2026-10-17,Direct,Desktop,233,184,785,0.353,154.0,7.0,7594.51,0.0
2026-09-20,Referral,Mobile,140,121,329,0.414,99.0,4.0,2702.65,253.22
2026-01-01,Direct,Desktop,202,159,457,0.31,194.0,10.0,9421.84,0.0
2026-03-04,Organic Search,Mobile,597,486,1595,0.36,138.0,12.0,8956.51,0.0
2026-12-28,Direct,Mobile,295,230,1000,0.359,101.0,14.0,12400.83,0.0
2026-06-21,Referral,Tablet,67,59,143,0.42,174.0,0.0,0.0,119.98
2026-06-30,Social Media,Desktop,328,268,832,0.519,217.0,4.0,3203.85,933.24
2026-02-05,Direct,Desktop,330,264,905,0.324,187.0,9.0,9459.25,0.0
2026-10-05,Organic Search,Tablet,253,224,628,0.424,146.0,4.0,4315.38,0.0
2026-09-09,Paid Search,Mobile,454,400,993,0.556,125.0,11.0,10758.09,3440.87
2026-05-10,Referral,Mobile,120,107,284,0.486,143.0,6.0,3517.55,232.25
2026-06-29,Direct,Mobile,409,368,878,0.405,126.0,15.0,15424.52,0.0
2026-03-15,Paid Search,Tablet,56,49,181,0.415,126.0,1.0,852.0,529.3
2026-08-13,Paid Search,Desktop,490,424,1032,0.441,100.0,15.0,12133.45,4655.03
2026-05-15,Paid Search,Tablet,240,194,508,0.438,130.0,2.0,1440.01,2213.12
2026-11-30,Email,Mobile,261,217,572,0.359,70.0,8.0,7989.99,336.12
2026-10-15,Direct,Desktop,321,267,1046,0.329,156.0,12.0,11429.06,0.0
2026-07-27,Direct,Mobile,327,255,693,0.384,136.0,18.0,18144.27,0.0
2026-05-20,Referral,Desktop,152,119,524,0.416,198.0,2.0,1362.38,270.32
2026-12-03,Email,Tablet,90,70,193,0.303,120.0,4.0,3980.1,113.25
2026-05-25,Social Media,Desktop,417,363,1183,0.532,192.0,10.0,5514.83,1458.85
2026-08-27,Direct,Desktop,290,247,836,0.42,170.0,12.0,12760.37,0.0
2026-02-06,Paid Search,Tablet,72,59,196,0.529,168.0,3.0,2240.41,702.22
2026-01-24,Referral,Desktop,96,83,314,0.35,202.0,4.0,2893.33,185.56
2026-07-05,Organic Search,Tablet,218,190,505,0.349,108.0,6.0,5060.8,0.0
2026-10-17,Email,Mobile,212,191,685,0.423,118.0,12.0,9250.47,261.98
2026-06-19,Organic Search,Tablet,224,185,596,0.399,91.0,8.0,8473.83,0.0
2026-09-16,Email,Desktop,320,280,977,0.302,215.0,17.0,13579.53,338.38
2026-10-31,Email,Mobile,272,239,780,0.214,111.0,,13641.45,297.23
2026-07-10,Direct,Mobile,454,360,1163,0.392,114.0,19.0,20383.48,0.0
2026-11-11,Referral,Desktop,128,100,315,0.435,182.0,6.0,4695.95,243.4
2026-12-18,Paid Search,Tablet,276,234,850,0.329,124.0,5.0,4493.62,2316.98
2026-04-29,Social Media,Tablet,111,93,283,0.584,172.0,2.0,968.13,314.56
2026-05-28,Referral,Tablet,91,72,280,0.416,154.0,1.0,756.17,146.7
2026-02-16,Email,Mobile,282,226,811,0.364,116.0,15.0,11795.91,326.18
2026-03-02,Social Media,Mobile,408,319,1307,0.538,123.0,9.0,4857.52,1339.44
2026-10-28,Referral,Tablet,82,68,269,0.455,170.0,1.0,873.99,135.3
2026-09-23,Paid Search,Desktop,444,381,1084,0.504,217.0,9.0,8021.84,3807.21
2026-12-06,Organic Search,Mobile,572,458,1405,0.39,102.0,13.0,12765.06,0.0
2026-12-02,Social Media,Desktop,316,276,973,0.501,203.0,7.0,3737.56,894.65
2026-11-18,Referral,Desktop,204,162,458,0.383,162.0,5.0,3609.22,411.5
2026-02-17,Email,Mobile,317,271,835,0.339,95.0,17.0,14330.78,424.95
2026-07-13,Organic Search,Mobile,781,681,2657,0.466,120.0,16.0,11659.16,0.0
2026-07-30,Social Media,Mobile,346,298,915,0.59,135.0,11.0,5961.94,1062.94
2026-03-22,Social Media,Tablet,81,70,235,0.603,128.0,1.0,550.24,244.24
2026-10-29,Organic Search,Tablet,182,143,405,0.347,153.0,4.0,3107.95,0.0
2026-08-22,Direct,Mobile,349,314,930,0.346,107.0,12.0,13107.31,0.0
2026-06-14,Email,Tablet,83,67,282,0.241,114.0,4.0,3138.1,88.05
2026-09-15,Organic Search,Desktop,589,472,1862,0.36,153.0,23.0,19908.4,0.0
2026-12-21,Social Media,Desktop,405,359,897,0.531,169.0,5.0,4265.54,1235.9
2026-06-10,Email,Mobile,328,285,986,0.379,110.0,7.0,5691.03,339.78
2026-09-08,Organic Search,Desktop,613,480,1735,0.386,208.0,19.0,16276.72,0.0
2026-04-07,Referral,Tablet,52,43,149,0.411,159.0,1.0,594.17,104.88
2026-02-08,Email,Desktop,205,165,556,0.342,232.0,7.0,5749.89,232.11
2026-07-01,Social Media,Desktop,413,373,1379,0.582,211.0,8.0,3045.41,1343.54
2026-06-27,Social Media,Tablet,107,93,370,0.574,135.0,1.0,607.1,360.46
2026-06-28,Referral,Tablet,20,17,43,0.37,97.0,0.0,0.0,35.39
2026-01-11,Social Media,Tablet,64,52,177,0.533,154.0,0.0,0.0,207.89
2026-01-16,Referral,Tablet,62,56,148,0.475,136.0,1.0,883.52,107.47
2026-04-07,Email,Mobile,227,205,717,0.358,93.0,13.0,13340.99,272.11
2026-10-13,Email,Mobile,309,278,752,0.305,112.0,17.0,17058.59,367.29
2026-08-15,Email,Desktop,233,206,765,0.297,176.0,13.0,10735.12,275.08
2026-05-13,Organic Search,Mobile,696,546,2123,0.387,134.0,22.0,23535.13,0.0
2026-01-10,Social Media,Mobile,327,289,1132,0.579,141.0,8.0,5028.96,1024.12
2026-07-03,Direct,Mobile,455,397,1385,0.346,187.0,11.0,9634.22,0.0
2026-07-24,Direct,Desktop,345,279,961,0.328,209.0,23.0,24544.06,0.0
2026-12-11,Email,Tablet,53,44,150,0.307,157.0,1.0,910.0,64.34
2026-07-09,Organic Search,Mobile,728,655,2374,0.415,100.0,13.0,10121.16,0.0
2026-04-04,Email,Mobile,275,230,640,0.384,145.0,9.0,8265.17,301.79
2026-03-30,Organic Search,Tablet,229,189,646,0.358,154.0,6.0,5080.68,0.0
2026-08-29,Organic Search,Desktop,502,420,1439,0.433,170.0,18.0,13760.13,0.0
2026-03-16,Social Media,Desktop,400,347,1024,0.581,217.0,9.0,5091.34,1366.26
2026-05-29,Direct,Desktop,383,306,952,0.349,154.0,16.0,17730.95,0.0
2026-04-07,Paid Search,Mobile,548,454,1374,0.528,149.0,16.0,12546.22,4738.73
2026-06-07,Organic Search,Mobile,602,533,1549,0.46,84.0,14.0,9661.63,0.0
2026-06-21,Organic Search,Tablet,203,165,440,0.422,170.0,6.0,5825.43,0.0
2026-07-27,Social Media,Mobile,544,476,1232,0.572,90.0,6.0,4511.02,1852.61
2026-12-25,Referral,Tablet,59,52,176,0.369,184.0,0.0,0.0,103.33
2026-05-24,Email,Mobile,278,242,764,0.367,120.0,12.0,9883.15,287.43
2026-07-19,Organic Search,Mobile,636,517,1941,0.333,110.0,17.0,12980.6,0.0
2026-01-12,Direct,Desktop,389,321,1164,0.422,214.0,12.0,12028.76,0.0
2026-10-17,Social Media,Desktop,291,250,668,0.516,186.0,7.0,5439.08,793.62
2026-04-20,Organic Search,Tablet,256,205,602,0.324,109.0,5.0,3828.72,0.0
2026-08-23,Paid Search,Desktop,458,397,1246,0.423,211.0,11.0,8092.49,3357.84
2026-10-07,Social Media,Desktop,374,337,813,0.524,208.0,6.0,3884.97,1163.16
2026-07-25,Email,Mobile,297,233,925,0.369,98.0,17.0,13724.75,307.54
2026-01-05,Organic Search,Mobile,605,493,1865,0.428,88.0,19.0,18521.1,0.0
2026-05-14,Email,Tablet,62,50,138,0.234,111.0,1.0,1076.98,84.82
2026-08-27,Referral,Tablet,84,74,279,0.414,158.0,3.0,2081.9,135.4
2026-08-11,Social Media,Mobile,467,391,1086,0.582,114.0,7.0,5474.9,1315.54
2026-10-05,Paid Search,Desktop,439,397,1375,0.468,216.0,7.0,4332.51,3467.13
2026-03-28,Referral,Mobile,178,141,539,0.446,139.0,3.0,2185.27,363.49
2026-08-09,Social Media,Desktop,399,324,1256,0.507,171.0,11.0,6996.86,1406.23
2026-12-08,Referral,Tablet,104,82,222,0.385,162.0,5.0,3975.06,199.8
2026-08-28,Social Media,Mobile,520,444,1164,0.559,157.0,7.0,5348.42,1901.65
2026-10-29,Paid Search,Mobile,444,353,1094,0.551,122.0,11.0,8812.6,3212.71
2026-09-25,Social Media,Tablet,177,140,615,0.574,130.0,1.0,580.13,641.6
2026-12-07,Organic Search,Mobile,621,520,1785,0.4,164.0,11.0,10698.89,0.0
2026-04-15,Paid Search,Mobile,606,535,1944,0.496,156.0,15.0,11003.16,5644.61
2026-05-24,Email,Tablet,110,91,322,0.308,176.0,5.0,4634.21,148.12
2026-03-10,Social Media,Mobile,555,445,1579,0.599,170.0,16.0,8478.11,1851.88
2026-08-17,Social Media,Desktop,395,322,1166,0.565,173.0,13.0,8037.65,1356.05
2026-06-08,Referral,Mobile,247,196,567,0.441,142.0,6.0,5041.58,394.14
2026-03-23,Social Media,Mobile,459,372,1169,0.592,140.0,8.0,4565.98,1667.91
2026-03-11,Referral,Mobile,190,150,553,0.481,55.0,3.0,2470.92,302.89
2026-05-12,Referral,Tablet,20,16,48,0.425,179.0,1.0,859.57,36.86
2026-12-23,Direct,Tablet,166,138,416,0.352,144.0,4.0,3915.76,0.0
2026-04-06,Social Media,Tablet,57,49,171,0.516,136.0,3.0,1779.45,179.63
2026-03-18,Email,Tablet,99,89,322,0.354,151.0,8.0,5753.48,129.06
2026-12-06,Paid Search,Desktop,335,280,1028,0.424,163.0,12.0,9253.92,3197.66
2026-09-17,Direct,Tablet,96,76,220,0.353,152.0,7.0,6912.29,0.0
2026-01-07,Paid Search,Tablet,37,32,109,0.418,139.0,0.0,0.0,347.7
2026-11-06,Paid Search,Mobile,505,454,1176,0.494,163.0,17.0,12056.94,4760.8
2026-05-23,Direct,Tablet,47,37,131,0.34,130.0,7.0,6375.94,0.0
2026-03-21,Referral,Mobile,162,142,501,0.414,101.0,5.0,4341.37,283.3
2026-09-30,Referral,Tablet,20,16,56,0.364,153.0,0.0,0.0,39.51
2026-08-01,Direct,Mobile,361,299,945,0.385,115.0,18.0,17678.79,0.0
2026-04-19,Organic Search,Mobile,594,510,1311,0.445,108.0,19.0,15406.84,0.0
2026-12-01,Social Media,Tablet,115,103,363,0.516,125.0,4.0,2606.8,417.23
2026-05-07,Social Media,Mobile,471,383,1441,0.541,90.0,12.0,6968.63,1592.39
2026-01-29,Paid Search,Desktop,415,341,1352,0.427,185.0,15.0,12392.72,3622.22
2026-05-29,Paid Search,Tablet,176,150,587,0.493,153.0,7.0,4218.44,1468.79
2026-05-01,Direct,Mobile,285,242,961,0.437,139.0,16.0,15244.41,0.0
2026-09-09,Email,Tablet,46,40,157,0.271,167.0,6.0,5457.44,48.49
2026-06-06,Paid Search,Mobile,442,383,1129,0.455,88.0,12.0,10259.2,4180.31
2026-12-21,Organic Search,Desktop,559,465,1945,0.401,146.0,16.0,14459.71,0.0
2026-06-13,Email,Mobile,258,225,635,0.371,144.0,13.0,13487.92,294.38
2026-10-10,Organic Search,Mobile,522,445,1521,0.473,124.0,18.0,15679.36,0.0
2026-07-16,Email,Mobile,329,282,929,0.334,79.0,20.0,17329.52,408.21
2026-11-06,Organic Search,Desktop,500,441,1211,0.331,184.0,17.0,13590.14,0.0
2026-01-15,Organic Search,Desktop,535,437,1713,0.376,171.0,28.0,22534.54,0.0
2026-03-21,Organic Search,Mobile,534,484,1443,0.441,153.0,15.0,13344.22,0.0
2026-12-07,Paid Search,Mobile,458,367,1296,0.511,153.0,12.0,10170.49,3994.11
2026-01-20,Social Media,Tablet,116,94,303,0.542,138.0,2.0,1097.83,342.84
2026-07-29,Paid Search,Tablet,88,76,287,0.43,203.0,1.0,722.0,758.48
2026-12-10,Organic Search,Tablet,244,211,742,0.41,170.0,9.0,9904.58,0.0
2026-12-26,Email,Desktop,207,170,488,0.308,157.0,12.0,12871.53,241.71
2026-06-30,Social Media,Tablet,138,119,381,0.548,192.0,6.0,5042.34,441.92
2026-01-26,Social Media,Mobile,381,330,1034,0.525,151.0,8.0,6817.69,1312.24
2026-11-13,Organic Search,Desktop,491,386,1295,0.41,198.0,13.0,12064.73,0.0
2026-01-27,Email,Tablet,122,102,422,0.335,108.0,9.0,9035.28,135.63
2026-03-03,Referral,Mobile,279,250,775,0.51,113.0,8.0,5077.34,430.37
2026-02-14,Social Media,Desktop,314,249,679,0.532,198.0,4.0,3379.37,1082.38
2026-09-14,Social Media,Mobile,456,407,1009,0.566,78.0,10.0,6729.91,1301.54
2026-01-17,Email,Mobile,212,180,589,0.409,152.0,10.0,8316.8,287.33
2026-11-06,Direct,Desktop,305,272,770,0.375,159.0,13.0,10734.58,0.0
2026-07-12,Paid Search,Mobile,508,427,1531,0.466,90.0,21.0,16081.15,4576.06
2026-01-02,Social Media,Tablet,83,71,197,0.507,172.0,2.0,1306.13,235.62
2026-07-25,Organic Search,Desktop,502,397,1498,0.322,161.0,16.0,15293.26,0.0
2026-05-07,Paid Search,Desktop,520,426,1534,0.396,179.0,22.0,15443.09,4823.37
2026-04-10,Email,Desktop,266,229,930,0.2,160.0,20.0,11950.09,360.21
2026-10-26,Paid Search,Tablet,79,63,173,0.419,122.0,2.0,1360.31,607.26
2026-08-06,Referral,Desktop,115,93,319,0.463,223.0,1.0,758.88,213.61
2026-09-15,Social Media,Tablet,149,134,474,0.504,112.0,2.0,1106.86,466.86
2026-03-13,Email,Desktop,262,225,728,0.263,172.0,14.0,11198.92,267.61
2026-03-13,Paid Search,Desktop,406,354,1293,0.4,183.0,12.0,9777.74,3639.22
2026-05-17,Email,Mobile,306,268,998,0.315,174.0,18.0,17600.13,370.2
2026-01-13,Direct,Mobile,238,192,595,0.39,129.0,9.0,9417.92,0.0
2026-06-25,Referral,Tablet,41,37,113,0.413,157.0,2.0,1430.6,83.47
2026-05-19,Paid Search,Mobile,655,569,2138,0.476,78.0,14.0,11243.52,4823.26
2026-09-10,Organic Search,Desktop,584,524,1998,0.384,188.0,26.0,23858.1,0.0
2026-06-19,Social Media,Mobile,502,404,1280,0.535,148.0,4.0,1948.97,1386.98
2026-07-12,Social Media,Tablet,79,65,268,0.574,167.0,0.0,0.0,263.41
2026-06-17,Paid Search,Mobile,602,503,1787,0.472,108.0,14.0,11543.66,4978.85
2026-12-13,Paid Search,Tablet,185,158,562,0.434,160.0,8.0,5778.03,1537.33
2026-06-04,Referral,Tablet,98,79,337,0.356,198.0,2.0,1538.29,168.6
2026-10-14,Organic Search,Desktop,631,512,1751,0.467,209.0,20.0,15468.68,0.0
2026-11-10,Paid Search,Mobile,527,471,1227,0.533,122.0,12.0,8892.93,4035.24
2026-10-14,Social Media,Tablet,138,118,385,0.601,128.0,5.0,3525.83,462.49
2026-05-16,Referral,Mobile,196,154,644,0.449,159.0,3.0,1959.77,325.03
2026-10-03,Referral,Desktop,73,63,190,0.383,155.0,3.0,2659.19,113.75
2026-05-09,Social Media,Tablet,149,117,424,0.573,155.0,3.0,2152.88,431.04
2026-12-11,Social Media,Desktop,297,260,684,0.517,215.0,4.0,2747.54,1070.02
2026-08-16,Organic Search,Mobile,580,465,1654,0.452,123.0,19.0,16012.82,0.0
2026-10-28,Paid Search,Mobile,458,362,1057,0.483,119.0,15.0,12589.01,3751.81
2026-08-31,Email,Desktop,211,177,453,0.351,156.0,10.0,7612.78,275.07
2026-03-31,Direct,Desktop,316,269,798,0.326,220.0,21.0,22093.73,0.0
2026-07-21,Organic Search,Tablet,212,172,551,0.43,177.0,6.0,5175.7,0.0
2026-02-03,Direct,Mobile,356,290,1186,0.429,113.0,11.0,12954.67,0.0
2026-05-23,Referral,Desktop,231,209,689,0.344,203.0,4.0,2820.33,466.59
2026-10-05,Social Media,Mobile,358,306,829,0.588,112.0,4.0,2282.13,1208.48
2026-11-28,Email,Tablet,69,55,239,0.277,153.0,2.0,1908.94,82.78
2026-01-30,Email,Tablet,163,138,483,0.262,132.0,9.0,8637.51,209.77
2026-10-21,Social Media,Mobile,433,377,1104,0.513,123.0,7.0,3789.29,1488.31
2026-08-03,Paid Search,Tablet,198,170,538,0.432,167.0,7.0,6665.33,1890.34
2026-10-22,Referral,Tablet,82,67,223,0.372,159.0,1.0,735.51,130.09
2026-12-25,Direct,Desktop,277,238,940,0.301,174.0,14.0,15532.4,0.0
2026-07-02,Direct,Mobile,398,337,931,0.385,114.0,15.0,15993.87,0.0
2026-12-13,Social Media,Desktop,206,173,666,0.564,174.0,5.0,3353.41,579.65
2026-01-12,Paid Search,Tablet,212,173,681,0.431,140.0,4.0,3059.05,1669.41
2026-01-19,Referral,Desktop,161,135,345,0.451,137.0,7.0,4597.58,323.02
2026-04-26,Social Media,Mobile,457,395,1190,0.523,107.0,10.0,7256.87,1646.3
2026-05-18,Social Media,Mobile,406,362,1058,0.557,122.0,5.0,2628.0,1259.82
2026-07-09,Direct,Desktop,355,287,875,0.289,191.0,14.0,15225.59,0.0
2026-02-16,Email,Desktop,247,219,648,0.406,194.0,14.0,12719.76,301.34
2026-09-22,Direct,Desktop,285,258,606,0.3,128.0,8.0,8751.46,0.0
2026-08-12,Referral,Tablet,53,43,165,0.455,97.0,0.0,0.0,108.05
2026-08-01,Paid Search,Tablet,132,116,376,0.439,158.0,2.0,1496.0,1075.61
2026-01-22,Email,Desktop,204,181,611,0.247,204.0,15.0,12514.24,208.14
2026-03-10,Social Media,Desktop,312,262,851,0.523,154.0,1.0,636.63,960.49
2026-11-18,Social Media,Mobile,314,275,982,0.597,114.0,8.0,6939.19,1131.02
2026-09-01,Email,Tablet,62,50,148,0.216,170.0,3.0,2990.4,76.67
2026-10-13,Email,Tablet,91,80,279,0.306,141.0,4.0,3618.99,97.22
2026-03-31,Social Media,Mobile,436,351,1459,0.526,102.0,4.0,2998.92,1214.11
2026-05-10,Email,Tablet,184,152,537,0.342,130.0,10.0,9719.77,233.14
2026-07-12,Organic Search,Tablet,140,110,336,0.374,194.0,3.0,2697.34,0.0
2026-08-11,Referral,Desktop,199,174,459,0.449,196.0,3.0,2329.17,310.23
2026-08-16,Referral,Mobile,195,173,411,0.478,122.0,4.0,3576.24,369.43
2026-09-02,Direct,Tablet,32,28,109,0.316,132.0,1.0,1108.06,0.0
2026-10-27,Organic Search,Mobile,557,476,1925,0.379,144.0,12.0,11190.7,0.0
2026-05-19,Organic Search,Desktop,570,470,1258,0.416,205.0,26.0,23919.2,0.0
2026-04-18,Direct,Tablet,85,75,253,0.404,178.0,7.0,6017.54,0.0
2026-07-19,Email,Mobile,343,286,1061,0.326,134.0,13.0,11811.82,352.7
2026-07-15,Referral,Tablet,20,17,68,0.447,118.0,0.0,0.0,35.31
2026-04-27,Referral,Desktop,83,71,178,0.411,173.0,1.0,746.69,167.89
2026-12-25,Referral,Mobile,169,142,521,0.438,109.0,4.0,2529.05,327.84
2026-08-08,Referral,Mobile,145,123,385,0.413,138.0,2.0,1696.18,243.22
2026-06-22,Direct,Mobile,390,333,1150,0.383,101.0,14.0,11434.75,0.0
2026-09-30,Paid Search,Tablet,111,92,331,0.445,169.0,2.0,1715.39,833.75
2026-07-12,Paid Search,Desktop,451,352,1392,0.462,157.0,15.0,11695.35,4324.48
2026-02-07,Email,Tablet,114,94,380,0.293,146.0,3.0,2801.29,146.89
2026-11-05,Email,Desktop,211,184,625,0.269,137.0,7.0,5218.89,283.26
2026-04-30,Social Media,Mobile,454,388,1526,0.559,154.0,10.0,8520.9,1603.96
2026-09-06,Direct,Mobile,343,276,939,0.31,88.0,18.0,19828.39,0.0
2026-06-28,Social Media,Mobile,339,302,1129,0.614,127.0,10.0,6335.9,1004.32
2026-01-04,Social Media,Mobile,430,364,1346,0.564,139.0,7.0,4430.71,1499.79
2026-04-28,Organic Search,Mobile,772,631,2141,0.471,134.0,30.0,26333.12,0.0
2026-11-17,Direct,Mobile,307,243,750,0.321,109.0,16.0,15687.56,0.0
2026-10-23,Paid Search,Mobile,521,460,1311,0.421,108.0,7.0,5973.39,4167.04
2026-05-30,Social Media,Desktop,298,267,640,0.529,163.0,9.0,7210.65,945.62
2026-02-06,Email,Desktop,196,153,451,0.32,173.0,16.0,12818.88,224.18
2026-02-13,Referral,Mobile,149,128,357,0.45,118.0,3.0,2582.19,270.96
2026-09-18,Social Media,Desktop,376,311,913,0.522,189.0,10.0,7943.1,1310.93
2026-08-02,Email,Mobile,250,217,761,0.355,88.0,14.0,12212.35,331.19
2026-03-17,Email,Desktop,254,227,877,0.256,147.0,17.0,15065.56,290.06
2026-12-23,Social Media,Mobile,435,356,1218,0.534,107.0,7.0,3904.16,1396.39
2026-12-07,Referral,Tablet,99,90,316,0.389,165.0,3.0,2271.02,196.77
2026-05-23,Direct,Mobile,251,208,765,0.411,118.0,11.0,9960.56,0.0
2026-10-04,Social Media,Desktop,335,301,717,0.596,176.0,8.0,6116.93,1173.6
2026-11-15,Paid Search,Mobile,404,346,1003,0.576,126.0,10.0,7932.85,3194.3
2026-05-11,Paid Search,Mobile,623,522,1434,0.546,76.0,17.0,11608.46,4738.43
2026-06-03,Email,Desktop,269,233,692,0.356,201.0,15.0,13687.15,298.21
2026-10-06,Paid Search,Mobile,621,530,1614,0.508,156.0,13.0,9087.57,5737.02
2026-08-07,Social Media,Mobile,474,410,1245,0.593,153.0,9.0,6256.68,1294.41
2026-11-08,Organic Search,Mobile,519,467,1159,0.386,139.0,17.0,14146.12,0.0
2026-04-09,Referral,Mobile,242,208,636,0.492,102.0,0.0,0.0,471.02
2026-11-28,Organic Search,Tablet,153,132,372,0.413,155.0,5.0,4793.08,0.0
2026-02-14,Email,Tablet,76,60,209,0.393,135.0,2.0,1802.23,104.03
2026-02-17,Email,Tablet,38,34,86,0.309,121.0,2.0,1766.81,46.28
2026-10-06,Referral,Tablet,114,100,298,0.35,90.0,4.0,2968.69,235.45
2026-07-25,Referral,Mobile,121,100,342,0.475,111.0,4.0,2426.81,191.55
2026-09-14,Email,Mobile,325,269,992,0.325,130.0,16.0,15772.16,380.04
2026-01-13,Paid Search,Desktop,406,350,1149,0.382,172.0,11.0,7184.83,3109.06
2026-03-13,Email,Mobile,308,251,859,0.333,136.0,20.0,19455.5,360.84
2026-02-02,Social Media,Desktop,341,285,975,0.528,158.0,3.0,1607.94,1190.81
2026-01-03,Social Media,Mobile,327,279,948,0.468,132.0,7.0,4839.72,1043.94
2026-03-10,Email,Mobile,353,292,810,0.394,148.0,15.0,13359.42,407.51
2026-12-16,Email,Mobile,279,234,907,0.38,133.0,13.0,12046.34,354.28
2026-12-20,Paid Search,Mobile,343,306,769,0.524,93.0,3.0,2606.62,2825.54
2026-04-16,Organic Search,Tablet,159,132,454,0.387,123.0,2.0,1514.11,0.0
2026-11-15,Referral,Tablet,53,42,147,0.424,187.0,1.0,639.96,106.18
2026-07-07,Email,Tablet,104,83,227,0.338,145.0,8.0,7892.05,142.61
2026-10-29,Social Media,Mobile,338,307,861,0.574,89.0,8.0,3711.21,1238.58
2026-03-01,Email,Desktop,190,167,583,0.318,144.0,13.0,14617.14,210.64
2026-02-09,Referral,Mobile,162,133,433,0.405,100.0,5.0,4566.31,279.9
2026-03-25,Email,Tablet,62,55,159,0.313,177.0,5.0,5144.83,77.33
2026-02-07,Paid Search,Mobile,371,328,1261,0.528,162.0,9.0,7231.16,3084.37
2026-10-19,Social Media,Mobile,423,378,1337,0.548,175.0,9.0,5984.37,1547.96
2026-12-19,Paid Search,Tablet,131,117,325,0.428,124.0,4.0,3226.86,1202.56
2026-02-19,Referral,Desktop,219,191,691,0.393,194.0,7.0,4389.38,420.06
2026-06-20,Referral,Mobile,186,147,510,0.456,155.0,4.0,2669.16,362.53
2026-07-16,Direct,Desktop,300,244,802,0.319,170.0,10.0,9238.05,0.0
2026-06-13,Paid Search,Desktop,430,366,1101,0.47,180.0,10.0,9287.09,3545.42
2026-11-05,Organic Search,Tablet,264,229,854,0.342,166.0,14.0,10546.46,0.0
2026-05-16,Social Media,Desktop,239,193,543,0.526,147.0,8.0,6687.31,719.56
2026-05-20,Direct,Mobile,493,416,1274,0.449,117.0,13.0,13422.03,0.0
2026-10-29,Organic Search,Mobile,613,512,1564,0.452,99.0,13.0,10518.49,0.0
2026-10-05,Email,Tablet,118,105,301,0.297,193.0,9.0,8183.31,132.74
2026-04-15,Organic Search,Tablet,234,188,554,0.397,113.0,9.0,8085.24,0.0
2026-04-09,Paid Search,Tablet,249,211,724,0.456,101.0,6.0,5506.5,2202.8
2026-09-22,Social Media,Tablet,154,136,500,0.505,136.0,2.0,1405.17,528.84
2026-12-11,Organic Search,Tablet,148,124,493,0.358,167.0,4.0,3115.38,0.0
2026-04-21,Paid Search,Desktop,532,445,1847,0.506,191.0,23.0,19485.35,4847.54
2026-10-16,Organic Search,Tablet,193,165,584,0.436,146.0,11.0,9560.46,0.0
2026-06-20,Social Media,Desktop,341,276,1006,0.5,155.0,5.0,3799.5,1159.58
2026-05-25,Referral,Tablet,109,91,275,0.372,144.0,0.0,0.0,198.03
2026-02-10,Email,Tablet,89,78,224,0.274,131.0,7.0,7228.63,118.89
2026-09-22,Email,Mobile,213,174,477,0.349,128.0,7.0,5973.14,272.5
2026-12-08,Direct,Tablet,162,127,481,0.326,115.0,7.0,6929.87,0.0
2026-06-23,Referral,Mobile,172,148,438,0.428,127.0,4.0,2905.87,283.15
2026-03-11,Direct,Mobile,347,295,910,0.395,86.0,19.0,18125.22,0.0
2026-04-27,Referral,Mobile,203,173,664,0.461,105.0,5.0,3076.63,393.2
2026-11-19,Email,Mobile,258,229,879,0.376,127.0,17.0,15272.88,351.39
2026-08-05,Paid Search,Desktop,458,363,1565,0.461,218.0,7.0,5759.92,3677.34
2026-02-19,Referral,Mobile,236,188,539,0.457,133.0,8.0,6529.02,434.27
2026-01-24,Direct,Tablet,112,93,321,0.34,103.0,7.0,7139.29,0.0
2026-09-09,Organic Search,Mobile,661,581,1949,0.425,133.0,10.0,8886.44,0.0
2026-07-25,Referral,Tablet,37,28,102,0.332,158.0,1.0,782.29,59.05
2026-10-13,Organic Search,Desktop,516,451,1116,0.352,178.0,23.0,20658.71,0.0
2026-11-27,Organic Search,Mobile,581,475,1696,0.403,113.0,21.0,21125.2,0.0
2026-03-09,Referral,Mobile,172,148,553,0.478,141.0,3.0,1941.32,329.34
2026-11-20,Direct,Mobile,278,250,830,0.426,132.0,13.0,12306.14,0.0
2026-07-13,Social Media,Mobile,589,500,1686,0.526,101.0,5.0,3518.49,2086.94
2026-07-10,Social Media,Tablet,40,31,117,0.507,175.0,0.0,0.0,139.58
2026-12-30,Paid Search,Mobile,485,393,1531,0.487,127.0,11.0,8792.31,4206.88
2026-03-02,Referral,Mobile,228,182,635,0.5,153.0,6.0,4441.17,410.36
2026-04-26,Organic Search,Tablet,192,166,517,0.394,188.0,10.0,9283.38,0.0
2026-11-26,Social Media,Desktop,319,274,767,0.566,161.0,7.0,3913.24,1103.06
2026-08-28,Paid Search,Desktop,485,385,1211,0.426,189.0,15.0,11671.89,4256.75
2026-11-30,Direct,Mobile,325,283,1054,0.357,111.0,16.0,16512.95,0.0
2026-04-10,Social Media,Desktop,418,327,960,0.538,175.0,10.0,7043.73,1473.63
2026-09-21,Direct,Mobile,297,238,847,0.408,118.0,10.0,8615.39,0.0
2026-09-16,Direct,Desktop,292,240,790,0.408,184.0,13.0,12725.33,0.0
2026-10-23,Social Media,Mobile,345,292,1140,0.477,115.0,2.0,1514.46,1258.08
2026-01-11,Direct,Desktop,289,249,957,0.299,116.0,17.0,16339.75,0.0
2026-05-10,Referral,Desktop,116,101,265,0.338,210.0,0.0,0.0,235.65
2026-03-04,Email,Mobile,213,189,628,0.381,86.0,9.0,8742.62,290.76
2026-05-31,Paid Search,Tablet,102,85,339,0.436,178.0,3.0,2226.32,989.93
2026-09-06,Referral,Desktop,165,148,439,0.413,200.0,6.0,4433.0,269.46
2026-08-18,Paid Search,Tablet,139,114,432,0.336,133.0,2.0,1579.23,1020.73
2026-01-17,Referral,Mobile,40,34,89,0.503,82.0,1.0,871.0,74.02
2026-09-18,Email,Tablet,100,79,328,0.367,105.0,5.0,4517.55,109.74
2026-03-13,Direct,Tablet,116,103,305,0.337,160.0,3.0,2562.02,0.0
2026-01-04,Referral,Mobile,174,154,482,0.452,175.0,4.0,2917.17,321.39
2026-11-11,Email,Mobile,301,237,729,0.235,132.0,14.0,13780.74,402.87
2026-07-06,Email,Desktop,363,301,1262,0.355,238.0,22.0,16584.79,475.25
2026-11-09,Email,Mobile,352,296,902,0.292,133.0,24.0,23931.91,393.37
2026-02-16,Paid Search,Desktop,501,414,1094,0.437,,10.0,6297.0,4291.54
2026-06-02,Email,Mobile,374,310,913,0.324,139.0,19.0,16435.46,387.06
2026-03-22,Referral,Mobile,198,168,575,0.419,129.0,0.0,0.0,337.41
2026-12-29,Email,Mobile,341,269,971,0.342,121.0,16.0,12302.3,349.89
2026-01-14,Paid Search,Mobile,455,355,1235,0.491,98.0,14.0,8874.32,4113.13
2026-01-06,Organic Search,Tablet,189,155,461,0.32,126.0,4.0,3513.03,0.0
2026-10-13,Direct,Mobile,320,262,1076,0.371,124.0,9.0,9894.38,0.0
2026-06-17,Paid Search,Tablet,280,238,969,0.451,141.0,8.0,6513.11,2107.21
2026-05-26,Social Media,Tablet,90,75,284,0.497,179.0,1.0,575.23,264.67
2026-12-04,Paid Search,Tablet,147,121,335,0.467,140.0,4.0,3954.35,1270.74
2026-08-03,Referral,Desktop,101,86,323,0.381,181.0,4.0,3496.27,186.48
2026-12-29,Social Media,Mobile,332,297,720,0.597,143.0,6.0,3248.83,1041.85
2026-12-12,Referral,Tablet,59,46,175,0.396,135.0,1.0,779.71,94.95
2026-02-25,Email,Tablet,197,156,672,0.277,108.0,9.0,6842.05,227.63
2026-12-16,Referral,Mobile,153,131,441,0.412,150.0,3.0,1592.31,304.56
2026-07-02,Email,Desktop,329,293,1019,0.353,178.0,15.0,14504.09,415.04
2026-08-19,Paid Search,Mobile,529,434,1307,0.514,111.0,15.0,11128.48,4604.25
2026-03-27,Organic Search,Tablet,224,181,587,0.395,182.0,8.0,7160.84,0.0
2026-08-01,Email,Desktop,305,260,777,0.303,190.0,12.0,9451.53,353.95
2026-01-23,Referral,Desktop,140,125,351,0.413,225.0,6.0,4797.09,222.03
2026-12-17,Paid Search,Tablet,193,170,670,0.426,201.0,2.0,1400.07,1532.17
2026-08-13,Referral,Mobile,181,149,613,0.482,89.0,7.0,5865.19,367.18
2026-06-09,Email,Tablet,28,24,69,0.337,139.0,3.0,2076.33,37.04
2026-05-24,Paid Search,Tablet,93,75,259,0.504,112.0,2.0,1667.14,891.98
2026-11-29,Email,Tablet,48,40,130,0.309,89.0,2.0,1757.21,49.65
2026-12-04,Social Media,Desktop,234,182,658,0.536,135.0,4.0,2431.43,708.73
2026-05-07,Paid Search,Tablet,136,122,369,0.372,133.0,1.0,772.65,1054.82
2026-02-05,Paid Search,Desktop,389,318,912,0.389,149.0,16.0,12639.0,2865.47
2026-01-28,Direct,Desktop,344,285,1118,0.271,183.0,11.0,9980.31,0.0
2026-08-07,Social Media,Tablet,119,103,344,0.525,123.0,1.0,544.63,326.05
2026-02-10,Organic Search,Desktop,566,481,1264,0.306,178.0,19.0,17287.78,0.0
2026-07-20,Organic Search,Mobile,620,554,2083,0.414,86.0,17.0,11842.71,0.0
2026-02-12,Organic Search,Mobile,653,537,1597,0.457,131.0,15.0,11300.72,0.0
2026-12-17,Email,Desktop,210,190,448,0.34,210.0,6.0,5139.69,242.93
2026-05-07,Social Media,Tablet,143,123,319,0.513,179.0,2.0,1282.29,476.11
2026-12-26,Referral,Tablet,53,44,142,0.438,123.0,0.0,0.0,83.85
2026-08-30,Direct,Mobile,276,238,806,0.396,147.0,10.0,11776.5,0.0
2026-06-15,Email,Tablet,64,50,141,0.323,186.0,4.0,3660.83,84.21
2026-02-03,Organic Search,Tablet,175,153,448,0.366,157.0,1.0,575.44,0.0
2026-05-15,Paid Search,Desktop,477,407,1024,0.484,214.0,15.0,12540.83,4511.51
2026-03-01,Social Media,Desktop,330,272,789,0.563,172.0,7.0,4903.37,983.95
2026-04-18,Referral,Mobile,64,55,211,0.425,89.0,2.0,1340.44,105.99
2026-04-02,Email,Desktop,299,256,1008,0.312,166.0,17.0,15753.15,353.53
2026-05-28,Organic Search,Desktop,668,587,1874,0.371,213.0,25.0,22837.61,0.0
2026-04-05,Social Media,Tablet,138,115,327,0.536,106.0,2.0,1342.13,416.78
2026-10-20,Paid Search,Desktop,442,398,1462,0.385,174.0,11.0,7409.72,3959.86
2026-11-16,Organic Search,Mobile,597,541,1690,0.469,138.0,12.0,9976.76,0.0
2026-01-05,Direct,Tablet,118,105,294,0.367,159.0,6.0,6370.07,0.0
2026-08-07,Direct,Desktop,340,305,976,0.271,193.0,12.0,12462.77,0.0
2026-05-17,Referral,Tablet,20,15,51,0.404,113.0,0.0,0.0,41.32
2026-02-27,Paid Search,Desktop,465,407,1083,0.482,196.0,13.0,8596.75,3965.14
2026-05-27,Email,Mobile,362,302,871,0.418,181.0,18.0,18010.59,374.08
2026-07-01,Email,Tablet,100,85,297,0.298,142.0,8.0,8006.28,114.2
2026-04-30,Organic Search,Tablet,241,207,843,0.443,160.0,8.0,6839.88,0.0
2026-08-23,Referral,Mobile,110,88,255,0.468,150.0,1.0,907.22,186.6
2026-03-08,Direct,Desktop,260,205,854,0.34,231.0,20.0,17478.61,0.0
2026-04-23,Email,Desktop,188,162,523,0.339,176.0,10.0,7877.51,196.63
2026-02-04,Email,Desktop,263,226,625,0.314,141.0,19.0,18014.29,291.05
2026-11-28,Email,Mobile,163,128,351,0.289,99.0,9.0,8381.56,192.48
2026-02-01,Social Media,Tablet,101,90,303,0.522,133.0,2.0,1089.92,294.38
2026-04-13,Organic Search,Mobile,708,563,1922,0.418,105.0,18.0,14200.78,0.0
2026-03-16,Organic Search,Tablet,176,142,516,0.402,156.0,6.0,4904.31,0.0
2026-05-24,Direct,Tablet,43,37,143,0.374,144.0,3.0,2801.6,0.0
2026-12-14,Social Media,Desktop,329,272,896,0.55,206.0,7.0,4657.72,960.39
2026-04-27,Email,Tablet,135,115,420,0.283,125.0,8.0,6916.96,150.84
2026-05-23,Paid Search,Desktop,384,332,1274,0.419,158.0,13.0,9987.93,2851.23
2026-05-07,Referral,Desktop,58,50,151,0.367,221.0,3.0,2847.77,116.09
2026-12-08,Organic Search,Desktop,588,477,1698,0.301,181.0,24.0,15711.83,0.0
2026-04-04,Direct,Tablet,20,17,68,0.33,144.0,0.0,0.0,0.0
2026-02-11,Social Media,Mobile,406,364,1014,0.627,135.0,6.0,3930.84,1408.04
2026-05-02,Email,Desktop,207,167,678,0.279,158.0,11.0,9505.29,249.21
2026-01-11,Referral,Desktop,163,135,403,0.455,179.0,4.0,2718.7,275.47
2026-09-26,Social Media,Desktop,262,221,581,0.504,209.0,3.0,2180.61,886.84
2026-05-08,Organic Search,Mobile,754,684,1825,0.417,128.0,25.0,16962.08,0.0
2026-08-28,Social Media,Tablet,157,126,433,0.535,167.0,5.0,3492.97,464.34
2026-02-14,Email,Mobile,201,181,435,0.311,154.0,12.0,10758.08,218.0
2026-08-06,Social Media,Tablet,131,116,285,0.501,132.0,0.0,0.0,358.45
2026-08-24,Organic Search,Desktop,620,533,1712,0.529,145.0,28.0,22205.21,0.0
2026-10-11,Referral,Mobile,184,149,482,0.42,144.0,2.0,1707.92,296.31
2026-11-20,Paid Search,Tablet,120,94,342,0.365,130.0,0.0,0.0,1139.01
2026-02-05,Direct,Tablet,130,106,295,0.442,126.0,3.0,2676.67,0.0
2026-11-19,Organic Search,Tablet,236,213,635,0.348,126.0,6.0,4466.57,0.0
2026-10-29,Referral,Tablet,20,16,43,0.481,170.0,0.0,0.0,37.39
2026-05-09,Social Media,Desktop,356,290,1082,0.438,173.0,7.0,4723.09,1291.35
2026-09-10,Email,Desktop,248,212,667,0.29,197.0,10.0,8733.92,312.08
2026-01-07,Direct,Desktop,293,248,692,0.233,194.0,15.0,12114.8,0.0
2026-04-09,Direct,Mobile,304,241,659,0.381,107.0,11.0,9162.1,0.0
2026-06-15,Organic Search,Desktop,770,641,1988,0.447,200.0,26.0,22241.25,0.0
2026-10-20,Direct,Mobile,323,257,940,0.411,122.0,10.0,9843.4,0.0
2026-04-29,Email,Tablet,140,126,485,0.309,136.0,5.0,4057.16,176.98
2026-06-06,Referral,Tablet,39,34,123,0.368,174.0,3.0,1856.7,60.29
2026-08-04,Email,Mobile,307,247,932,0.308,158.0,17.0,19469.83,360.52
2026-01-08,Social Media,Tablet,128,104,314,0.538,146.0,1.0,604.35,453.91
2026-11-18,Direct,Tablet,20,15,66,0.301,125.0,1.0,621.92,0.0
2026-11-25,Paid Search,Mobile,496,389,1367,0.424,162.0,7.0,6029.38,3660.46
2026-10-29,Social Media,Tablet,128,104,290,0.566,187.0,1.0,602.09,414.29
2026-01-04,Social Media,Tablet,119,105,332,0.544,166.0,4.0,2746.61,355.74
2026-08-26,Organic Search,Mobile,621,562,1863,0.405,112.0,17.0,14885.05,0.0
2026-11-14,Organic Search,Tablet,97,79,210,0.355,179.0,2.0,1763.6,0.0
2026-06-17,Social Media,Desktop,426,378,1363,0.516,153.0,5.0,3081.37,1447.56
2026-06-11,Social Media,Tablet,186,166,575,0.495,166.0,1.0,650.27,570.06
2026-02-07,Direct,Mobile,292,237,683,0.393,147.0,12.0,11380.05,0.0
2026-11-24,Referral,Desktop,121,106,355,0.399,194.0,1.0,805.32,203.79
2026-02-11,Paid Search,Desktop,409,327,893,0.374,177.0,16.0,13377.19,3849.08
2026-03-09,Paid Search,Tablet,118,102,257,0.463,152.0,2.0,1568.11,1042.0
2026-05-01,Email,Mobile,344,298,948,0.297,148.0,20.0,22981.45,416.47
2026-09-15,Paid Search,Desktop,490,414,1128,0.395,187.0,12.0,7950.7,4195.41
2026-11-20,Organic Search,Mobile,652,517,2035,0.45,84.0,26.0,22951.17,0.0
2026-02-01,Email,Desktop,187,169,506,0.281,160.0,10.0,7826.95,252.88
2026-04-15,Organic Search,Mobile,799,706,2035,0.47,123.0,19.0,14958.06,0.0
2026-06-08,Organic Search,Mobile,748,642,2248,0.436,119.0,22.0,20734.94,0.0
2026-04-06,Social Media,Mobile,445,374,1040,0.562,128.0,6.0,4003.6,1449.23
2026-03-19,Social Media,Desktop,336,291,728,0.486,192.0,5.0,3739.76,979.65
2026-10-01,Social Media,Desktop,405,324,1329,0.514,149.0,12.0,6932.76,1408.01
2026-05-16,Email,Desktop,235,212,605,0.333,184.0,16.0,18091.71,257.2
2026-01-28,Paid Search,Desktop,397,327,883,0.456,156.0,8.0,5278.54,3015.1
2026-07-12,Email,Tablet,20,16,67,0.343,142.0,2.0,1803.28,23.95
2026-02-08,Social Media,Desktop,313,276,913,0.514,158.0,7.0,3867.33,975.68
2026-06-12,Organic Search,Desktop,682,587,2059,0.396,174.0,28.0,26866.08,0.0
2026-02-03,Social Media,Tablet,140,120,412,0.535,125.0,4.0,2000.76,474.21
2026-04-17,Paid Search,Desktop,456,368,1214,0.418,183.0,14.0,10437.8,3665.89
2026-08-09,Organic Search,Desktop,552,445,1502,0.383,215.0,13.0,10180.53,0.0
2026-08-26,Social Media,Desktop,413,372,1222,0.586,188.0,8.0,5409.04,1479.7
2026-12-23,Organic Search,Desktop,483,431,1288,0.363,199.0,15.0,13303.49,0.0
2026-03-07,Referral,Tablet,20,18,61,0.405,214.0,0.0,0.0,30.71
2026-01-16,Paid Search,Mobile,438,367,1174,0.431,133.0,9.0,7542.93,3239.56
2026-10-08,Email,Mobile,282,241,926,0.338,80.0,10.0,9386.83,319.34
2026-03-17,Email,Tablet,124,98,379,0.257,163.0,11.0,10504.4,137.3
2026-06-29,Referral,Desktop,233,204,720,0.466,150.0,6.0,5734.05,441.76
2026-03-26,Direct,Tablet,107,96,259,0.398,148.0,4.0,4369.74,0.0
2026-06-09,Organic Search,Tablet,303,259,959,0.389,144.0,14.0,11404.47,0.0
2026-08-29,Direct,Tablet,20,15,44,0.328,83.0,0.0,0.0,0.0
2026-08-06,Email,Desktop,280,220,734,0.267,142.0,13.0,12121.2,363.09
2026-06-04,Social Media,Desktop,404,340,1357,0.518,187.0,11.0,4971.39,1186.56
2026-12-18,Referral,Tablet,57,48,194,0.415,83.0,1.0,835.55,111.59
2026-12-10,Paid Search,Desktop,414,337,895,0.486,154.0,10.0,7473.26,3272.52
2026-07-20,Direct,Mobile,446,397,1020,0.418,111.0,12.0,9741.81,0.0
2026-02-22,Email,Desktop,265,229,903,0.317,125.0,18.0,18289.85,330.64
2026-10-14,Social Media,Mobile,381,297,996,0.503,124.0,2.0,1640.1,1307.68
2026-05-06,Organic Search,Desktop,638,514,1545,0.382,198.0,21.0,21565.21,0.0
2026-06-16,Direct,Tablet,183,150,585,0.386,171.0,7.0,7529.1,0.0
2026-05-26,Referral,Tablet,43,36,112,0.46,122.0,1.0,721.77,84.32
2026-01-04,Direct,Tablet,104,84,260,0.328,178.0,4.0,3605.37,0.0
2026-12-27,Direct,Desktop,232,185,648,0.381,210.0,8.0,6591.96,0.0
2026-09-16,Social Media,Tablet,228,190,497,0.513,164.0,9.0,7057.32,644.72
2026-03-30,Direct,Tablet,144,113,422,0.321,165.0,6.0,5347.62,0.0
2026-06-09,Organic Search,Desktop,682,608,1448,0.414,188.0,21.0,17552.73,0.0
2026-08-29,Email,Desktop,196,154,487,0.26,196.0,13.0,12097.62,240.52
2026-10-24,Paid Search,Tablet,130,107,358,0.437,174.0,5.0,4471.02,999.01
2026-03-25,Email,Desktop,259,223,606,0.244,213.0,10.0,10480.99,356.86
2026-05-28,Social Media,Tablet,139,121,316,0.543,144.0,1.0,653.81,457.63
2026-01-09,Social Media,Desktop,360,280,862,0.507,194.0,5.0,3179.51,1141.62
2026-05-17,Email,Desktop,257,216,655,0.261,209.0,16.0,13720.45,275.38
2026-04-26,Referral,Mobile,216,185,540,0.428,129.0,6.0,4600.58,340.58
2026-11-29,Paid Search,Tablet,113,95,331,0.424,125.0,6.0,4960.22,852.04
2026-05-06,Email,Desktop,364,305,1184,0.32,198.0,20.0,14929.18,490.11
2026-09-10,Referral,Tablet,20,17,57,0.403,149.0,2.0,1561.9,32.17
2026-11-06,Paid Search,Tablet,61,49,213,0.411,114.0,2.0,1484.78,505.98
2026-06-13,Social Media,Tablet,145,126,309,0.563,143.0,2.0,1409.05,505.61
2026-02-17,Direct,Mobile,349,299,1010,0.405,85.0,11.0,10255.07,0.0
2026-08-25,Paid Search,Desktop,484,386,1169,0.418,191.0,9.0,5951.32,4382.25
2026-05-11,Email,Mobile,369,296,889,0.404,91.0,19.0,17228.58,487.19
2026-06-03,Email,Mobile,307,266,765,0.388,143.0,15.0,13908.39,326.16
2026-01-21,Social Media,Desktop,273,219,752,0.504,186.0,9.0,5868.03,957.34
2026-03-21,Email,Mobile,364,289,871,0.359,169.0,23.0,22774.93,425.89
2026-11-09,Organic Search,Mobile,510,463,1667,0.356,148.0,10.0,8199.72,0.0
2026-04-09,Referral,Desktop,157,137,357,0.419,187.0,6.0,4982.86,314.97
2026-10-27,Referral,Tablet,47,36,112,0.432,165.0,0.0,0.0,94.66
2026-12-02,Organic Search,Desktop,576,482,1675,0.407,161.0,21.0,17844.78,0.0
2026-04-12,Organic Search,Desktop,611,549,1441,0.399,171.0,21.0,14883.75,0.0
2026-08-21,Organic Search,Desktop,685,597,2192,0.442,210.0,22.0,18922.52,0.0
2026-02-16,Direct,Mobile,324,292,902,0.407,159.0,13.0,12459.77,0.0
2026-03-08,Organic Search,Mobile,485,392,1263,0.378,135.0,17.0,11868.74,0.0
2026-01-10,Direct,Mobile,137,114,361,0.32,127.0,2.0,1742.69,0.0
2026-12-13,Email,Desktop,128,113,374,0.284,212.0,6.0,6098.24,141.73
2026-10-24,Organic Search,Desktop,451,355,1421,0.393,160.0,24.0,16693.87,0.0
2026-04-27,Paid Search,Tablet,209,186,463,0.385,126.0,4.0,2573.45,2010.86
2026-06-23,Email,Desktop,308,246,660,0.316,168.0,15.0,12768.52,326.6
2026-07-16,Organic Search,Desktop,540,474,1199,0.375,198.0,15.0,12765.74,0.0
2026-06-28,Email,Desktop,261,224,869,0.344,208.0,20.0,18295.64,351.51
2026-02-27,Paid Search,Mobile,513,409,1093,0.505,134.0,18.0,12895.69,3967.55
2026-10-28,Paid Search,Desktop,473,370,1046,0.432,163.0,13.0,10689.79,4459.57
2026-01-17,Direct,Desktop,234,205,762,0.382,146.0,9.0,9435.63,0.0
2026-03-23,Direct,Tablet,156,127,542,0.379,153.0,7.0,8215.27,0.0
2026-01-16,Direct,Mobile,265,217,667,0.365,85.0,5.0,4872.65,0.0
2026-08-08,Direct,Tablet,122,98,351,0.379,174.0,4.0,4030.35,0.0
2026-06-17,Email,Mobile,413,346,1175,0.351,127.0,23.0,23766.59,565.86
2026-10-16,Referral,Desktop,213,181,553,0.351,186.0,8.0,5106.15,346.09
2026-04-11,Direct,Mobile,347,294,952,0.423,146.0,14.0,12738.18,0.0
2026-03-12,Email,Tablet,143,125,469,0.26,129.0,8.0,7634.88,175.88
2026-05-11,Social Media,Tablet,78,70,194,0.499,142.0,3.0,1592.95,213.58
2026-11-02,Organic Search,Mobile,602,513,1331,0.361,151.0,22.0,14918.0,0.0
2026-11-20,Organic Search,Desktop,516,410,1397,0.344,164.0,14.0,13393.06,0.0
2026-05-09,Email,Desktop,265,239,850,0.332,166.0,10.0,7966.32,337.49
2026-04-22,Email,Mobile,279,234,613,0.369,132.0,14.0,10593.36,367.25
2026-08-11,Direct,Tablet,25,20,78,0.344,163.0,3.0,2805.13,0.0
2026-06-13,Organic Search,Desktop,527,475,1329,0.358,152.0,23.0,23775.45,0.0
2026-11-29,Paid Search,Desktop,309,257,869,0.43,212.0,6.0,3699.22,3015.41
2026-07-17,Direct,Tablet,55,45,133,0.38,149.0,2.0,1791.53,0.0
2026-06-03,Email,Tablet,107,90,266,0.296,147.0,5.0,4229.45,125.66
2026-01-06,Email,Desktop,188,150,528,0.258,183.0,4.0,4399.02,231.33
2026-09-30,Referral,Mobile,175,153,513,0.483,121.0,7.0,3887.0,344.39
2026-02-11,Social Media,Desktop,366,291,1241,0.511,205.0,7.0,5948.8,1344.8
2026-12-04,Email,Desktop,270,233,829,0.281,153.0,16.0,13317.77,304.95
2026-01-27,Direct,Desktop,273,236,770,0.362,209.0,13.0,11658.71,0.0
2026-08-29,Paid Search,Tablet,88,72,254,0.491,113.0,5.0,4939.19,835.32
2026-12-21,Email,Desktop,213,183,641,0.397,192.0,9.0,8142.1,239.96
2026-09-14,Email,Tablet,60,51,185,0.233,113.0,2.0,2138.5,63.64
2026-03-06,Paid Search,Tablet,187,164,625,0.507,134.0,10.0,7165.98,1454.7
2026-03-21,Referral,Desktop,54,44,164,0.357,187.0,1.0,736.61,96.82
2026-07-16,Email,Tablet,171,140,585,0.374,136.0,5.0,3522.32,184.84
2026-01-23,Social Media,Desktop,277,224,654,0.523,155.0,3.0,2267.57,911.6
2026-05-02,Referral,Tablet,93,80,225,0.427,152.0,3.0,2077.27,145.67
2026-02-22,Direct,Mobile,254,206,741,0.36,105.0,6.0,5151.84,0.0
2026-04-25,Referral,Desktop,114,91,379,0.438,226.0,3.0,2387.56,204.92
2026-07-08,Paid Search,Mobile,552,461,1604,0.462,176.0,9.0,8036.93,4988.44
2026-09-12,Paid Search,Mobile,389,309,1182,0.502,149.0,11.0,7507.77,3066.08
2026-02-07,Organic Search,Tablet,180,158,461,0.349,173.0,5.0,4490.15,0.0
2026-01-13,Organic Search,Tablet,165,149,363,0.384,126.0,6.0,5143.97,0.0
2026-04-20,Organic Search,Desktop,657,515,1772,0.367,202.0,25.0,23741.1,0.0
2026-05-25,Social Media,Tablet,143,119,475,0.547,152.0,4.0,2130.92,463.02
2026-06-18,Direct,Tablet,123,105,259,0.332,119.0,3.0,3418.06,0.0
2026-05-03,Referral,Tablet,74,62,196,0.315,101.0,1.0,701.45,150.3
2026-07-15,Social Media,Desktop,349,281,849,0.533,161.0,12.0,8954.58,1132.33
2026-07-29,Direct,Desktop,352,319,806,0.344,250.0,20.0,14265.38,0.0
2026-09-01,Paid Search,Desktop,433,368,1171,0.453,207.0,18.0,16117.18,3923.86
2026-08-29,Direct,Desktop,256,229,618,0.417,171.0,9.0,8740.39,0.0
2026-04-30,Paid Search,Desktop,464,374,1049,0.458,178.0,19.0,14563.89,4065.33
2026-02-13,Paid Search,Desktop,409,333,1411,0.491,168.0,14.0,9408.04,3677.89
2026-09-21,Social Media,Desktop,355,308,1131,0.605,222.0,8.0,5017.61,1184.06
2026-09-17,Direct,Desktop,349,315,773,0.285,193.0,14.0,14974.88,0.0
2026-08-02,Paid Search,Mobile,482,376,1554,0.51,136.0,6.0,6570.55,4549.96
2026-03-24,Referral,Desktop,185,154,432,0.331,221.0,6.0,4040.88,298.81
2026-05-21,Organic Search,Tablet,209,173,443,0.444,128.0,11.0,10202.32,0.0
2026-06-25,Referral,Desktop,149,126,406,0.368,156.0,5.0,3853.24,283.85
2026-05-14,Referral,Mobile,257,229,869,0.393,145.0,12.0,7604.6,466.1
2026-09-30,Social Media,Tablet,106,88,241,0.531,104.0,2.0,1623.71,332.13
2026-10-21,Referral,Mobile,162,128,472,0.451,137.0,6.0,2284.65,290.53
2026-01-29,Direct,Mobile,281,222,874,0.412,145.0,9.0,8622.3,0.0
2026-05-27,Organic Search,Mobile,724,572,1819,0.411,102.0,22.0,17234.52,0.0
2026-06-05,Direct,Mobile,459,398,1398,0.383,188.0,13.0,13053.37,0.0
2026-11-16,Social Media,Desktop,340,291,1120,0.523,187.0,8.0,5445.89,1194.16
2026-09-07,Organic Search,Desktop,611,489,2039,0.405,238.0,20.0,17048.01,0.0
2026-12-22,Email,Desktop,286,236,925,0.29,165.0,15.0,12382.24,334.31
2026-11-12,Referral,Tablet,82,72,216,0.419,155.0,0.0,0.0,151.22
2026-06-28,Paid Search,Mobile,483,415,1219,0.569,136.0,10.0,8742.4,4194.62
2026-02-01,Email,Mobile,137,118,421,0.29,152.0,5.0,4998.47,187.74
2026-01-21,Organic Search,Desktop,547,477,1914,0.378,188.0,21.0,15981.44,0.0
2026-09-02,Email,Desktop,229,182,601,0.307,191.0,19.0,15772.09,300.38
2026-11-06,Referral,Desktop,190,156,529,0.408,191.0,5.0,3192.48,332.25
2026-02-12,Paid Search,Desktop,297,262,923,0.383,180.0,8.0,5007.41,2487.6
2026-06-22,Social Media,Desktop,425,340,1470,0.455,183.0,8.0,5238.63,1336.52
2026-12-10,Organic Search,Desktop,488,430,1080,0.421,205.0,12.0,10683.33,0.0
2026-12-02,Referral,Tablet,89,70,269,0.422,136.0,1.0,782.08,139.8
2026-10-04,Email,Tablet,20,16,65,0.327,150.0,0.0,0.0,25.15
2026-01-12,Referral,Mobile,171,152,537,0.447,93.0,4.0,2853.69,284.32
2026-07-03,Direct,Tablet,128,108,387,0.313,157.0,7.0,7592.84,0.0
2026-05-18,Email,Mobile,237,199,631,0.316,119.0,10.0,9125.55,250.46
2026-08-01,Email,Tablet,93,82,309,0.291,121.0,6.0,5264.59,115.26
2026-05-16,Organic Search,Mobile,622,510,2091,0.395,87.0,14.0,13696.09,0.0
2026-07-22,Paid Search,Desktop,496,448,1227,0.418,163.0,15.0,13963.97,4160.39
2026-05-05,Direct,Desktop,352,287,746,0.416,157.0,19.0,17427.18,0.0
2026-02-10,Paid Search,Tablet,178,142,492,0.485,169.0,6.0,5090.12,1427.47
2026-06-18,Organic Search,Desktop,668,593,2064,0.386,167.0,22.0,17307.28,0.0
2026-01-03,Direct,Mobile,229,187,775,0.401,89.0,17.0,16752.4,0.0
2026-10-13,Paid Search,Desktop,433,340,1289,0.464,154.0,16.0,11396.48,3856.05
2026-02-19,Paid Search,Tablet,227,200,780,0.444,153.0,8.0,5839.69,1856.74
2026-11-15,Direct,Tablet,113,91,338,0.305,138.0,5.0,5327.37,0.0
2026-09-08,Direct,Desktop,402,332,1204,0.403,173.0,21.0,17051.27,0.0
2026-01-29,Direct,Desktop,288,250,800,0.332,203.0,8.0,7889.29,0.0
2026-11-06,Social Media,Tablet,78,70,186,0.534,175.0,1.0,896.23,242.88
2026-01-08,Direct,Mobile,321,254,1001,0.429,156.0,12.0,12496.92,0.0
2026-05-26,Email,Desktop,355,288,1146,0.277,186.0,15.0,13753.03,462.96
2026-05-30,Social Media,Mobile,385,317,1313,0.56,131.0,8.0,5510.39,1178.7
2026-06-12,Referral,Mobile,254,215,874,0.459,114.0,11.0,8878.42,470.63
2026-12-03,Social Media,Mobile,368,317,1166,0.544,137.0,4.0,2533.53,1170.5
2026-01-26,Direct,Mobile,283,233,697,0.41,138.0,8.0,6293.93,0.0
2026-08-16,Referral,Tablet,30,23,71,0.381,137.0,0.0,0.0,52.49
2026-08-25,Direct,Tablet,121,103,255,0.369,120.0,3.0,2612.91,0.0
2026-02-03,Organic Search,Desktop,596,503,1702,0.36,139.0,18.0,16605.58,0.0
2026-01-26,Organic Search,Desktop,572,461,1448,0.414,203.0,14.0,12408.57,0.0
2026-06-30,Direct,Tablet,131,114,342,0.393,124.0,1.0,1253.63,0.0
2026-06-19,Social Media,Tablet,126,105,353,0.509,184.0,4.0,3173.69,457.76
2026-01-18,Social Media,Desktop,290,260,945,0.521,134.0,6.0,4357.29,793.39
2026-08-08,Email,Desktop,257,212,566,0.284,125.0,8.0,8200.75,301.6
2026-08-27,Paid Search,Desktop,438,365,1400,0.429,183.0,8.0,6708.07,4233.91
2026-01-26,Organic Search,Mobile,623,490,1493,0.434,129.0,20.0,14324.91,0.0
2026-10-22,Paid Search,Mobile,467,395,1064,0.454,139.0,12.0,9941.57,4280.22
2026-02-19,Social Media,Tablet,72,58,170,0.434,200.0,1.0,664.11,241.41
2026-07-10,Referral,Tablet,124,99,356,0.316,151.0,5.0,3818.07,229.12
2026-03-25,Direct,Desktop,427,354,904,0.373,176.0,14.0,13383.27,0.0
2026-05-29,Direct,Mobile,321,257,759,0.421,152.0,9.0,8032.52,0.0
2026-12-08,Social Media,Mobile,318,249,938,0.503,134.0,4.0,2903.06,1029.22
2026-02-25,Email,Desktop,234,196,796,0.333,149.0,15.0,9995.35,297.58
2026-01-22,Email,Tablet,122,110,420,0.316,174.0,7.0,5974.46,128.66
2026-05-10,Social Media,Tablet,34,28,117,0.449,171.0,1.0,624.23,122.72
2026-03-24,Organic Search,Desktop,585,504,1344,0.423,177.0,19.0,17697.79,0.0
2026-05-05,Social Media,Tablet,145,116,376,0.572,158.0,2.0,1450.04,461.37
2026-11-24,Direct,Mobile,272,217,615,0.383,115.0,11.0,11789.45,0.0
2026-11-25,Paid Search,Desktop,411,326,1126,0.432,224.0,11.0,9041.12,3596.84
2026-11-01,Organic Search,Mobile,471,399,1103,0.395,90.0,15.0,15285.52,0.0
2026-12-16,Email,Desktop,280,247,915,0.286,181.0,13.0,14140.55,336.32
2026-04-17,Referral,Desktop,244,206,636,0.398,185.0,11.0,8610.57,472.38
2026-02-12,Organic Search,Tablet,215,170,644,0.325,155.0,9.0,8427.64,0.0
2026-07-07,Referral,Tablet,70,61,222,0.341,148.0,2.0,1349.39,142.31
2026-11-15,Referral,Mobile,177,151,496,0.392,128.0,2.0,1340.96,296.59
2026-03-13,Referral,Desktop,183,162,486,0.433,210.0,5.0,3392.75,368.55
2026-11-18,Paid Search,Mobile,503,455,1311,0.526,100.0,13.0,10284.06,4791.07
2026-11-01,Referral,Tablet,20,16,68,0.46,144.0,0.0,0.0,40.86
2026-04-16,Referral,Tablet,26,21,89,0.451,169.0,2.0,1730.34,43.52
2026-09-08,Paid Search,Mobile,533,444,1254,0.548,114.0,15.0,14724.56,5202.8
2026-09-10,Paid Search,Tablet,154,124,471,0.503,91.0,5.0,3796.28,1435.32
2026-01-21,Social Media,Tablet,206,167,450,0.491,155.0,4.0,2342.22,722.86
2026-04-18,Email,Tablet,20,17,60,0.337,161.0,2.0,1838.44,22.42
2026-03-05,Referral,Tablet,85,74,212,0.395,163.0,2.0,1615.49,153.94
2026-08-19,Email,Desktop,222,198,621,0.347,213.0,12.0,11408.04,284.04
2026-08-29,Email,Tablet,118,106,410,0.373,203.0,3.0,2868.75,147.2
2026-12-26,Paid Search,Desktop,292,238,885,0.494,222.0,5.0,3334.5,2534.81
2026-01-11,Email,Tablet,78,62,211,0.346,100.0,3.0,2823.09,105.67
2026-08-20,Paid Search,Desktop,514,411,1235,0.453,206.0,15.0,14132.45,4041.83
2026-06-25,Email,Tablet,120,94,315,0.252,162.0,5.0,4681.52,144.8
2026-01-10,Direct,Desktop,158,125,507,0.372,189.0,10.0,11273.61,0.0
2026-07-30,Referral,Mobile,223,189,657,0.524,174.0,2.0,1475.44,389.77
2026-08-12,Paid Search,Desktop,428,347,1410,0.471,194.0,9.0,6684.31,3738.67
2026-08-29,Referral,Mobile,184,160,496,0.404,160.0,5.0,3814.08,352.88
2026-05-21,Email,Tablet,132,119,457,0.381,129.0,7.0,6811.73,162.28
2026-05-08,Social Media,Desktop,448,358,1376,0.553,231.0,10.0,7999.48,1354.56
2026-11-14,Paid Search,Tablet,64,56,199,0.468,159.0,3.0,2086.77,463.39
2026-12-22,Organic Search,Tablet,144,118,473,0.382,162.0,2.0,1889.56,0.0
2026-07-09,Organic Search,Desktop,641,575,1937,0.362,195.0,21.0,18280.82,0.0
2026-06-21,Paid Search,Mobile,447,399,1413,0.486,163.0,5.0,4544.43,4356.03
2026-03-06,Direct,Desktop,163,143,373,0.324,206.0,10.0,8387.96,0.0
2026-10-13,Paid Search,Tablet,47,36,156,0.484,151.0,1.0,886.35,420.33
2026-10-08,Social Media,Tablet,129,106,411,0.515,154.0,2.0,1284.78,471.85
2026-09-29,Paid Search,Desktop,375,314,956,0.362,150.0,14.0,10685.91,3098.88
2026-11-08,Email,Tablet,115,103,244,0.348,206.0,1.0,788.03,125.43
2026-04-03,Paid Search,Tablet,182,161,485,0.425,123.0,3.0,2385.63,1343.76
2026-01-29,Paid Search,Mobile,417,342,1157,0.454,140.0,15.0,12144.59,4072.46
2026-01-10,Paid Search,Mobile,372,295,1195,0.453,135.0,8.0,7788.98,2710.44
2026-11-09,Social Media,Mobile,414,356,1173,0.54,162.0,3.0,2001.11,1396.57
2026-10-11,Organic Search,Tablet,182,142,538,0.362,189.0,5.0,3898.19,0.0
2026-12-22,Email,Mobile,250,219,578,0.295,139.0,12.0,11292.58,256.29
2026-09-03,Organic Search,Desktop,561,470,1658,0.398,172.0,18.0,16890.73,0.0
2026-01-06,Direct,Mobile,309,261,654,0.367,131.0,11.0,10089.13,0.0
2026-06-12,Organic Search,Tablet,239,199,597,0.344,144.0,12.0,12132.88,0.0
2026-08-01,Referral,Tablet,20,17,67,0.369,125.0,1.0,684.58,38.72
2026-07-02,Organic Search,Mobile,776,701,2473,0.483,106.0,26.0,24033.91,0.0
2026-04-08,Social Media,Desktop,460,363,1279,0.468,159.0,7.0,5113.51,1319.94
2026-11-22,Email,Desktop,179,143,503,0.411,196.0,12.0,7580.62,237.73
2026-09-05,Organic Search,Desktop,382,336,1235,0.334,221.0,8.0,5336.13,0.0
2026-04-03,Organic Search,Tablet,130,110,343,0.402,190.0,4.0,3036.17,0.0
2026-01-09,Social Media,Tablet,74,59,199,0.537,147.0,3.0,1747.74,226.91
2026-06-23,Direct,Tablet,135,114,312,0.378,185.0,5.0,4866.85,0.0
2026-05-18,Referral,Tablet,73,64,203,0.397,137.0,0.0,0.0,123.11
2026-03-29,Referral,Tablet,130,117,440,0.342,144.0,4.0,2951.75,201.4
2026-05-26,Direct,Desktop,339,267,844,0.337,204.0,18.0,16643.85,0.0
2026-06-22,Organic Search,Desktop,746,602,1569,0.382,176.0,28.0,17677.0,0.0
2026-09-29,Paid Search,Tablet,129,113,280,0.442,143.0,0.0,0.0,1162.51
2026-05-22,Paid Search,Tablet,180,151,413,0.505,178.0,3.0,2531.59,1572.47
2026-05-03,Direct,Mobile,327,271,906,0.373,140.0,16.0,15718.4,0.0
2026-06-27,Email,Tablet,83,73,232,0.321,150.0,1.0,870.93,104.29
2026-08-02,Organic Search,Desktop,536,451,1841,0.387,158.0,15.0,13734.31,0.0
2026-04-12,Paid Search,Mobile,433,390,1405,0.504,98.0,17.0,13662.04,3339.52
2026-10-08,Referral,Tablet,74,64,167,0.348,156.0,4.0,2879.63,134.69
2026-07-30,Direct,Mobile,408,362,1395,0.388,91.0,10.0,9555.81,0.0
2026-01-18,Paid Search,Desktop,373,331,928,0.424,198.0,17.0,12732.09,3305.87
2026-01-12,Direct,Tablet,148,128,482,0.339,112.0,7.0,6483.53,0.0
2026-07-19,Referral,Tablet,50,43,145,0.384,179.0,0.0,0.0,76.52
2026-12-15,Direct,Mobile,314,284,766,0.339,117.0,14.0,14048.75,0.0
2026-01-28,Email,Desktop,259,203,748,0.337,185.0,14.0,13986.11,331.43
2026-01-12,Social Media,Mobile,387,341,926,0.568,153.0,9.0,7281.41,1071.42
2026-03-21,Direct,Desktop,188,151,421,0.342,191.0,5.0,4885.47,0.0
2026-03-05,Organic Search,Mobile,583,476,1648,0.428,71.0,13.0,11526.53,0.0
2026-02-18,Paid Search,Mobile,492,425,1169,0.486,88.0,19.0,14811.62,3963.44
2026-01-17,Referral,Tablet,20,16,54,0.307,103.0,0.0,0.0,31.14
2026-04-13,Direct,Mobile,432,344,940,0.364,131.0,19.0,19250.99,0.0
2026-05-30,Referral,Mobile,164,142,405,0.395,147.0,4.0,3512.56,303.16
2026-04-21,Social Media,Tablet,147,133,344,0.544,133.0,2.0,1306.34,456.86
2026-12-22,Direct,Tablet,109,93,377,0.34,125.0,4.0,3675.73,0.0
2026-03-27,Paid Search,Mobile,563,506,1930,0.483,168.0,20.0,15885.13,4983.07
2026-02-16,Referral,Desktop,199,171,691,0.393,197.0,12.0,7144.52,340.93
2026-04-21,Social Media,Mobile,431,384,1361,0.532,117.0,1.0,667.77,1292.19
2026-08-23,Organic Search,Tablet,170,134,447,0.384,142.0,5.0,5095.65,0.0
2026-09-02,Organic Search,Mobile,589,513,2024,0.419,126.0,18.0,15678.29,0.0
2026-08-07,Email,Tablet,21,17,59,0.31,205.0,0.0,0.0,25.98
2026-08-02,Social Media,Mobile,355,317,1200,0.54,149.0,11.0,7523.24,989.36
2026-03-27,Social Media,Tablet,57,48,132,0.491,121.0,2.0,1040.31,170.29
2026-01-12,Direct,Mobile,339,299,893,0.326,128.0,11.0,10529.84,0.0
2026-04-19,Direct,Mobile,359,304,1056,0.408,90.0,19.0,21339.78,0.0
2026-08-26,Direct,Tablet,137,112,476,0.388,129.0,4.0,3932.44,0.0
2026-09-15,Direct,Tablet,125,103,375,0.318,129.0,4.0,4016.33,0.0
2026-06-06,Social Media,Mobile,389,322,1186,0.646,131.0,7.0,4141.55,1060.3
2026-07-01,Direct,Desktop,366,314,1231,0.388,217.0,18.0,19115.04,0.0
2026-03-16,Referral,Tablet,28,24,86,0.444,132.0,0.0,0.0,56.74
2026-05-24,Paid Search,Desktop,388,328,836,0.4,192.0,,6303.9,3582.68
2026-10-06,Email,Tablet,179,157,536,0.371,149.0,9.0,8023.2,191.52
2026-02-07,Direct,Tablet,133,113,298,0.323,159.0,4.0,4378.4,0.0
2026-01-11,Organic Search,Desktop,424,340,1080,0.387,162.0,14.0,13189.61,0.0
2026-12-14,Email,Tablet,47,41,113,0.33,124.0,4.0,3956.77,50.44
2026-06-25,Direct,Tablet,209,166,599,0.339,149.0,12.0,12217.15,0.0
2026-08-08,Paid Search,Mobile,487,412,1525,0.537,81.0,10.0,6690.54,4717.67
2026-01-16,Social Media,Tablet,127,108,438,0.508,138.0,3.0,2133.25,397.76
2026-06-03,Organic Search,Desktop,647,558,1685,0.417,185.0,15.0,13262.69,0.0
2026-05-18,Direct,Tablet,68,59,185,0.383,97.0,7.0,8299.0,0.0
2026-01-17,Organic Search,Mobile,526,415,1640,0.403,154.0,10.0,11072.52,0.0
2026-10-01,Social Media,Tablet,77,63,248,0.512,179.0,0.0,0.0,273.85
2026-02-25,Paid Search,Desktop,409,339,1289,0.431,210.0,18.0,12345.98,3556.95
2026-05-05,Paid Search,Mobile,588,487,1770,0.462,126.0,12.0,9814.37,4416.78
2026-06-24,Organic Search,Desktop,639,550,1464,0.364,194.0,22.0,16117.73,0.0
2026-12-10,Paid Search,Mobile,488,385,1395,0.434,146.0,17.0,13423.75,3546.41
2026-09-14,Direct,Desktop,379,300,1274,0.248,155.0,20.0,23061.4,0.0
2026-12-21,Email,Tablet,20,16,42,0.355,137.0,1.0,1117.79,26.71
2026-11-03,Organic Search,Desktop,560,482,1881,0.375,174.0,15.0,11067.26,0.0
2026-01-16,Organic Search,Desktop,546,467,1347,0.367,252.0,19.0,14782.99,0.0
2026-05-25,Organic Search,Desktop,765,675,1709,0.463,212.0,31.0,28354.56,0.0
2026-10-25,Referral,Desktop,169,153,491,0.42,234.0,3.0,1937.57,295.1
2026-05-31,Paid Search,Mobile,528,462,1363,0.561,148.0,12.0,7595.54,5010.24
2026-10-10,Referral,Tablet,20,16,42,0.432,155.0,0.0,0.0,31.94
2026-01-07,Paid Search,Desktop,440,380,1229,0.362,184.0,11.0,8576.24,4162.67
2026-03-19,Paid Search,Tablet,262,213,755,0.443,134.0,6.0,5142.9,1984.26
2026-01-13,Paid Search,Mobile,438,356,1013,0.539,137.0,10.0,8571.23,4121.07
2026-08-04,Organic Search,Mobile,736,592,2471,0.423,147.0,20.0,14805.52,0.0
2026-01-05,Email,Tablet,79,65,173,0.333,157.0,4.0,3750.96,90.34
2026-02-18,Email,Desktop,217,191,518,0.312,186.0,14.0,13762.6,235.49
2026-08-15,Social Media,Desktop,376,299,1294,0.443,233.0,11.0,6855.47,1175.09
2026-01-26,Email,Tablet,101,84,241,0.335,158.0,5.0,5557.72,129.09
2026-11-17,Paid Search,Tablet,146,117,385,0.421,151.0,5.0,4019.38,1247.52
2026-01-31,Email,Tablet,57,49,198,0.349,161.0,2.0,1812.55,58.97
2026-10-03,Organic Search,Tablet,120,106,297,0.388,184.0,3.0,2933.27,0.0
2026-08-01,Direct,Tablet,103,83,225,0.4,144.0,5.0,5018.84,0.0
2026-11-03,Social Media,Tablet,179,153,503,0.461,152.0,0.0,0.0,557.54
2026-08-03,Email,Mobile,381,320,935,0.391,133.0,27.0,22361.13,399.14
2026-12-10,Email,Tablet,50,45,165,0.297,134.0,2.0,1509.16,60.11
2026-07-05,Social Media,Mobile,472,406,1008,0.555,116.0,7.0,4451.14,1369.0
2026-05-17,Organic Search,Tablet,179,153,621,0.415,153.0,10.0,8583.26,0.0
2026-05-10,Social Media,Mobile,403,364,902,0.541,162.0,7.0,5263.89,1400.25
2026-04-30,Paid Search,Mobile,563,473,1530,0.428,152.0,14.0,12100.7,5396.81
2026-07-12,Social Media,Mobile,451,402,1379,0.548,143.0,7.0,4898.87,1494.65
2026-06-24,Referral,Tablet,90,81,189,0.412,125.0,3.0,2533.89,176.16
2026-02-06,Organic Search,Tablet,181,148,600,0.385,189.0,10.0,8502.15,0.0
2026-02-09,Social Media,Desktop,377,338,992,0.47,179.0,9.0,6056.51,1271.57
2026-11-08,Social Media,Tablet,96,84,259,0.508,117.0,2.0,1527.64,333.26
2026-06-11,Referral,Tablet,68,56,186,0.399,127.0,1.0,662.54,112.82
2026-06-07,Email,Mobile,316,263,844,0.423,106.0,19.0,19106.59,416.0
2026-09-01,Direct,Mobile,393,357,1023,0.409,122.0,11.0,10524.53,0.0
2026-03-21,Organic Search,Tablet,167,149,535,0.36,156.0,7.0,6760.37,0.0
2026-03-09,Email,Mobile,316,262,679,0.346,148.0,14.0,13145.99,334.35
2026-10-06,Organic Search,Desktop,545,468,1518,0.366,203.0,16.0,12653.14,0.0
2026-04-17,Referral,Mobile,215,176,749,0.411,98.0,5.0,2979.48,353.81
2026-11-25,Social Media,Mobile,324,277,1090,0.514,104.0,4.0,2969.46,1053.02
2026-06-30,Paid Search,Tablet,237,202,604,0.395,129.0,11.0,9373.15,2124.85
2026-01-18,Social Media,Tablet,163,132,462,0.52,170.0,1.0,726.6,489.36
2026-07-03,Organic Search,Mobile,701,605,1906,0.389,114.0,15.0,15083.24,0.0
2026-03-21,Paid Search,Tablet,200,163,602,0.435,125.0,6.0,4069.56,1803.8
2026-09-13,Referral,Desktop,168,142,384,0.439,163.0,4.0,2073.4,312.0
2026-10-27,Email,Desktop,267,220,832,0.309,196.0,10.0,7494.15,343.86
2026-07-09,Social Media,Mobile,468,404,991,0.526,71.0,10.0,6699.17,1415.51
2026-10-22,Direct,Desktop,293,264,729,0.418,185.0,12.0,12408.69,0.0
2026-11-09,Direct,Mobile,398,320,1329,0.417,148.0,25.0,24640.91,0.0
2026-08-03,Organic Search,Desktop,641,504,1700,0.417,198.0,18.0,18256.83,0.0
2026-10-11,Email,Desktop,215,184,656,0.372,185.0,15.0,13246.24,250.01
2026-08-09,Direct,Mobile,263,208,584,0.369,118.0,11.0,11300.74,0.0
2026-03-17,Email,Mobile,308,262,1014,0.327,142.0,22.0,18139.16,371.46
2026-10-05,Paid Search,Tablet,184,146,405,0.473,94.0,7.0,5959.32,1377.23
2026-02-08,Organic Search,Desktop,488,418,1400,0.417,219.0,18.0,16402.22,0.0
2026-09-24,Direct,Mobile,351,315,1121,0.315,120.0,15.0,14211.62,0.0
2026-07-03,Email,Tablet,107,95,347,0.276,140.0,5.0,4387.43,123.55
2026-11-21,Email,Tablet,115,103,317,0.287,158.0,5.0,5065.03,130.18
2026-05-17,Paid Search,Desktop,369,324,1257,0.496,185.0,10.0,7685.73,3603.71
2026-06-05,Organic Search,Tablet,283,238,605,0.368,145.0,6.0,5199.3,0.0
2026-01-19,Organic Search,Tablet,240,210,697,0.398,174.0,11.0,10901.18,0.0
2026-11-26,Referral,Desktop,132,111,314,0.395,191.0,4.0,2751.54,226.77
2026-05-01,Referral,Mobile,233,189,795,0.472,73.0,4.0,3481.23,441.74
2026-12-23,Organic Search,Mobile,631,512,1632,0.407,148.0,30.0,27580.29,0.0
2026-07-21,Organic Search,Desktop,671,604,1453,0.451,176.0,29.0,23297.15,0.0
2026-12-27,Email,Tablet,149,134,374,0.286,135.0,12.0,9607.22,195.89
2026-11-03,Email,Tablet,124,103,292,0.292,145.0,8.0,7915.03,154.39
2026-10-01,Organic Search,Desktop,608,505,1612,0.367,144.0,24.0,22199.44,0.0
2026-10-24,Referral,Mobile,209,187,660,0.461,136.0,5.0,3829.68,414.46
2026-04-04,Organic Search,Tablet,162,141,435,0.361,146.0,8.0,7527.1,0.0
2026-01-20,Social Media,Desktop,351,304,763,0.492,144.0,8.0,5911.3,1028.85
2026-04-01,Social Media,Desktop,400,354,1072,0.561,188.0,3.0,2071.09,1167.03
2026-12-09,Email,Mobile,214,187,564,0.332,139.0,4.0,3261.75,294.43
2026-12-24,Email,Desktop,213,168,496,0.304,228.0,13.0,12915.34,233.99
2026-11-26,Organic Search,Desktop,517,418,1575,0.406,167.0,15.0,16251.96,0.0
2026-02-18,Social Media,Mobile,409,362,1270,0.545,90.0,8.0,5126.11,1197.7
2026-09-23,Social Media,Tablet,137,107,382,0.489,135.0,4.0,2480.14,405.74
2026-09-15,Organic Search,Tablet,148,133,474,0.363,155.0,3.0,3100.7,0.0
2026-09-23,Direct,Mobile,379,322,992,0.315,124.0,12.0,12893.31,0.0
2026-05-04,Paid Search,Mobile,631,547,2154,0.494,168.0,16.0,13363.68,5194.12
2026-11-01,Paid Search,Mobile,377,335,1250,0.482,100.0,13.0,7545.68,2774.4
2026-04-28,Referral,Desktop,215,170,520,0.428,173.0,7.0,6600.44,369.97
2026-06-29,Paid Search,Tablet,185,151,589,0.486,188.0,4.0,3716.03,1370.92
2026-06-11,Social Media,Mobile,440,343,1161,0.606,131.0,9.0,6173.63,1403.01
2026-01-05,Direct,Mobile,345,292,1083,0.421,131.0,11.0,9331.49,0.0
2026-07-08,Direct,Desktop,265,210,603,0.259,209.0,12.0,10642.41,0.0
2026-04-15,Paid Search,Tablet,120,96,263,0.411,135.0,2.0,1473.65,1096.97
2026-10-15,Email,Mobile,269,234,736,0.437,95.0,14.0,12689.82,345.83
2026-05-27,Direct,Desktop,339,292,1119,0.252,159.0,14.0,14400.6,0.0
2026-11-08,Referral,Mobile,198,165,550,0.408,101.0,1.0,732.62,380.92
2026-06-09,Direct,Desktop,374,338,797,0.308,165.0,19.0,16129.52,0.0
2026-01-28,Social Media,Tablet,104,83,290,0.51,142.0,2.0,1344.28,300.09
2026-07-18,Paid Search,Desktop,410,322,995,0.376,195.0,12.0,8230.05,3860.95
2026-05-21,Paid Search,Tablet,192,162,635,0.451,148.0,1.0,782.25,1772.2
2026-12-02,Paid Search,Desktop,462,360,1177,0.473,198.0,18.0,14105.85,4432.78
2026-10-19,Social Media,Desktop,288,237,722,0.554,200.0,10.0,5964.14,1023.76
2026-11-22,Referral,Tablet,46,36,105,0.298,166.0,2.0,1409.39,70.75
2026-03-12,Email,Mobile,356,321,847,0.371,122.0,22.0,17642.26,379.24
2026-06-28,Paid Search,Desktop,378,317,1277,0.459,190.0,13.0,11711.24,3067.57
2026-07-03,Paid Search,Tablet,212,181,602,0.449,168.0,8.0,5330.05,1603.2
2026-06-26,Referral,Mobile,152,136,360,0.438,114.0,2.0,1279.33,267.23
2026-12-15,Referral,Mobile,166,142,574,0.405,103.0,7.0,5748.59,287.73
2026-02-04,Social Media,Desktop,337,273,958,0.461,157.0,4.0,2258.07,1080.52
2026-11-08,Direct,Tablet,129,107,368,0.387,122.0,2.0,2069.91,0.0
2026-07-24,Organic Search,Tablet,246,222,789,0.373,147.0,7.0,5915.36,0.0
2026-12-20,Referral,Mobile,157,141,518,0.423,138.0,2.0,1591.79,277.65
2026-06-21,Email,Tablet,59,48,167,0.311,147.0,9.0,8166.32,73.85
2026-12-24,Paid Search,Desktop,403,334,1295,0.508,159.0,15.0,13763.71,3435.29
2026-07-23,Direct,Mobile,380,329,1191,0.354,92.0,17.0,17054.63,0.0
2026-03-20,Email,Desktop,285,242,732,0.28,186.0,20.0,21242.48,318.79
2026-05-03,Paid Search,Tablet,89,77,211,0.433,176.0,3.0,2481.71,695.8
2026-08-04,Organic Search,Desktop,673,532,1625,0.38,207.0,31.0,26985.97,0.0
2026-11-13,Direct,Mobile,350,274,1147,0.424,164.0,15.0,11238.76,0.0
2026-02-18,Paid Search,Tablet,151,123,524,0.47,128.0,4.0,3160.42,1238.38
2026-05-12,Organic Search,Desktop,586,512,1418,0.442,197.0,21.0,18617.78,0.0
2026-04-22,Social Media,Tablet,244,216,681,0.405,172.0,4.0,2639.11,867.26
2026-09-17,Paid Search,Mobile,511,454,1785,0.483,112.0,15.0,12186.16,4008.85
2026-09-09,Referral,Tablet,79,63,191,0.468,126.0,4.0,2914.46,149.26
2026-01-20,Direct,Tablet,118,106,265,0.35,147.0,10.0,11724.5,0.0
2026-03-06,Email,Mobile,220,190,567,0.416,179.0,16.0,12991.95,268.84
2026-11-26,Direct,Mobile,371,327,1078,0.454,160.0,22.0,22208.73,0.0
2026-12-07,Referral,Mobile,122,95,380,0.408,109.0,2.0,1256.76,201.78
2026-12-17,Paid Search,Desktop,386,303,955,0.442,185.0,11.0,8538.81,2999.22
2026-06-29,Referral,Mobile,215,172,661,0.488,129.0,3.0,1764.26,342.58
2026-12-27,Organic Search,Mobile,396,337,1127,0.469,158.0,9.0,8549.47,0.0
2026-04-16,Organic Search,Desktop,718,578,1586,0.367,197.0,29.0,29820.02,0.0
2026-02-02,Paid Search,Desktop,457,380,1387,0.446,217.0,14.0,11714.66,4440.96
2026-09-27,Organic Search,Desktop,505,447,1751,0.388,179.0,20.0,18253.88,0.0
2026-06-21,Direct,Desktop,324,258,700,0.299,153.0,13.0,12438.9,0.0
2026-04-04,Referral,Tablet,20,16,56,0.359,152.0,0.0,0.0,38.03
2026-02-17,Referral,Mobile,195,175,551,0.4,183.0,6.0,4723.86,389.31
2026-11-10,Direct,Mobile,377,328,936,0.412,137.0,12.0,11447.89,0.0
2026-08-09,Paid Search,Mobile,391,330,1051,0.521,126.0,11.0,7213.94,3275.63
2026-05-13,Paid Search,Mobile,615,497,1732,0.443,133.0,14.0,12785.81,5888.29
2026-05-13,Organic Search,Tablet,213,187,625,0.293,152.0,7.0,4603.19,0.0
2026-09-14,Email,Desktop,152,126,336,0.292,178.0,9.0,10263.07,209.32
2026-10-10,Paid Search,Desktop,321,261,919,0.443,234.0,10.0,7671.55,2322.38
2026-06-23,Organic Search,Desktop,684,559,2237,0.341,200.0,25.0,24029.85,0.0
2026-03-04,Organic Search,Desktop,611,505,1321,0.313,182.0,19.0,18869.37,0.0
2026-03-27,Email,Tablet,46,37,110,0.233,113.0,1.0,891.51,56.8
2026-07-04,Paid Search,Mobile,509,425,1326,0.499,142.0,13.0,10441.06,3706.62
2026-10-08,Paid Search,Tablet,122,103,293,0.457,162.0,4.0,2762.34,1012.54
2026-12-02,Email,Mobile,253,199,791,0.34,112.0,12.0,11339.23,281.44
2026-11-25,Direct,Desktop,269,221,796,0.335,202.0,10.0,9527.42,0.0
2026-09-03,Social Media,Tablet,231,181,761,0.487,104.0,5.0,2637.97,644.07
2026-06-08,Social Media,Desktop,382,320,870,0.568,187.0,8.0,6104.98,1322.69
2026-09-01,Organic Search,Mobile,749,676,2559,0.371,108.0,17.0,11680.48,0.0
2026-10-16,Referral,Mobile,105,88,286,0.495,163.0,5.0,3040.76,194.61
2026-05-19,Referral,Mobile,189,157,427,0.468,116.0,5.0,3006.4,351.94
2026-11-19,Organic Search,Desktop,489,439,1234,0.385,211.0,15.0,12141.67,0.0
2026-07-01,Organic Search,Tablet,246,201,762,0.429,171.0,8.0,6127.6,0.0
2026-11-19,Referral,Tablet,99,83,276,0.39,132.0,4.0,2655.0,188.63
2026-12-26,Paid Search,Tablet,60,49,183,0.429,134.0,1.0,854.99,493.18
2026-12-30,Email,Desktop,206,169,681,0.315,198.0,5.0,5015.37,266.62
2026-10-02,Paid Search,Tablet,179,158,559,0.466,153.0,4.0,3631.84,1340.08
2026-12-15,Organic Search,Tablet,206,185,502,0.344,98.0,8.0,6594.5,0.0
2026-06-13,Referral,Desktop,217,182,673,0.347,193.0,5.0,3199.06,405.33
2026-07-19,Email,Tablet,109,96,290,0.3,139.0,2.0,1796.63,145.85
2026-10-12,Paid Search,Tablet,218,176,736,0.415,122.0,8.0,7723.33,1641.65
2026-08-30,Email,Tablet,59,52,168,0.339,189.0,1.0,1020.54,65.6
2026-12-17,Organic Search,Mobile,536,425,1266,0.416,129.0,19.0,14294.6,0.0
2026-04-25,Organic Search,Desktop,561,457,1198,0.322,225.0,18.0,18135.06,0.0
2026-04-09,Direct,Desktop,365,305,911,0.381,176.0,16.0,14017.5,0.0
2026-08-08,Direct,Desktop,393,339,1366,0.41,162.0,20.0,23717.64,0.0
2026-05-21,Referral,Mobile,161,142,528,0.437,132.0,9.0,5731.05,272.08
2026-09-19,Social Media,Mobile,389,310,1131,0.561,102.0,12.0,8840.43,1209.67
2026-07-04,Referral,Mobile,160,127,542,0.515,163.0,8.0,5967.59,264.04
2026-03-30,Social Media,Tablet,193,153,591,0.538,209.0,6.0,5174.45,584.69
2026-04-06,Direct,Mobile,309,249,674,0.423,92.0,5.0,4668.99,0.0
2026-11-20,Email,Desktop,239,190,683,0.308,186.0,14.0,12061.73,307.67
2026-05-26,Organic Search,Mobile,795,653,2344,0.422,118.0,18.0,16940.8,0.0
2026-10-02,Social Media,Tablet,155,133,537,0.572,177.0,7.0,4498.5,431.88
2026-01-28,Paid Search,Mobile,464,373,1024,0.529,106.0,8.0,5535.13,4123.63
2026-11-03,Email,Mobile,226,188,519,0.356,136.0,12.0,10117.1,243.72
2026-02-25,Referral,Mobile,183,157,633,0.522,97.0,3.0,1999.77,318.68
2026-07-29,Email,Tablet,111,95,335,0.266,168.0,4.0,3677.69,145.56
2026-05-20,Organic Search,Mobile,812,651,1713,0.489,125.0,23.0,24054.05,0.0
2026-08-18,Social Media,Desktop,390,316,884,0.472,166.0,6.0,4130.25,1298.74
2026-05-09,Email,Mobile,218,183,659,0.346,110.0,14.0,13358.46,294.84
2026-05-22,Referral,Mobile,170,141,523,0.43,162.0,0.0,0.0,321.49
2026-03-20,Direct,Mobile,324,287,1023,0.402,89.0,7.0,7394.83,0.0
2026-01-02,Social Media,Mobile,381,304,807,0.616,127.0,7.0,3114.88,1221.52
2026-05-14,Referral,Desktop,225,198,566,0.412,163.0,6.0,4382.66,445.79
2026-03-03,Referral,Desktop,152,137,498,0.37,178.0,5.0,4043.3,257.45
2026-07-23,Social Media,Tablet,112,99,337,0.527,171.0,3.0,1536.17,305.02
2026-03-28,Paid Search,Mobile,463,366,1168,0.521,127.0,10.0,9240.06,4226.11
2026-11-08,Social Media,Desktop,273,244,854,0.582,168.0,7.0,6131.36,828.82
2026-09-30,Paid Search,Desktop,522,431,1823,0.452,210.0,14.0,11689.19,4730.3
2026-12-25,Email,Mobile,213,172,553,0.387,92.0,11.0,10585.45,239.0
2026-01-25,Organic Search,Mobile,440,398,1490,0.424,93.0,10.0,7848.63,0.0
2026-11-23,Social Media,Tablet,169,143,522,0.552,206.0,2.0,1601.88,517.63
2026-05-28,Email,Desktop,299,261,870,0.342,168.0,13.0,12565.11,404.01
2026-07-08,Organic Search,Tablet,348,310,1054,0.375,174.0,7.0,6506.05,0.0
2026-09-04,Email,Mobile,208,175,555,0.323,113.0,6.0,4722.96,276.29
2026-07-17,Referral,Tablet,70,57,171,0.385,151.0,0.0,0.0,129.34
2026-07-26,Email,Desktop,328,268,933,0.308,196.0,16.0,13904.73,334.76
2026-08-07,Email,Mobile,371,298,826,0.319,172.0,17.0,15972.71,381.81
2026-09-28,Social Media,Desktop,346,287,1203,0.551,152.0,5.0,3471.28,1226.22
2026-07-21,Social Media,Desktop,372,320,786,0.476,195.0,9.0,6028.38,1144.3
2026-05-20,Referral,Mobile,188,153,627,0.463,109.0,4.0,3591.31,361.92
2026-12-17,Referral,Mobile,153,123,514,0.41,104.0,4.0,3227.01,262.55
2026-03-03,Paid Search,Mobile,492,431,1696,0.482,87.0,14.0,11602.19,3732.04
2026-06-13,Email,Tablet,84,75,246,0.314,166.0,4.0,3839.14,90.79
2026-09-26,Organic Search,Mobile,490,438,1699,0.42,62.0,14.0,12713.52,0.0
2026-07-31,Email,Tablet,82,72,282,0.298,142.0,4.0,3674.54,97.69
2026-09-28,Organic Search,Mobile,656,561,1670,0.473,156.0,16.0,14261.26,0.0
2026-09-10,Direct,Tablet,157,141,389,0.375,157.0,2.0,1715.68,0.0
2026-01-11,Direct,Tablet,32,25,77,0.38,107.0,5.0,5658.18,0.0
2026-02-04,Paid Search,Desktop,385,331,910,0.427,238.0,4.0,2684.99,3472.55
2026-02-05,Direct,Mobile,295,247,720,0.471,132.0,10.0,8459.79,0.0
2026-09-19,Referral,Desktop,119,106,277,0.378,188.0,6.0,4801.43,230.51
2026-12-08,Paid Search,Tablet,183,143,518,0.435,134.0,5.0,4066.49,1725.17
2026-11-05,Paid Search,Desktop,359,310,831,0.447,154.0,10.0,10998.28,3404.42
2026-01-19,Social Media,Desktop,318,267,926,0.52,208.0,8.0,6525.9,969.18
2026-05-03,Email,Tablet,142,123,451,0.302,142.0,6.0,5129.78,150.03
2026-08-27,Social Media,Desktop,358,299,1044,0.615,183.0,10.0,6896.4,1310.91
2026-12-23,Paid Search,Desktop,423,357,991,0.557,140.0,10.0,8839.52,3553.58
2026-05-29,Social Media,Desktop,396,339,1349,0.556,134.0,3.0,2128.24,1282.41
2026-11-15,Direct,Desktop,192,166,449,0.315,179.0,7.0,7317.05,0.0
2026-01-27,Referral,Desktop,142,120,406,0.409,190.0,2.0,1326.5,243.79
2026-05-15,Social Media,Tablet,99,82,235,0.506,140.0,2.0,1318.24,292.19
2026-05-25,Email,Mobile,433,353,1345,0.305,115.0,20.0,21276.15,530.49
2026-02-09,Referral,Tablet,86,74,210,0.386,143.0,3.0,2477.67,147.04
2026-06-28,Direct,Mobile,244,220,674,0.379,180.0,8.0,9091.02,0.0
2026-04-25,Social Media,Mobile,437,369,1325,0.608,82.0,8.0,6814.3,1410.28
2026-05-23,Email,Mobile,379,344,1238,0.313,173.0,22.0,18167.64,422.35
2026-08-31,Referral,Tablet,37,32,97,0.323,138.0,1.0,676.03,67.56
2026-01-02,Direct,Tablet,180,147,414,0.381,160.0,6.0,5799.71,0.0
2026-02-06,Referral,Mobile,262,232,630,0.39,137.0,4.0,2445.01,511.09
2026-10-14,Direct,Desktop,250,203,765,0.447,160.0,10.0,9435.31,0.0
2026-08-18,Referral,Tablet,118,98,350,0.409,163.0,2.0,1573.18,206.91
2026-03-22,Paid Search,Mobile,487,433,1158,0.485,164.0,14.0,9875.57,4445.35
2026-07-16,Social Media,Mobile,456,380,1079,0.57,135.0,7.0,5068.05,1345.29
2026-06-10,Paid Search,Desktop,538,460,1432,0.445,150.0,12.0,9042.35,5089.19
2026-12-22,Referral,Desktop,146,121,476,0.438,188.0,6.0,4894.86,279.02
2026-04-05,Direct,Mobile,292,242,683,0.441,103.0,13.0,11745.39,0.0
2026-06-10,Direct,Mobile,419,378,1090,0.358,158.0,15.0,18452.02,0.0
2026-08-13,Social Media,Mobile,466,412,1448,0.608,132.0,6.0,3604.97,1415.44
2026-06-23,Social Media,Mobile,451,407,1497,0.56,139.0,6.0,3775.94,1582.58
2026-10-30,Social Media,Tablet,118,97,278,0.454,136.0,2.0,1157.79,418.62
2026-01-07,Email,Mobile,264,210,600,0.368,154.0,19.0,18068.28,321.97
2026-05-07,Email,Desktop,234,199,684,0.35,151.0,10.0,8663.18,256.87
2026-03-19,Referral,Desktop,182,147,538,0.419,203.0,3.0,1911.06,329.23
2026-08-11,Email,Mobile,375,318,1291,0.263,86.0,26.0,25367.26,472.06
2026-05-17,Social Media,Tablet,61,53,209,0.527,147.0,1.0,565.93,183.69
2026-01-10,Social Media,Tablet,119,93,338,0.479,207.0,0.0,0.0,358.15
2026-01-31,Organic Search,Desktop,464,415,991,0.37,175.0,13.0,12880.98,0.0
2026-07-29,Email,Desktop,272,235,709,0.323,206.0,17.0,15695.68,311.67
2026-10-01,Organic Search,Mobile,639,581,1416,0.41,143.0,21.0,19762.5,0.0
2026-07-16,Paid Search,Mobile,549,463,1839,0.44,165.0,16.0,12926.2,4095.43
2026-06-15,Social Media,Mobile,376,337,1077,0.531,97.0,7.0,3969.98,1299.92
2026-10-25,Referral,Mobile,151,133,520,0.419,138.0,4.0,3508.46,263.8
2026-02-07,Social Media,Tablet,118,93,361,0.478,169.0,3.0,2044.49,412.69
2026-07-14,Referral,Tablet,88,75,244,0.357,137.0,1.0,546.23,153.92
2026-09-08,Social Media,Mobile,385,318,1008,0.588,123.0,6.0,3752.19,1067.45
2026-04-11,Referral,Desktop,121,106,401,0.408,221.0,4.0,2844.67,236.04
2026-12-31,Referral,Tablet,107,86,290,0.411,129.0,4.0,3214.57,199.57
2026-04-27,Direct,Desktop,343,309,1082,0.304,201.0,16.0,15641.68,0.0
2026-07-28,Paid Search,Tablet,126,106,416,0.484,162.0,2.0,1554.45,1138.16
2026-12-28,Referral,Desktop,194,162,542,0.425,212.0,4.0,2615.87,344.18
2026-11-05,Social Media,Mobile,386,310,1111,0.63,127.0,9.0,6315.04,1169.73
2026-04-27,Direct,Mobile,473,400,1120,0.413,96.0,19.0,17481.92,0.0
2026-11-05,Referral,Desktop,202,164,527,0.399,186.0,5.0,3708.35,339.34
2026-07-07,Referral,Desktop,252,219,787,0.373,190.0,13.0,11939.64,511.82
2026-03-28,Organic Search,Desktop,457,396,1057,0.412,188.0,17.0,15361.65,0.0
2026-07-18,Social Media,Mobile,443,346,1258,0.593,93.0,10.0,6670.05,1360.08
2026-06-10,Organic Search,Mobile,739,632,2553,0.418,141.0,24.0,18429.23,0.0
2026-01-20,Direct,Mobile,305,237,709,0.332,144.0,10.0,10643.17,0.0
2026-06-17,Email,Tablet,102,81,315,0.344,176.0,4.0,4092.05,134.8
2026-11-05,Social Media,Tablet,108,97,364,0.558,158.0,4.0,2287.04,331.42
2026-12-16,Social Media,Tablet,132,103,359,0.409,161.0,3.0,2239.41,468.52
2026-05-21,Referral,Desktop,207,187,714,0.422,163.0,3.0,2721.55,339.53
2026-11-19,Direct,Desktop,352,280,1076,0.388,185.0,15.0,14660.36,0.0
2026-11-14,Referral,Desktop,160,134,396,0.381,169.0,5.0,3770.42,254.89
2026-05-12,Referral,Desktop,209,171,623,0.392,169.0,1.0,815.59,354.37
2026-02-28,Social Media,Mobile,385,346,896,0.578,136.0,7.0,5960.78,1404.84
2026-05-09,Referral,Tablet,81,66,187,0.453,148.0,5.0,4237.48,145.39
2026-09-12,Paid Search,Desktop,336,286,739,0.494,217.0,13.0,9889.4,2524.81
2026-08-28,Social Media,Desktop,437,387,1324,0.514,130.0,10.0,6532.81,1417.25
2026-04-08,Paid Search,Tablet,259,210,767,0.425,187.0,7.0,5329.44,2411.09
2026-06-15,Referral,Mobile,131,116,330,0.441,73.0,2.0,1144.85,255.54
2026-04-09,Social Media,Tablet,167,138,430,0.515,152.0,5.0,3785.12,592.52
2026-03-08,Social Media,Tablet,123,96,405,0.463,195.0,1.0,509.39,356.49
2026-04-15,Social Media,Desktop,338,267,780,0.619,155.0,6.0,4734.81,1136.11
2026-05-29,Paid Search,Mobile,605,504,1606,0.505,120.0,15.0,13178.49,5387.3
2026-04-23,Organic Search,Desktop,525,457,1538,0.349,162.0,22.0,17763.88,0.0
2026-04-22,Social Media,Mobile,467,378,1575,0.551,94.0,5.0,3635.16,1711.35
2026-10-23,Email,Tablet,27,21,57,0.31,144.0,3.0,2546.42,37.25
2026-03-24,Social Media,Desktop,314,259,722,0.54,171.0,5.0,4206.34,1040.12
2026-01-19,Paid Search,Mobile,492,419,1106,0.458,160.0,12.0,9725.65,3863.31
2026-02-06,Organic Search,Desktop,572,481,1250,0.383,161.0,23.0,19580.02,0.0
2026-06-14,Paid Search,Desktop,395,319,1249,0.471,185.0,16.0,13410.89,3828.69
2026-03-04,Social Media,Mobile,493,422,1353,0.554,111.0,14.0,8290.72,1587.16
2026-09-07,Social Media,Mobile,435,376,968,0.521,150.0,11.0,7129.81,1456.34
2026-06-04,Referral,Mobile,205,185,647,0.403,136.0,2.0,1270.4,319.45
2026-07-17,Direct,Mobile,405,340,1083,0.394,121.0,15.0,17495.54,0.0
2026-08-16,Direct,Desktop,204,172,541,0.38,215.0,9.0,10417.98,0.0
2026-07-10,Paid Search,Mobile,598,528,1559,0.46,86.0,13.0,10693.69,4553.79
2026-09-01,Paid Search,Tablet,128,100,321,0.409,117.0,4.0,3859.27,1054.2
2026-11-02,Paid Search,Mobile,484,379,1083,0.442,147.0,19.0,19972.8,3648.7
2026-03-11,Referral,Tablet,27,22,56,0.389,166.0,1.0,751.27,53.11
2026-07-22,Referral,Desktop,168,149,451,0.422,209.0,7.0,5872.26,299.07
2026-08-16,Paid Search,Tablet,140,124,374,0.431,178.0,2.0,1314.9,1350.8
2026-06-30,Referral,Tablet,55,49,177,0.359,157.0,1.0,802.58,99.61
2026-03-26,Social Media,Mobile,376,327,1166,0.606,125.0,7.0,4401.95,1383.66
2026-03-18,Email,Mobile,361,283,1215,0.351,105.0,15.0,15132.08,461.73
2026-09-23,Referral,Mobile,205,162,462,0.377,149.0,10.0,7484.1,417.19
2026-02-26,Referral,Desktop,212,191,581,0.404,152.0,5.0,3693.14,356.15
2026-07-10,Organic Search,Tablet,321,266,1060,0.455,161.0,7.0,6023.5,0.0
2026-09-21,Social Media,Mobile,391,324,1058,0.506,141.0,6.0,4626.37,1289.86
2026-09-17,Organic Search,Tablet,233,205,509,0.37,186.0,6.0,4400.9,0.0
2026-06-10,Organic Search,Desktop,722,654,1892,0.418,184.0,19.0,15537.3,0.0
2026-02-20,Direct,Desktop,234,208,785,0.347,163.0,23.0,22826.09,0.0
2026-06-08,Direct,Mobile,458,376,1051,0.41,125.0,13.0,14201.18,0.0
2026-09-05,Paid Search,Desktop,401,343,1069,0.556,238.0,17.0,12304.15,3351.31
2026-04-04,Organic Search,Mobile,599,544,1972,0.364,116.0,12.0,9323.8,0.0
2026-04-08,Organic Search,Desktop,645,575,2219,0.443,209.0,25.0,29001.62,0.0
2026-10-25,Organic Search,Mobile,458,413,1404,0.431,109.0,12.0,9180.6,0.0
2026-04-07,Social Media,Tablet,162,132,529,0.486,136.0,2.0,1552.46,521.13
2026-04-01,Email,Desktop,347,313,953,0.272,163.0,16.0,17330.75,387.65
2026-12-08,Email,Desktop,289,248,760,0.309,144.0,11.0,9216.73,382.57
2026-01-24,Referral,Mobile,170,143,497,0.438,70.0,4.0,3091.76,335.04
2026-04-11,Social Media,Tablet,148,131,479,0.499,142.0,4.0,2524.69,447.63
2026-08-20,Social Media,Mobile,511,451,1409,0.495,122.0,10.0,7148.72,1603.46
2026-06-10,Social Media,Mobile,541,424,1615,0.52,128.0,8.0,5708.72,1968.52
2026-08-15,Social Media,Tablet,95,75,253,0.47,172.0,0.0,0.0,316.07
2026-01-14,Organic Search,Desktop,502,434,1247,0.407,196.0,18.0,14996.43,0.0
2026-12-30,Direct,Desktop,333,274,1044,0.31,173.0,10.0,10404.83,0.0
2026-05-04,Social Media,Tablet,171,148,565,0.521,176.0,4.0,2829.74,488.38
2026-12-31,Referral,Desktop,159,127,463,0.368,198.0,3.0,1697.24,326.13
2026-10-30,Organic Search,Mobile,620,495,1401,0.425,139.0,11.0,7654.2,0.0
2026-08-04,Paid Search,Tablet,136,117,392,0.374,169.0,1.0,756.74,1200.49
2026-12-19,Social Media,Desktop,301,262,1017,0.544,171.0,3.0,1441.39,931.77
2026-04-19,Paid Search,Mobile,462,411,1276,0.501,159.0,4.0,3436.13,3477.72
2026-10-06,Email,Mobile,397,333,1189,0.364,162.0,11.0,10715.43,521.41
2026-11-20,Email,Mobile,303,244,647,0.304,121.0,13.0,10571.15,349.3
2026-09-09,Email,Mobile,376,341,1105,0.361,84.0,18.0,17768.5,394.55
2026-11-30,Referral,Tablet,27,23,82,0.473,178.0,0.0,0.0,55.53
2026-04-21,Referral,Desktop,144,116,324,0.421,216.0,3.0,2950.25,255.72
2026-05-29,Social Media,Mobile,441,369,1101,0.553,144.0,8.0,4352.07,1528.27
2026-10-09,Email,Desktop,199,177,684,0.344,183.0,11.0,11422.36,257.35
2026-05-04,Email,Mobile,420,374,1330,0.378,136.0,15.0,15761.45,543.8
2026-03-03,Social Media,Tablet,150,117,444,0.447,149.0,3.0,1740.41,461.09
2026-10-28,Email,Desktop,229,179,797,0.305,202.0,7.0,5543.05,260.05
2026-02-15,Social Media,Tablet,223,194,716,0.53,154.0,6.0,2856.61,679.14
2026-07-22,Direct,Mobile,397,318,1102,0.369,164.0,9.0,9648.07,0.0
2026-09-06,Organic Search,Tablet,192,173,524,0.41,177.0,5.0,3777.69,0.0
2026-09-22,Email,Tablet,86,67,289,0.273,127.0,8.0,6997.88,97.57
2026-04-05,Paid Search,Tablet,161,141,525,0.479,143.0,4.0,2857.34,1423.6
2026-06-20,Direct,Tablet,214,184,527,0.386,179.0,8.0,7452.93,0.0
2026-01-08,Email,Mobile,265,241,627,0.359,157.0,14.0,12058.78,363.87
2026-09-01,Email,Desktop,221,183,673,0.235,202.0,11.0,10771.08,248.67
2026-10-08,Social Media,Mobile,421,339,1273,0.541,137.0,7.0,4493.77,1205.83
2026-11-07,Email,Tablet,45,35,113,0.24,174.0,3.0,2367.2,51.53
2026-11-20,Organic Search,Tablet,179,151,542,0.392,164.0,5.0,4352.89,0.0
2026-03-07,Email,Mobile,253,200,583,0.362,97.0,13.0,11683.96,319.5
2026-08-17,Paid Search,Mobile,598,515,1929,0.486,151.0,11.0,8999.02,5350.51
2026-02-19,Social Media,Desktop,287,224,997,0.572,189.0,6.0,4203.96,828.48
2026-06-28,Paid Search,Tablet,171,138,465,0.439,155.0,4.0,3449.78,1666.01
2026-05-16,Social Media,Mobile,443,391,1127,0.557,76.0,8.0,5311.72,1340.39
2026-09-27,Direct,Tablet,70,58,196,0.35,137.0,4.0,3433.84,0.0
2026-07-13,Email,Desktop,246,195,673,0.355,206.0,9.0,8328.99,283.85
2026-02-15,Social Media,Mobile,392,341,1194,0.59,126.0,7.0,5020.91,1165.18
2026-03-03,Direct,Mobile,432,391,1295,0.327,162.0,16.0,16240.94,0.0
2026-08-16,Social Media,Desktop,242,211,520,0.559,182.0,1.0,612.02,740.44
2026-05-11,Organic Search,Mobile,782,679,1875,0.431,109.0,29.0,24245.93,0.0
2026-11-19,Social Media,Tablet,150,130,395,0.54,174.0,5.0,3295.27,515.74
2026-11-21,Email,Mobile,273,221,851,0.347,107.0,12.0,11370.13,280.48
2026-03-12,Paid Search,Mobile,579,472,1849,0.516,88.0,14.0,12220.81,4188.23
2026-02-25,Organic Search,Desktop,667,553,2081,0.428,155.0,24.0,23415.41,0.0
2026-08-04,Email,Desktop,317,256,1050,0.351,191.0,18.0,15653.77,338.02
2026-04-07,Email,Tablet,75,62,198,0.305,196.0,3.0,3132.21,90.0
2026-09-19,Referral,Mobile,247,200,745,0.481,90.0,10.0,6611.52,442.83
2026-06-16,Email,Desktop,317,249,786,0.366,159.0,19.0,16591.29,415.92
2026-01-20,Email,Tablet,77,63,172,0.3,174.0,3.0,2465.43,104.34
2026-10-05,Direct,Mobile,364,307,851,0.411,101.0,22.0,24249.84,0.0
2026-07-25,Email,Desktop,194,157,452,0.269,180.0,11.0,8817.22,236.46
2026-09-13,Email,Mobile,234,208,785,0.283,124.0,11.0,11730.99,257.83
2026-03-24,Direct,Mobile,401,349,1125,0.381,151.0,14.0,12914.7,0.0
2026-09-09,Social Media,Mobile,392,312,1349,0.604,73.0,5.0,2675.63,1273.39
2026-09-01,Direct,Desktop,299,250,778,0.343,192.0,11.0,11046.17,0.0
2026-03-10,Paid Search,Mobile,471,386,1012,0.514,80.0,13.0,10867.67,3408.32
2026-07-24,Referral,Mobile,258,222,544,0.488,146.0,7.0,4849.1,403.51
2026-06-16,Referral,Desktop,202,161,578,0.37,240.0,4.0,3187.98,369.59
2026-12-02,Paid Search,Mobile,476,403,1359,0.503,125.0,12.0,9657.74,3485.36
2026-12-12,Email,Mobile,247,208,652,0.362,172.0,11.0,10039.84,266.14
2026-06-30,Paid Search,Mobile,612,544,1458,0.485,115.0,23.0,17821.93,5059.55
2026-12-08,Social Media,Tablet,117,92,255,0.494,174.0,3.0,1904.83,374.71
2026-01-03,Referral,Mobile,181,155,583,0.381,66.0,1.0,834.94,367.61
2026-12-01,Paid Search,Mobile,553,492,1162,0.493,131.0,10.0,7279.42,4720.57
2026-10-21,Email,Desktop,169,136,471,0.316,211.0,10.0,10081.93,202.04
2026-01-09,Referral,Desktop,166,141,423,0.431,184.0,2.0,1423.55,318.8
2026-08-19,Referral,Tablet,94,80,254,0.361,128.0,3.0,1710.86,146.29
2026-03-30,Paid Search,Desktop,512,432,1789,0.507,177.0,21.0,14229.37,3933.56
2026-03-30,Paid Search,Tablet,179,140,395,0.423,171.0,5.0,3983.71,1403.32
2026-03-24,Paid Search,Desktop,481,395,1531,0.498,201.0,13.0,12684.27,3769.97
2026-03-23,Email,Tablet,56,49,118,0.354,157.0,3.0,2882.35,57.79
2026-07-24,Email,Mobile,393,331,1285,0.364,156.0,11.0,8680.21,451.09
2026-12-12,Paid Search,Desktop,403,322,1228,0.368,157.0,16.0,11479.32,3227.91
2026-06-19,Email,Tablet,27,21,60,0.318,144.0,0.0,0.0,36.88
2026-04-26,Social Media,Tablet,110,98,255,0.5,142.0,1.0,605.25,299.79
2026-12-24,Social Media,Mobile,405,339,1228,0.569,148.0,14.0,9904.76,1117.02
2026-12-08,Organic Search,Tablet,212,186,732,0.329,146.0,8.0,6518.61,0.0
2026-12-26,Direct,Tablet,153,122,462,0.24,151.0,4.0,4115.32,0.0
2026-06-24,Social Media,Mobile,454,358,1382,0.469,78.0,10.0,7095.7,1610.48
2026-06-07,Organic Search,Tablet,257,232,669,0.322,123.0,8.0,7372.25,0.0
2026-01-25,Paid Search,Mobile,462,395,1070,0.442,119.0,12.0,9602.18,3603.31
2026-08-15,Email,Mobile,271,213,569,0.347,102.0,11.0,10306.85,352.49
2026-06-14,Social Media,Tablet,96,76,229,0.569,154.0,2.0,1195.55,271.8
2026-08-31,Social Media,Desktop,374,319,996,0.476,183.0,9.0,5925.08,1040.03
2026-03-30,Paid Search,Mobile,523,436,1681,0.501,175.0,15.0,13533.9,3973.07
2026-06-04,Social Media,Tablet,128,112,345,0.557,110.0,2.0,1416.83,373.27
2026-10-25,Social Media,Tablet,56,46,143,0.557,164.0,0.0,0.0,152.47
2026-03-30,Social Media,Desktop,371,318,1237,0.53,178.0,5.0,3458.45,1330.2
2026-08-22,Email,Tablet,120,102,256,0.334,176.0,11.0,10197.49,149.5
2026-02-24,Organic Search,Mobile,703,575,1692,0.4,141.0,21.0,17379.64,0.0
2026-03-10,Direct,Tablet,33,26,75,0.342,164.0,3.0,3114.56,0.0
2026-06-13,Referral,Tablet,158,127,426,0.427,174.0,6.0,5645.38,326.48
2026-05-11,Organic Search,Tablet,223,193,712,0.342,154.0,8.0,7440.46,0.0
2026-08-21,Social Media,Tablet,155,122,447,0.587,146.0,2.0,1183.43,442.82
2026-09-03,Direct,Mobile,333,285,982,0.368,87.0,9.0,8249.24,0.0
2026-08-22,Email,Mobile,246,205,744,0.355,147.0,10.0,8523.4,261.06
2026-11-08,Paid Search,Desktop,284,235,662,0.45,157.0,14.0,8820.76,2629.13
2026-05-04,Referral,Tablet,112,98,236,0.343,141.0,4.0,3477.29,182.1
2026-06-19,Paid Search,Desktop,465,389,1374,0.429,148.0,18.0,13470.59,4356.65
2026-03-25,Paid Search,Desktop,370,296,1104,0.427,182.0,13.0,10519.82,2996.67
2026-01-25,Referral,Tablet,73,58,158,0.405,118.0,1.0,898.13,145.56
2026-05-12,Email,Tablet,115,101,357,0.313,134.0,9.0,9552.21,146.18
2026-08-13,Organic Search,Desktop,578,474,1703,0.405,207.0,17.0,16242.86,0.0
2026-05-15,Email,Mobile,397,322,1148,0.215,118.0,29.0,29939.91,485.25
2026-12-25,Social Media,Mobile,396,342,1090,0.566,91.0,3.0,1845.69,1296.37
2026-09-04,Social Media,Tablet,152,118,414,0.546,95.0,3.0,2254.42,462.42
2026-11-08,Email,Mobile,267,235,661,0.27,117.0,20.0,19070.87,330.61
2026-03-28,Paid Search,Desktop,402,317,1064,0.461,185.0,13.0,10055.23,3864.59
2026-11-20,Paid Search,Mobile,436,350,1443,0.428,102.0,13.0,9630.61,3315.21
2026-03-05,Direct,Desktop,350,316,1221,0.314,205.0,15.0,15438.01,0.0
2026-10-22,Referral,Desktop,264,231,685,0.409,166.0,7.0,5202.54,541.19
2026-04-27,Paid Search,Mobile,592,530,1328,0.399,117.0,16.0,11287.74,5464.36
2026-03-14,Referral,Tablet,20,17,59,0.432,172.0,1.0,815.6,33.94
2026-04-22,Referral,Tablet,20,18,68,0.433,147.0,1.0,622.25,31.49
2026-08-06,Email,Tablet,153,125,420,0.2,116.0,5.0,5045.74,175.42
2026-10-11,Social Media,Mobile,329,259,1143,0.555,120.0,7.0,4470.76,1042.33
2026-07-20,Direct,Desktop,296,257,880,0.393,209.0,11.0,10657.76,0.0
2026-03-18,Direct,Mobile,411,352,993,0.377,100.0,20.0,20863.73,0.0
2026-08-05,Paid Search,Tablet,161,133,415,0.416,124.0,5.0,3740.54,1559.93
2026-01-23,Referral,Tablet,20,16,55,0.369,140.0,0.0,0.0,37.8
2026-02-22,Paid Search,Tablet,82,69,252,0.448,181.0,1.0,790.77,696.36
2026-02-14,Email,Desktop,126,104,368,0.325,150.0,7.0,6461.17,163.58
2026-06-02,Direct,Tablet,63,54,183,0.414,155.0,4.0,3744.79,0.0
2026-10-16,Email,Desktop,286,250,672,0.302,186.0,17.0,17041.18,363.87
2026-08-08,Social Media,Mobile,449,382,1381,0.547,84.0,10.0,7834.17,1534.76
2026-01-15,Paid Search,Mobile,502,447,1328,0.461,157.0,10.0,8559.48,3666.72
2026-12-25,Organic Search,Mobile,562,440,1183,0.4,141.0,23.0,18412.02,0.0
2026-05-05,Paid Search,Desktop,497,409,1320,0.457,184.0,12.0,9152.14,4581.67
2026-02-05,Referral,Tablet,26,21,64,0.343,141.0,1.0,708.95,41.23
2026-04-09,Paid Search,Desktop,482,393,1640,0.421,180.0,24.0,20186.46,3939.06
2026-12-23,Referral,Desktop,225,180,490,0.384,211.0,8.0,6446.76,437.08
2026-10-02,Organic Search,Desktop,568,455,1459,0.366,189.0,20.0,17931.24,0.0
2026-09-17,Referral,Tablet,20,15,62,0.448,147.0,0.0,0.0,36.37
2026-07-19,Paid Search,Desktop,367,309,924,0.462,191.0,7.0,5810.85,2755.18
2026-09-11,Email,Mobile,292,230,865,0.308,131.0,13.0,13322.4,341.9
2026-01-02,Social Media,Desktop,407,325,956,0.578,157.0,6.0,4286.0,1486.75
2026-03-02,Social Media,Tablet,73,65,185,0.608,137.0,2.0,1225.85,225.48
2026-07-09,Referral,Mobile,111,94,384,0.327,143.0,2.0,1350.67,218.55
2026-05-30,Direct,Desktop,223,189,696,0.344,165.0,7.0,7429.82,0.0
2026-07-31,Paid Search,Mobile,643,536,1531,0.531,121.0,12.0,9608.26,5222.44
2026-01-07,Paid Search,Mobile,482,437,1675,0.433,97.0,9.0,8230.45,4162.02
2026-06-07,Referral,Desktop,174,155,379,0.432,178.0,4.0,2961.96,291.26
2026-05-09,Social Media,Mobile,402,318,1085,0.536,150.0,10.0,6253.0,1283.95
2026-09-28,Paid Search,Mobile,480,384,1546,0.48,107.0,12.0,9868.04,4253.67
2026-01-04,Organic Search,Tablet,177,152,513,0.394,183.0,4.0,2809.26,0.0
2026-03-14,Direct,Mobile,197,173,654,0.373,150.0,4.0,3162.22,0.0
2026-02-08,Email,Tablet,108,86,290,0.221,122.0,6.0,5564.5,137.82
2026-09-23,Organic Search,Mobile,647,504,1573,0.468,122.0,19.0,14325.75,0.0
2026-03-10,Paid Search,Desktop,479,391,1188,0.432,167.0,19.0,11812.02,4421.28
2026-04-22,Organic Search,Mobile,700,629,2194,0.376,108.0,13.0,11334.59,0.0
2026-01-16,Social Media,Desktop,329,270,860,0.542,203.0,3.0,1650.26,975.28
2026-10-27,Social Media,Desktop,314,246,750,0.519,172.0,7.0,5336.73,1002.05
2026-07-14,Social Media,Mobile,487,414,1351,0.494,115.0,8.0,5348.79,1533.09
2026-04-12,Referral,Desktop,189,153,633,0.394,213.0,4.0,2802.85,294.2
2026-11-11,Social Media,Desktop,339,281,797,0.541,197.0,5.0,3248.3,1155.52
2026-02-07,Referral,Mobile,165,148,417,0.487,80.0,6.0,4372.74,283.35
2026-07-29,Organic Search,Tablet,297,253,827,0.325,149.0,14.0,14451.78,0.0
2026-09-21,Paid Search,Tablet,177,145,471,0.455,114.0,2.0,1637.0,1544.16
2026-10-27,Direct,Desktop,255,205,543,0.32,169.0,7.0,5488.46,0.0
2026-03-05,Paid Search,Desktop,450,375,1099,0.376,220.0,12.0,9603.93,3376.55
2026-06-03,Direct,Mobile,402,318,1310,0.402,131.0,18.0,18542.71,0.0
2026-10-24,Referral,Tablet,20,17,57,0.427,183.0,0.0,0.0,32.24
2026-10-09,Social Media,Mobile,505,406,1646,0.585,106.0,7.0,4472.07,1388.68
2026-07-20,Referral,Desktop,195,169,422,,164.0,3.0,2188.94,339.89
2026-02-27,Email,Mobile,350,297,1105,0.298,99.0,17.0,16265.75,431.12
2026-08-20,Organic Search,Mobile,852,695,2265,0.408,116.0,19.0,18045.34,0.0
2026-10-21,Email,Tablet,161,126,402,0.293,136.0,3.0,2786.98,217.56
2026-03-16,Direct,Tablet,78,68,166,0.405,157.0,2.0,1972.81,0.0
2026-11-05,Organic Search,Mobile,538,428,1347,0.405,104.0,14.0,11489.26,0.0
2026-07-16,Referral,Tablet,86,75,250,0.378,127.0,2.0,1276.42,157.52
2026-06-04,Direct,Desktop,436,373,952,0.391,179.0,22.0,21479.79,0.0
2026-07-07,Direct,Mobile,366,332,1027,0.419,184.0,15.0,14179.6,0.0
2026-05-13,Social Media,Tablet,158,140,463,0.529,143.0,2.0,1329.86,512.94
2026-06-16,Organic Search,Desktop,696,590,1843,0.379,195.0,18.0,14863.37,0.0
2026-01-07,Social Media,Mobile,355,282,1190,0.509,126.0,8.0,4598.6,1106.54
2026-12-12,Direct,Desktop,225,202,574,0.374,173.0,11.0,10842.63,0.0
2026-12-30,Social Media,Desktop,221,193,468,0.478,175.0,5.0,3285.92,688.32
2026-08-05,Direct,Mobile,409,362,952,0.399,112.0,15.0,16226.23,0.0
2026-06-25,Paid Search,Desktop,508,398,1136,0.424,159.0,19.0,11384.68,4763.96
2026-09-30,Email,Desktop,280,234,933,0.222,177.0,21.0,21749.16,333.25
2026-06-06,Email,Tablet,36,32,90,0.283,153.0,2.0,1768.21,45.28
2026-06-22,Email,Tablet,102,80,285,0.325,185.0,4.0,3905.5,115.42
2026-11-20,Direct,Desktop,191,165,599,0.357,164.0,10.0,10077.95,0.0
2026-10-31,Social Media,Desktop,195,157,655,0.475,208.0,7.0,3746.55,583.38
2026-10-27,Direct,Mobile,333,284,1155,0.388,93.0,14.0,14704.1,0.0
2026-01-05,Email,Desktop,224,200,529,0.333,198.0,14.0,13858.88,309.02
2026-06-17,Referral,Desktop,180,142,606,0.365,161.0,6.0,4128.74,313.91
2026-04-20,Email,Mobile,415,357,1438,0.416,144.0,20.0,21253.8,431.2
2026-04-06,Paid Search,Mobile,561,503,1459,0.506,132.0,19.0,15695.69,4449.15
2026-08-22,Social Media,Mobile,375,292,975,0.532,85.0,7.0,4106.46,1307.25
2026-12-06,Referral,Mobile,207,181,654,0.463,114.0,3.0,2356.76,417.48
2026-10-27,Social Media,Mobile,402,326,1062,0.551,102.0,6.0,4317.69,1128.2
2026-11-06,Social Media,Desktop,427,372,1165,0.523,223.0,10.0,6544.62,1424.67
2026-04-19,Organic Search,Tablet,151,133,422,0.386,168.0,3.0,2408.51,0.0
2026-08-10,Organic Search,Mobile,712,616,1846,0.361,136.0,22.0,18947.47,0.0
2026-07-17,Social Media,Tablet,148,124,414,0.589,117.0,3.0,1915.74,415.82
2026-09-13,Paid Search,Tablet,137,109,461,0.454,158.0,5.0,4260.76,1005.59
2026-03-31,Social Media,Tablet,57,47,139,0.548,151.0,0.0,0.0,162.07
2026-08-04,Referral,Desktop,230,202,690,0.399,164.0,10.0,8803.42,459.79
2026-07-13,Paid Search,Desktop,443,386,1083,0.465,198.0,13.0,10235.8,3894.9
2026-06-20,Email,Mobile,302,241,1027,0.32,120.0,18.0,15011.85,318.28
2026-08-05,Organic Search,Mobile,815,711,2747,0.448,176.0,18.0,14746.7,0.0
2026-12-23,Email,Mobile,334,280,1125,0.286,112.0,12.0,11929.09,342.8
2026-09-24,Organic Search,Tablet,113,100,238,0.395,157.0,1.0,842.03,0.0
2026-10-08,Referral,Desktop,83,73,215,0.396,182.0,3.0,2722.88,171.73
2026-07-20,Paid Search,Tablet,111,88,279,0.448,161.0,0.0,0.0,1057.86
2026-02-06,Referral,Tablet,82,65,224,0.421,125.0,2.0,1218.58,145.99
2026-05-02,Referral,Mobile,198,157,507,0.422,109.0,3.0,2487.35,400.03
2026-08-26,Referral,Tablet,76,68,240,0.427,208.0,0.0,0.0,155.53
2026-11-17,Email,Tablet,53,42,127,0.258,182.0,3.0,2502.55,65.77
2026-02-26,Email,Desktop,128,105,437,0.35,194.0,4.0,3766.04,132.97
2026-01-31,Referral,Tablet,112,91,302,0.37,145.0,2.0,1767.2,196.39
2026-08-28,Direct,Desktop,344,273,1037,0.318,197.0,9.0,7548.48,0.0
2026-12-04,Paid Search,Desktop,415,356,945,0.36,200.0,17.0,11883.22,3550.37
2026-03-09,Organic Search,Mobile,658,579,1480,0.528,113.0,21.0,19086.0,0.0
2026-10-08,Social Media,Desktop,372,329,1099,0.477,211.0,6.0,4035.51,1179.63
2026-10-16,Social Media,Desktop,416,373,980,0.484,151.0,5.0,2813.32,1187.97
2026-03-25,Referral,Mobile,159,144,487,0.475,129.0,5.0,4175.48,248.97
2026-06-28,Email,Mobile,277,228,878,0.346,139.0,17.0,16023.85,283.82
2026-11-14,Paid Search,Desktop,265,214,646,0.407,186.0,6.0,4727.51,2096.55
2026-09-05,Referral,Desktop,152,129,497,0.456,196.0,5.0,3883.64,241.31
2026-09-05,Referral,Tablet,69,56,169,0.391,113.0,3.0,2333.65,120.42
2026-01-15,Direct,Tablet,167,148,373,0.358,159.0,3.0,3213.37,0.0
2026-06-30,Email,Mobile,333,276,1052,0.405,92.0,9.0,7488.93,424.05
2026-08-11,Referral,Tablet,141,123,400,0.404,184.0,6.0,3980.64,247.36
2026-04-28,Paid Search,Tablet,173,143,481,0.452,158.0,6.0,5263.09,1655.71
2026-07-16,Direct,Mobile,397,342,945,0.434,121.0,17.0,17069.84,0.0
2026-04-17,Organic Search,Mobile,729,588,2498,0.397,102.0,20.0,18746.35,0.0
2026-08-03,Direct,Desktop,332,271,993,0.378,188.0,16.0,13995.72,0.0
2026-11-07,Referral,Desktop,105,87,280,0.43,235.0,1.0,758.4,161.92
2026-02-06,Social Media,Tablet,80,66,172,0.533,164.0,1.0,743.7,266.31
2026-09-02,Direct,Desktop,292,233,670,0.407,199.0,21.0,17452.03,0.0
2026-09-15,Paid Search,Mobile,506,395,1519,0.501,172.0,14.0,9764.37,4646.42
2026-08-22,Organic Search,Desktop,500,429,1470,0.386,175.0,17.0,13604.53,0.0
2026-02-25,Social Media,Tablet,99,81,216,0.511,200.0,0.0,0.0,276.64
2026-08-03,Paid Search,Desktop,488,415,1502,0.419,202.0,17.0,14578.38,3593.12
2026-06-07,Social Media,Tablet,121,102,262,0.508,165.0,2.0,1171.74,368.27
2026-06-06,Organic Search,Mobile,697,628,1701,0.42,76.0,25.0,23174.87,0.0
2026-04-10,Organic Search,Tablet,314,273,753,0.363,150.0,7.0,4740.88,0.0
2026-03-10,Direct,Mobile,447,385,1434,0.398,150.0,13.0,13314.62,0.0
2026-12-26,Organic Search,Mobile,413,364,1288,0.46,120.0,6.0,4645.9,0.0
2026-07-20,Social Media,Mobile,481,416,1672,0.534,163.0,8.0,4183.28,1724.53
2026-08-30,Direct,Tablet,157,142,494,0.374,199.0,9.0,9058.65,0.0
2026-10-23,Direct,Desktop,283,246,848,0.354,212.0,10.0,8592.63,0.0
2026-12-27,Social Media,Mobile,365,305,943,0.618,153.0,8.0,5022.21,1232.56
2026-05-02,Social Media,Tablet,183,154,582,0.568,171.0,0.0,0.0,568.66
2026-06-11,Referral,Desktop,182,142,503,0.435,208.0,10.0,7984.57,353.55
2026-03-05,Organic Search,Desktop,596,541,1880,0.333,157.0,22.0,18830.3,0.0
2026-02-20,Social Media,Tablet,142,127,461,0.495,167.0,1.0,592.74,510.81
2026-08-28,Direct,Mobile,429,356,1148,0.33,73.0,11.0,10730.81,0.0
2026-03-14,Social Media,Mobile,290,227,921,0.534,118.0,2.0,1099.02,1023.45
2026-12-07,Social Media,Tablet,96,79,223,0.469,151.0,0.0,0.0,352.06
2026-04-01,Social Media,Mobile,479,383,1197,0.558,105.0,6.0,2623.17,1407.77
2026-03-26,Email,Mobile,293,242,961,0.369,141.0,18.0,19420.74,342.57
2026-02-16,Social Media,Mobile,441,399,1244,0.558,140.0,7.0,2800.05,1505.57
2026-01-20,Referral,Mobile,190,172,499,0.433,152.0,2.0,1666.36,348.96
2026-01-08,Direct,Desktop,309,258,887,0.35,204.0,15.0,13715.92,0.0
2026-01-17,Email,Tablet,23,18,72,0.374,141.0,2.0,1940.89,29.19
2026-03-28,Social Media,Tablet,156,131,495,0.525,204.0,4.0,3242.16,519.0
2026-02-25,Direct,Mobile,319,275,1073,0.414,144.0,10.0,10328.62,0.0
2026-01-22,Paid Search,Mobile,493,425,1501,0.431,133.0,10.0,8386.82,3941.32
2026-08-14,Paid Search,Tablet,274,227,872,0.439,153.0,8.0,5526.43,2335.47
2026-07-07,Paid Search,Mobile,544,462,1899,0.423,90.0,13.0,10251.64,4945.18
2026-02-12,Paid Search,Tablet,154,132,422,0.388,165.0,9.0,7558.77,1266.67
2026-09-22,Paid Search,Desktop,426,342,985,0.476,175.0,10.0,5708.48,3791.33
2026-07-17,Social Media,Desktop,425,355,966,0.588,222.0,5.0,2800.68,1163.5
2026-08-20,Referral,Mobile,208,184,541,0.475,111.0,7.0,5617.12,386.86
2026-09-30,Direct,Desktop,239,205,507,0.341,178.0,18.0,15379.35,0.0
2026-10-22,Email,Mobile,356,323,1139,0.315,81.0,17.0,12574.72,414.81
2026-09-08,Organic Search,Tablet,199,162,675,0.365,152.0,5.0,4947.44,0.0
2026-03-19,Referral,Mobile,265,208,714,0.489,113.0,6.0,4336.11,426.44
2026-07-14,Organic Search,Desktop,641,582,2202,0.409,173.0,17.0,14143.27,0.0
2026-11-09,Referral,Desktop,228,203,756,0.383,171.0,7.0,4410.89,437.77
2026-06-01,Paid Search,Desktop,518,408,1259,0.453,254.0,9.0,8098.23,4957.14
2026-04-18,Social Media,Desktop,291,241,625,0.497,144.0,1.0,697.93,831.71
2026-08-02,Direct,Desktop,256,201,602,0.362,161.0,7.0,7092.97,0.0
2026-11-26,Direct,Desktop,318,248,1046,0.304,200.0,17.0,16472.64,0.0
2026-11-17,Paid Search,Desktop,384,327,836,0.463,201.0,10.0,7220.34,3641.1
2026-12-06,Social Media,Mobile,282,254,947,0.599,107.0,5.0,3601.23,987.97
2026-06-19,Direct,Mobile,418,350,1183,0.359,109.0,22.0,22544.4,0.0
2026-11-08,Paid Search,Tablet,161,143,523,0.381,146.0,4.0,3455.86,1359.53
2026-07-09,Paid Search,Desktop,621,536,1565,0.458,184.0,18.0,16666.51,5788.95
2026-08-30,Referral,Mobile,134,109,286,0.454,156.0,1.0,756.96,249.27
2026-05-30,Paid Search,Desktop,443,384,1183,0.411,199.0,18.0,16787.64,4181.21
2026-07-04,Email,Tablet,86,74,265,0.396,121.0,5.0,4346.76,104.8
2026-01-04,Paid Search,Mobile,393,322,1060,0.493,124.0,9.0,6359.97,3057.52
2026-01-05,Paid Search,Mobile,451,380,1569,0.49,80.0,11.0,8054.71,3356.02
2026-02-14,Paid Search,Mobile,359,302,1117,0.484,149.0,7.0,6629.38,3248.44
2026-05-15,Paid Search,Mobile,539,456,1560,0.527,163.0,8.0,5800.74,4126.91
2026-07-31,Social Media,Mobile,448,383,1051,0.58,109.0,3.0,1417.1,1419.13
2026-10-09,Organic Search,Desktop,489,439,1650,0.354,192.0,16.0,12281.84,0.0
2026-02-13,Email,Tablet,139,118,428,0.305,134.0,13.0,13252.05,156.01
2026-11-20,Referral,Mobile,132,114,454,0.413,110.0,1.0,698.73,210.29
2026-12-22,Social Media,Mobile,405,363,926,0.602,121.0,8.0,6828.27,1377.76
2026-06-25,Social Media,Tablet,163,135,464,0.538,168.0,5.0,2686.39,567.18
2026-06-22,Email,Mobile,256,208,612,0.37,139.0,16.0,15730.56,336.84
2026-08-13,Email,Tablet,151,131,476,0.297,148.0,8.0,9375.01,191.62
2026-05-04,Paid Search,Desktop,522,423,1739,0.419,185.0,11.0,9521.88,5089.91
2026-07-06,Direct,Desktop,403,318,1344,0.373,187.0,16.0,16854.1,0.0
2026-10-18,Email,Tablet,76,67,229,0.415,141.0,6.0,4673.99,87.52
2026-11-25,Referral,Mobile,208,184,463,0.406,142.0,4.0,3283.29,369.72
2026-07-04,Organic Search,Desktop,495,400,1398,0.413,194.0,12.0,9124.84,0.0
2026-09-06,Direct,Tablet,203,161,599,0.338,141.0,9.0,8151.43,0.0
2026-10-09,Organic Search,Tablet,155,126,432,0.369,167.0,5.0,4124.63,0.0
2026-02-20,Email,Mobile,333,278,862,0.372,126.0,22.0,18447.07,353.93
2026-05-01,Direct,Desktop,312,283,1029,0.33,214.0,10.0,11000.26,0.0
2026-04-13,Direct,Tablet,110,99,345,0.312,165.0,7.0,5842.86,0.0
2026-05-09,Paid Search,Tablet,90,76,194,0.42,120.0,3.0,2032.77,762.06
2026-12-08,Email,Mobile,192,152,601,0.309,114.0,7.0,6482.5,233.37
2026-03-11,Referral,Desktop,111,97,274,0.396,131.0,3.0,2630.77,172.78
2026-05-19,Email,Tablet,90,75,231,0.323,145.0,5.0,4929.1,114.67
2026-10-02,Email,Tablet,71,63,152,0.397,157.0,5.0,3970.5,88.27
2026-08-22,Organic Search,Tablet,218,182,754,0.324,133.0,9.0,7966.36,0.0
2026-03-07,Social Media,Tablet,146,118,451,0.499,204.0,6.0,4323.89,470.55
2026-10-02,Paid Search,Desktop,375,300,946,0.381,173.0,8.0,4238.75,3626.72
2026-10-26,Organic Search,Desktop,566,456,1625,0.383,146.0,15.0,9672.86,0.0
2026-01-25,Email,Mobile,259,228,685,0.416,120.0,10.0,9745.88,294.77
2026-03-19,Direct,Mobile,366,326,845,0.355,135.0,8.0,7071.4,0.0
2026-08-06,Paid Search,Desktop,493,401,1269,0.469,153.0,11.0,8207.12,3614.97
2026-07-20,Social Media,Desktop,452,377,1476,0.452,179.0,5.0,3021.32,1332.81
2026-08-01,Social Media,Tablet,160,136,441,0.607,215.0,2.0,1208.03,533.44
2026-11-17,Paid Search,Mobile,445,393,1040,0.509,137.0,16.0,13850.16,4144.35
2026-12-14,Referral,Mobile,288,226,649,0.411,142.0,10.0,8979.82,455.88
2026-02-28,Email,Mobile,243,195,512,0.288,162.0,10.0,9168.66,313.11
2026-09-13,Paid Search,Desktop,371,334,1025,0.404,203.0,21.0,17361.28,3569.07
2026-10-07,Paid Search,Desktop,503,456,1176,0.429,181.0,19.0,13999.3,3767.23
2026-07-23,Organic Search,Mobile,779,654,2675,0.437,154.0,30.0,25014.07,0.0
2026-03-20,Email,Tablet,65,58,169,0.286,121.0,2.0,1751.81,87.32
2026-05-12,Direct,Tablet,187,168,518,0.353,187.0,9.0,10640.02,0.0
2026-09-15,Paid Search,Tablet,231,205,662,0.432,171.0,6.0,4769.11,1767.51
2026-07-18,Email,Tablet,103,83,319,0.383,165.0,2.0,1707.15,115.45
2026-07-12,Referral,Tablet,99,83,245,0.465,80.0,1.0,803.0,184.49
2026-08-19,Direct,Tablet,116,98,370,0.33,118.0,6.0,6517.38,0.0
2026-08-25,Organic Search,Tablet,164,137,463,0.331,119.0,2.0,1898.4,0.0
2026-09-13,Paid Search,Mobile,435,392,1215,0.482,151.0,12.0,10850.35,3682.9
2026-03-25,Social Media,Tablet,161,136,497,0.601,171.0,4.0,1984.31,589.5
2026-10-25,Organic Search,Desktop,443,360,1118,0.342,143.0,14.0,14895.15,0.0
2026-10-19,Direct,Tablet,112,95,355,0.376,124.0,1.0,887.94,0.0
2026-12-08,Referral,Mobile,182,148,465,0.431,156.0,7.0,5767.51,337.96
2026-04-22,Direct,Mobile,391,312,1333,0.358,154.0,23.0,23554.39,0.0
2026-10-04,Organic Search,Mobile,518,428,1124,0.419,117.0,11.0,7761.42,0.0
2026-09-05,Organic Search,Mobile,527,412,1438,0.398,149.0,14.0,14013.27,0.0
2026-12-17,Paid Search,Mobile,400,363,1099,0.415,105.0,6.0,4299.01,2990.45
2026-11-22,Social Media,Mobile,395,310,912,0.591,119.0,6.0,3601.51,1321.59
2026-10-21,Direct,Tablet,89,72,216,0.428,163.0,5.0,5124.46,0.0
2026-10-03,Paid Search,Mobile,455,391,1265,0.49,126.0,11.0,7708.34,3431.48
2026-08-18,Paid Search,Desktop,448,380,967,0.451,161.0,8.0,5818.16,3606.96
2026-01-01,Social Media,Desktop,368,293,875,0.523,192.0,8.0,4034.28,1276.78
2026-06-15,Email,Mobile,352,299,843,0.457,110.0,11.0,11261.81,361.08
2026-05-19,Paid Search,Desktop,536,465,1693,0.507,217.0,17.0,13976.67,4010.32
2026-02-07,Direct,Desktop,226,195,549,0.328,230.0,8.0,9265.52,0.0
2026-04-18,Referral,Tablet,20,17,67,0.504,162.0,0.0,0.0,38.09
2026-10-20,Referral,Desktop,165,130,371,0.421,147.0,5.0,4110.23,296.09
2026-12-02,Direct,Desktop,287,252,755,0.28,164.0,9.0,9901.51,0.0
2026-08-10,Email,Tablet,132,106,328,0.281,147.0,3.0,2910.51,167.38
2026-10-26,Paid Search,Mobile,530,457,1769,0.436,140.0,15.0,12445.45,4434.77
2026-08-27,Referral,Desktop,184,153,638,0.461,168.0,5.0,4869.43,325.45
2026-05-25,Referral,Desktop,130,109,435,0.431,172.0,3.0,2698.15,210.82
2026-12-14,Paid Search,Tablet,160,139,476,0.473,125.0,3.0,2138.5,1454.86
2026-08-28,Paid Search,Mobile,603,527,1520,0.511,161.0,11.0,6315.72,4688.82
2026-12-02,Social Media,Tablet,160,144,446,0.518,130.0,1.0,612.96,457.76
2026-07-15,Email,Desktop,336,272,766,0.302,145.0,16.0,15587.6,372.38
2026-03-01,Organic Search,Tablet,160,128,488,0.421,160.0,4.0,3250.4,0.0
2026-06-10,Direct,Tablet,74,62,229,0.353,148.0,1.0,945.5,0.0
2026-08-19,Referral,Desktop,221,187,552,0.416,195.0,9.0,7448.93,449.97
2026-10-02,Social Media,Mobile,433,353,1025,0.541,130.0,9.0,7166.8,1307.09
2026-05-05,Email,Mobile,292,259,967,0.299,130.0,8.0,7893.79,349.88
2026-03-23,Referral,Mobile,226,200,724,0.41,131.0,6.0,4681.17,424.27
2026-11-14,Email,Tablet,55,49,165,0.348,159.0,2.0,2242.6,73.11
2026-04-15,Referral,Tablet,46,38,143,0.453,192.0,1.0,795.61,75.06
2026-02-28,Email,Desktop,223,179,759,0.262,241.0,8.0,8666.16,236.47
2026-04-23,Paid Search,Tablet,198,174,510,0.436,143.0,4.0,2735.55,1877.69
2026-10-14,Email,Tablet,90,71,213,0.337,144.0,5.0,4793.59,119.91
2026-11-01,Paid Search,Desktop,318,267,1018,0.426,185.0,9.0,6440.77,2391.3
2026-05-28,Direct,Desktop,348,314,988,0.354,180.0,16.0,16447.18,0.0
2026-05-18,Organic Search,Mobile,849,767,2049,0.433,113.0,13.0,11622.96,0.0
2026-07-04,Social Media,Desktop,283,249,832,0.521,209.0,9.0,4005.12,951.69
2026-03-04,Direct,Tablet,61,50,172,0.395,189.0,5.0,5775.99,0.0
2026-03-23,Paid Search,Desktop,500,411,1599,0.427,196.0,13.0,8558.14,3844.17
2026-12-14,Organic Search,Desktop,513,435,1746,0.358,142.0,17.0,17105.95,0.0
2026-11-27,Organic Search,Tablet,170,133,456,0.327,149.0,6.0,4378.2,0.0
2026-08-09,Social Media,Tablet,134,117,459,0.498,155.0,1.0,645.9,380.59
2026-08-06,Organic Search,Tablet,151,119,359,0.44,160.0,5.0,4477.64,0.0
2026-06-14,Referral,Mobile,170,150,588,0.396,82.0,2.0,1597.45,351.09
2026-01-13,Social Media,Desktop,383,326,1137,0.611,159.0,5.0,2661.9,1289.85
2026-12-05,Organic Search,Mobile,435,355,974,0.407,124.0,16.0,14524.38,0.0
2026-01-03,Direct,Desktop,138,118,422,0.354,217.0,8.0,6838.68,0.0
2026-02-01,Referral,Desktop,146,114,362,0.356,202.0,2.0,1574.47,259.94
2026-03-10,Direct,Desktop,261,209,664,0.277,181.0,6.0,6043.38,0.0
2026-10-05,Organic Search,Mobile,699,602,1806,0.425,140.0,27.0,24415.3,0.0
2026-06-18,Email,Desktop,304,259,805,0.226,197.0,18.0,17895.38,364.81
2026-12-20,Direct,Desktop,223,188,480,0.339,169.0,10.0,8615.02,0.0
2026-12-12,Paid Search,Mobile,322,279,807,0.499,119.0,10.0,8614.48,2832.74
2026-05-07,Direct,Tablet,133,118,374,0.345,183.0,9.0,9557.61,0.0
2026-09-04,Social Media,Desktop,391,322,1055,0.526,180.0,5.0,2365.99,1251.7
2026-01-15,Referral,Desktop,176,147,586,0.404,190.0,4.0,3262.06,317.04
2026-03-03,Social Media,Desktop,407,321,1290,0.51,163.0,4.0,3195.88,1282.33
2026-05-09,Organic Search,Mobile,546,484,1198,0.36,116.0,17.0,17858.96,0.0
2026-10-14,Email,Mobile,308,246,665,0.363,82.0,15.0,14709.36,416.55
2026-04-18,Email,Desktop,219,189,515,0.296,214.0,20.0,14901.88,249.64
2026-01-22,Social Media,Tablet,133,118,289,0.508,150.0,1.0,693.53,488.93
2026-04-05,Email,Desktop,254,218,768,0.311,213.0,13.0,13149.59,295.22
2026-04-01,Social Media,Tablet,231,185,759,0.536,148.0,2.0,1300.93,706.72
2026-08-24,Referral,Mobile,208,170,645,0.463,163.0,5.0,3927.09,329.1
2026-05-31,Direct,Tablet,20,16,68,0.47,144.0,1.0,928.65,0.0
2026-07-19,Social Media,Mobile,432,373,1264,0.622,108.0,10.0,4514.19,1333.05
2026-12-29,Referral,Mobile,150,124,341,0.453,149.0,5.0,3354.94,282.35
2026-11-15,Direct,Mobile,363,310,1181,0.388,145.0,17.0,16196.5,0.0
2026-03-28,Referral,Desktop,158,131,529,0.406,194.0,3.0,2176.83,253.13
2026-06-03,Social Media,Desktop,452,371,1298,0.527,206.0,8.0,6373.77,1372.79
2026-06-27,Paid Search,Desktop,433,339,1368,0.416,203.0,16.0,9310.43,3206.78
2026-09-22,Referral,Desktop,165,133,452,0.426,162.0,5.0,4252.43,277.49
2026-01-12,Email,Tablet,112,97,317,0.247,159.0,10.0,9951.8,151.25
2026-02-20,Email,Desktop,207,169,678,0.282,216.0,12.0,10814.23,217.04
2026-03-13,Email,Tablet,71,58,247,0.264,175.0,1.0,678.64,74.56
2026-10-03,Organic Search,Mobile,453,376,1548,0.398,136.0,13.0,10748.33,0.0
2026-04-14,Direct,Desktop,298,240,889,0.341,131.0,7.0,6101.65,0.0
2026-04-13,Social Media,Desktop,430,371,1295,0.598,175.0,9.0,5940.24,1337.64
2026-05-19,Direct,Mobile,350,308,1209,0.341,169.0,14.0,14944.34,0.0
2026-10-26,Social Media,Mobile,483,386,1535,0.544,150.0,5.0,3060.72,1468.88
2026-01-06,Direct,Tablet,85,73,196,0.304,137.0,2.0,1727.58,0.0
2026-02-23,Paid Search,Mobile,509,445,1337,0.523,148.0,8.0,4890.7,3791.96
2026-04-10,Email,Tablet,145,131,435,0.304,141.0,8.0,7090.83,152.54
2026-04-27,Organic Search,Desktop,567,511,1535,0.387,187.0,20.0,14113.59,0.0
2026-05-31,Organic Search,Tablet,217,188,497,0.289,148.0,6.0,6106.77,0.0
2026-01-19,Social Media,Mobile,358,318,828,0.538,121.0,7.0,5576.34,1204.51
2026-08-11,Organic Search,Mobile,681,550,1603,0.388,141.0,19.0,16851.32,0.0
2026-11-04,Referral,Mobile,179,159,546,0.492,118.0,7.0,5313.01,307.72
2026-10-19,Referral,Tablet,75,65,169,0.368,145.0,2.0,1343.31,117.97
2026-05-17,Email,Tablet,118,96,300,0.306,120.0,4.0,3729.88,162.47
2026-04-09,Email,Mobile,326,273,757,0.359,149.0,16.0,14545.24,423.64
2026-09-13,Direct,Tablet,37,31,90,0.423,140.0,1.0,1102.31,0.0
2026-08-12,Referral,Mobile,191,167,660,0.504,105.0,5.0,4054.82,392.15
2026-08-26,Social Media,Mobile,429,351,1498,0.535,127.0,8.0,5397.13,1285.57
2026-08-04,Organic Search,Tablet,261,231,670,0.417,148.0,9.0,7117.1,0.0
2026-10-23,Direct,Tablet,92,73,238,0.373,155.0,3.0,2379.71,0.0
2026-07-11,Referral,Mobile,210,168,491,0.444,134.0,3.0,2043.69,349.37
2026-09-06,Referral,Mobile,167,150,556,0.409,83.0,2.0,1526.63,310.72
2026-06-10,Referral,Tablet,72,56,186,0.39,121.0,1.0,729.26,148.32
2026-10-03,Referral,Mobile,152,133,517,0.48,105.0,4.0,2729.55,276.35
2026-04-06,Organic Search,Desktop,598,495,1679,0.383,153.0,22.0,19706.95,0.0
2026-10-06,Paid Search,Desktop,454,354,1361,0.417,198.0,15.0,15669.25,4128.63
2026-05-18,Direct,Desktop,322,278,1046,0.304,219.0,8.0,7612.06,0.0
2026-09-17,Paid Search,Tablet,133,113,381,0.487,173.0,6.0,4380.57,1242.55
2026-03-17,Referral,Mobile,201,181,445,0.417,113.0,3.0,2202.38,331.61
2026-01-10,Email,Tablet,89,80,198,0.36,173.0,7.0,7020.38,117.76
2026-02-17,Direct,Desktop,220,197,571,0.325,203.0,9.0,9140.12,0.0
2026-09-25,Email,Tablet,63,54,135,0.276,127.0,4.0,3066.47,75.66
2026-09-26,Paid Search,Mobile,430,380,1256,0.522,42.0,13.0,12021.36,3591.31
2026-07-04,Email,Desktop,198,179,502,0.354,167.0,7.0,7369.62,268.29
2026-07-13,Email,Mobile,450,374,953,0.328,95.0,23.0,21734.13,599.33
2026-11-14,Direct,Desktop,337,281,985,0.311,194.0,14.0,14956.96,0.0
2026-08-16,Email,Mobile,263,210,646,0.378,103.0,26.0,26170.02,276.25
2026-04-19,Social Media,Tablet,144,125,416,0.507,179.0,3.0,1652.07,505.78
2026-07-03,Referral,Tablet,100,85,247,0.418,150.0,2.0,1540.69,168.17
2026-11-12,Paid Search,Mobile,576,474,1625,0.529,145.0,16.0,14772.24,4538.68
2026-10-31,Social Media,Tablet,20,15,61,0.502,148.0,1.0,645.14,71.18
2026-04-24,Organic Search,Tablet,298,250,935,0.413,138.0,12.0,11167.22,0.0
2026-10-13,Email,Desktop,235,183,572,0.327,201.0,10.0,9477.83,266.48
2026-11-23,Organic Search,Desktop,596,494,1920,0.454,235.0,16.0,12941.61,0.0
2026-10-28,Referral,Mobile,184,167,510,0.416,139.0,3.0,2571.93,379.92
2026-01-02,Organic Search,Desktop,427,347,1094,0.363,169.0,8.0,7652.78,0.0
2026-11-26,Referral,Tablet,149,116,328,0.403,133.0,6.0,4033.78,300.58
2026-01-01,Organic Search,Desktop,537,449,1773,0.418,136.0,27.0,23295.17,0.0
2026-05-01,Direct,Tablet,106,85,248,0.291,114.0,4.0,4133.62,0.0
2026-03-17,Social Media,Desktop,410,331,1166,0.481,164.0,6.0,4013.68,1170.12
2026-09-28,Referral,Tablet,20,16,45,0.353,139.0,1.0,682.86,40.34
2026-09-18,Direct,Mobile,395,327,1307,0.422,61.0,20.0,15626.99,0.0
2026-06-07,Organic Search,Desktop,508,426,1577,0.385,179.0,20.0,18748.48,0.0
2026-07-30,Paid Search,Mobile,533,427,1807,0.366,132.0,15.0,10725.38,3885.46
2026-01-23,Organic Search,Desktop,674,526,1680,0.364,194.0,27.0,22642.43,0.0
2026-10-01,Direct,Tablet,116,102,286,0.314,155.0,4.0,3051.08,0.0
2026-06-22,Referral,Mobile,230,197,595,0.447,82.0,5.0,4534.69,474.0
2026-08-11,Social Media,Tablet,80,65,217,0.557,132.0,0.0,0.0,260.06
2026-10-16,Organic Search,Mobile,602,488,1504,0.362,104.0,14.0,12152.54,0.0
2026-04-11,Direct,Desktop,263,205,730,0.345,218.0,8.0,9990.49,0.0
2026-12-18,Email,Mobile,218,186,669,0.385,117.0,7.0,6595.32,257.08
2026-12-11,Direct,Desktop,312,259,856,0.373,188.0,8.0,7346.53,0.0
2026-02-15,Social Media,Desktop,274,223,576,0.493,188.0,8.0,4899.68,898.64
2026-03-29,Social Media,Desktop,322,281,855,0.568,179.0,3.0,1896.73,1176.65
2026-09-10,Organic Search,Tablet,292,263,747,0.344,133.0,6.0,4860.71,0.0
2026-04-11,Organic Search,Desktop,506,412,1760,0.316,206.0,15.0,14840.57,0.0
2026-05-07,Direct,Desktop,373,327,943,0.328,179.0,14.0,13855.82,0.0
2026-05-15,Referral,Tablet,67,58,206,0.391,177.0,0.0,0.0,134.61
2026-10-16,Paid Search,Desktop,452,353,1267,0.42,207.0,8.0,5807.73,4310.8
2026-09-01,Organic Search,Tablet,211,187,678,0.396,194.0,10.0,8721.96,0.0
2026-10-03,Social Media,Tablet,101,90,331,0.536,154.0,3.0,1521.41,325.65
2026-08-07,Direct,Tablet,107,93,357,0.327,206.0,3.0,2254.17,0.0
2026-11-11,Social Media,Mobile,433,356,939,0.539,81.0,6.0,4271.6,1211.86
2026-08-30,Email,Mobile,316,279,944,0.352,124.0,14.0,10338.04,428.36
2026-04-12,Direct,Desktop,244,190,828,0.347,230.0,4.0,3500.79,0.0
2026-08-09,Email,Tablet,79,66,271,0.33,151.0,2.0,2013.22,103.91
2026-10-30,Organic Search,Tablet,215,191,688,0.435,179.0,8.0,6392.82,0.0
2026-11-16,Paid Search,Mobile,482,429,1583,0.457,110.0,9.0,6885.74,3885.69
2026-09-19,Paid Search,Desktop,367,319,1052,0.45,152.0,9.0,7439.79,2654.33
2026-01-31,Direct,Tablet,74,65,258,0.414,154.0,2.0,1744.92,0.0
2026-03-06,Social Media,Mobile,376,318,1256,0.54,183.0,1.0,643.82,1327.68
2026-03-09,Social Media,Mobile,407,345,1110,0.558,141.0,10.0,6608.22,1417.33
2026-07-28,Email,Tablet,28,25,83,0.277,104.0,1.0,953.26,30.18
2026-03-15,Email,Tablet,93,83,262,0.278,125.0,10.0,9313.96,110.38
2026-08-07,Referral,Tablet,77,63,187,0.405,162.0,1.0,873.26,158.16
2026-12-29,Social Media,Tablet,121,110,368,0.572,189.0,2.0,1465.91,354.56
2026-02-08,Referral,Mobile,177,150,499,0.455,140.0,4.0,3013.94,306.18
2026-05-31,Organic Search,Desktop,541,437,1341,0.406,159.0,14.0,12504.28,0.0
2026-09-18,Referral,Desktop,172,134,598,0.373,164.0,2.0,1091.63,353.8
2026-04-13,Email,Tablet,81,67,171,0.382,198.0,4.0,3727.51,103.19
2026-09-25,Social Media,Mobile,405,359,972,0.608,94.0,7.0,3953.87,1339.27
2026-06-05,Social Media,Desktop,426,332,1045,0.518,194.0,8.0,4235.83,1240.26
2026-03-22,Referral,Desktop,165,142,398,0.415,184.0,4.0,3355.38,336.97
2026-11-02,Organic Search,Tablet,218,182,487,0.314,95.0,8.0,6625.01,0.0
2026-07-31,Email,Mobile,299,266,962,0.369,156.0,14.0,10975.24,389.74
2026-12-11,Paid Search,Desktop,407,321,1132,0.473,171.0,14.0,8647.6,3523.13
2026-02-18,Organic Search,Tablet,263,208,744,0.455,149.0,9.0,7272.37,0.0
2026-10-06,Social Media,Tablet,139,117,424,0.531,134.0,4.0,2537.39,412.39
2026-04-02,Social Media,Desktop,365,327,1260,0.526,213.0,5.0,3792.18,1054.07
2026-04-29,Referral,Mobile,153,138,343,0.423,119.0,6.0,4542.84,239.01
2026-09-03,Referral,Tablet,63,56,139,0.366,128.0,0.0,0.0,112.0
2026-08-17,Email,Desktop,342,304,1089,0.281,178.0,15.0,13720.4,359.91
2026-03-24,Direct,Tablet,67,60,177,0.352,181.0,4.0,3261.51,0.0
2026-07-25,Direct,Tablet,67,59,225,0.342,183.0,3.0,2858.96,0.0
2026-02-10,Email,Desktop,245,211,728,0.333,183.0,20.0,23476.97,296.56
2026-08-30,Paid Search,Mobile,535,422,1180,0.469,175.0,13.0,10994.73,4940.24
2026-02-13,Paid Search,Tablet,162,137,500,0.462,166.0,3.0,2349.96,1527.88
2026-05-26,Email,Mobile,362,326,1032,0.305,114.0,19.0,16711.36,459.64
2026-04-18,Email,Mobile,262,206,782,0.358,111.0,9.0,7413.96,268.7
2026-07-29,Social Media,Tablet,148,124,459,0.522,116.0,2.0,1570.97,449.49
2026-07-05,Paid Search,Desktop,422,362,1060,0.481,162.0,11.0,8535.19,3094.36
2026-03-03,Direct,Desktop,314,280,738,0.356,117.0,13.0,13292.63,0.0
2026-10-23,Referral,Tablet,82,68,202,0.422,186.0,1.0,813.84,165.78
2026-11-22,Referral,Desktop,105,87,254,0.378,189.0,5.0,3195.08,171.34
2026-06-16,Email,Mobile,280,226,798,0.42,123.0,13.0,12814.24,340.84
2026-05-14,Organic Search,Desktop,565,510,1784,0.351,170.0,19.0,15671.86,0.0
2026-03-07,Referral,Desktop,108,93,301,0.41,206.0,4.0,3149.34,196.11
2026-04-22,Email,Desktop,283,230,727,0.321,201.0,15.0,15572.22,306.3
2026-01-11,Direct,Mobile,315,249,668,0.305,140.0,11.0,11120.33,0.0
2026-03-26,Paid Search,Desktop,472,387,1495,0.47,140.0,14.0,12345.59,4278.47
2026-10-19,Paid Search,Desktop,406,319,1122,0.418,202.0,12.0,9128.06,2982.98
2026-02-02,Organic Search,Tablet,141,115,385,0.422,159.0,4.0,2424.67,0.0
2026-04-28,Referral,Tablet,129,109,369,0.44,158.0,1.0,768.05,242.25
2026-03-21,Social Media,Mobile,369,295,998,0.505,153.0,6.0,4711.47,1298.59
2026-02-12,Referral,Desktop,159,141,379,0.378,228.0,7.0,5442.23,299.16
2026-05-24,Direct,Mobile,298,257,696,0.49,150.0,9.0,10049.39,0.0
2026-05-14,Organic Search,Mobile,765,674,1646,0.47,136.0,25.0,20981.24,0.0
2026-12-28,Email,Tablet,20,16,60,0.297,157.0,2.0,2096.95,26.94
2026-04-13,Email,Mobile,320,252,1021,0.376,131.0,21.0,20098.9,346.94
2026-01-08,Paid Search,Tablet,127,99,337,0.44,174.0,3.0,2611.7,1194.14
2026-01-10,Referral,Mobile,176,158,501,0.44,137.0,6.0,5897.84,351.41
2026-11-22,Email,Mobile,192,157,627,0.409,123.0,8.0,7196.69,227.8
2026-04-11,Email,Tablet,40,36,102,0.375,150.0,2.0,1590.5,52.18
2026-10-19,Paid Search,Tablet,155,139,395,0.512,122.0,6.0,3811.86,1253.56
2026-05-24,Social Media,Desktop,358,289,989,0.558,173.0,2.0,1241.29,1084.85
2026-11-01,Referral,Desktop,155,122,343,0.419,177.0,3.0,2742.81,304.08
2026-08-12,Social Media,Desktop,338,306,836,0.506,174.0,11.0,5825.85,1227.65
2026-05-28,Social Media,Desktop,469,370,1520,0.45,167.0,6.0,3051.48,1623.79
2026-08-26,Social Media,Tablet,161,144,417,0.514,124.0,3.0,2134.6,441.22
2026-04-26,Paid Search,Desktop,450,403,1370,0.469,193.0,8.0,7396.49,4237.77
2026-02-06,Email,Mobile,277,242,677,0.334,91.0,16.0,15904.36,348.94
2026-04-16,Social Media,Desktop,368,307,1010,0.506,192.0,8.0,5473.22,1260.88
2026-09-25,Direct,Desktop,307,255,942,0.391,151.0,16.0,16844.41,0.0
2026-05-25,Direct,Tablet,184,153,617,0.333,152.0,9.0,9763.97,0.0
2026-05-04,Social Media,Mobile,529,480,1517,0.548,127.0,10.0,5947.36,1452.61
2026-12-12,Paid Search,Tablet,136,120,341,0.49,147.0,5.0,4141.46,1309.01
2026-05-13,Paid Search,Desktop,478,388,1383,0.454,208.0,6.0,4317.03,4082.7
2026-03-22,Social Media,Mobile,395,341,1169,0.521,159.0,5.0,3691.23,1404.21
2026-01-20,Organic Search,Desktop,530,474,1149,0.377,156.0,20.0,17135.11,0.0
2026-07-07,Social Media,Desktop,424,381,937,0.557,179.0,8.0,5569.09,1452.95
2026-08-23,Paid Search,Mobile,415,335,947,0.459,124.0,10.0,7007.92,3002.47
2026-11-18,Organic Search,Tablet,175,153,560,0.348,117.0,3.0,2773.74,0.0
2026-05-21,Social Media,Mobile,489,411,1075,0.515,134.0,9.0,6154.42,1688.3
2026-02-10,Social Media,Mobile,454,411,1327,0.57,103.0,3.0,2046.54,1285.7
2026-10-14,Direct,Tablet,107,91,235,0.369,186.0,5.0,4928.08,0.0
2026-02-24,Paid Search,Mobile,448,406,1029,0.502,73.0,16.0,15229.27,4247.65
2026-07-12,Direct,Mobile,355,308,1093,0.325,100.0,14.0,12605.16,0.0
2026-11-27,Referral,Mobile,206,163,656,0.442,117.0,2.0,1051.41,373.39
2026-04-18,Organic Search,Tablet,268,227,644,0.346,142.0,8.0,6921.61,0.0
2026-12-17,Referral,Tablet,45,35,96,0.456,180.0,0.0,0.0,85.78
2026-11-23,Social Media,Mobile,467,372,1433,0.551,88.0,6.0,4269.45,1417.17
2026-12-22,Social Media,Tablet,143,120,348,0.532,132.0,2.0,1229.96,392.61
2026-12-17,Social Media,Mobile,428,377,1396,0.558,151.0,8.0,4781.17,1212.42
2026-03-14,Paid Search,Desktop,342,300,727,0.482,176.0,10.0,7311.28,3039.98
2026-09-11,Social Media,Mobile,419,379,1375,0.55,127.0,8.0,5451.59,1185.09
2026-12-01,Referral,Mobile,169,140,403,0.423,123.0,1.0,1007.08,344.58
2026-02-06,Direct,Desktop,204,178,618,0.39,194.0,11.0,10477.16,0.0
2026-04-10,Social Media,Tablet,177,156,448,0.551,159.0,4.0,2536.89,633.02
2026-10-12,Referral,Tablet,51,40,167,0.377,120.0,0.0,0.0,85.44
2026-09-02,Social Media,Desktop,326,292,1083,0.55,168.0,5.0,2473.25,910.71
2026-01-28,Social Media,Mobile,322,270,829,0.518,98.0,4.0,3141.04,950.33
2026-07-27,Social Media,Tablet,133,111,316,0.538,160.0,6.0,3833.7,407.14
2026-09-13,Referral,Mobile,136,106,335,0.401,98.0,1.0,816.83,261.3
2026-07-27,Social Media,Desktop,425,364,1466,0.531,214.0,3.0,2366.03,1431.43
2026-12-05,Referral,Desktop,56,50,187,0.42,183.0,2.0,1253.1,92.95
2026-12-02,Direct,Tablet,67,55,215,0.338,170.0,2.0,2014.73,0.0
2026-11-05,Direct,Tablet,222,176,506,0.417,140.0,9.0,8509.7,0.0
2026-03-02,Paid Search,Tablet,111,99,365,0.464,132.0,3.0,1696.89,937.11
2026-12-15,Paid Search,Mobile,460,384,1222,0.47,110.0,12.0,9695.52,4260.58
2026-11-03,Social Media,Desktop,368,307,1246,0.562,199.0,9.0,2743.77,1156.48
2026-02-08,Email,Mobile,225,193,475,0.328,144.0,13.0,11179.09,254.1
2026-03-13,Organic Search,Desktop,618,510,2014,0.374,166.0,22.0,17127.06,0.0
2026-06-27,Direct,Desktop,279,243,828,0.326,150.0,17.0,15940.38,0.0
2026-09-14,Referral,Desktop,161,135,350,0.393,180.0,5.0,3095.34,305.33
2026-04-01,Organic Search,Mobile,748,664,2140,0.45,110.0,23.0,20474.25,0.0
2026-05-23,Paid Search,Tablet,138,119,370,0.387,175.0,4.0,2854.03,1098.11
2026-09-12,Paid Search,Tablet,152,132,446,0.502,143.0,8.0,6188.93,1111.6
2026-09-29,Social Media,Tablet,108,88,341,0.556,159.0,3.0,1800.44,362.63
2026-01-04,Direct,Mobile,245,193,773,0.4,164.0,6.0,5315.33,0.0
2026-04-07,Paid Search,Desktop,457,413,1365,0.433,214.0,17.0,10553.19,4229.77
2026-07-20,Referral,Tablet,20,17,43,0.426,123.0,0.0,0.0,32.24
2026-05-07,Organic Search,Mobile,748,679,2117,0.435,157.0,24.0,22964.02,0.0
2026-10-30,Paid Search,Mobile,448,392,1206,0.461,160.0,18.0,15101.34,3496.08
2026-07-28,Referral,Desktop,124,101,399,0.408,228.0,4.0,2985.4,193.51
2026-10-14,Referral,Tablet,116,96,346,0.358,181.0,2.0,1539.0,180.95
2026-02-15,Email,Mobile,270,229,763,0.349,105.0,19.0,19400.0,316.63
2026-03-10,Organic Search,Tablet,196,173,551,0.449,136.0,6.0,5455.88,0.0
2026-04-04,Paid Search,Desktop,361,313,1031,0.398,203.0,19.0,17487.27,2866.48
2026-11-01,Direct,Desktop,284,246,950,0.425,,10.0,9716.24,0.0
2026-06-09,Paid Search,Tablet,244,192,619,0.476,165.0,5.0,3247.7,2181.48
2026-07-11,Email,Desktop,251,205,840,0.3,165.0,19.0,15535.3,263.53
2026-09-23,Email,Tablet,103,88,300,0.326,165.0,9.0,7853.63,130.05
2026-05-12,Email,Desktop,286,259,958,0.34,175.0,11.0,8769.93,346.49
2026-07-22,Email,Tablet,20,17,47,0.303,106.0,0.0,0.0,26.04
2026-12-01,Organic Search,Desktop,610,529,1831,0.417,135.0,19.0,18094.98,0.0
2026-05-20,Email,Mobile,276,237,888,0.384,118.0,10.0,9733.76,306.52
2026-12-25,Paid Search,Mobile,432,352,976,0.495,108.0,13.0,11326.73,3513.34
2026-06-01,Paid Search,Tablet,142,126,383,0.433,191.0,4.0,3219.86,1191.7
2026-11-21,Referral,Mobile,150,128,360,0.439,122.0,4.0,4110.17,251.78
2026-11-07,Paid Search,Mobile,340,285,1114,0.467,117.0,7.0,5385.19,2750.47
2026-10-09,Organic Search,Mobile,549,494,1175,0.415,154.0,11.0,7017.85,0.0
2026-03-05,Email,Desktop,210,178,705,0.303,206.0,20.0,19238.64,267.54
2026-01-23,Organic Search,Mobile,633,560,1929,0.437,121.0,18.0,13902.35,0.0
2026-12-03,Organic Search,Mobile,683,588,2256,0.404,135.0,22.0,16992.65,0.0
2026-09-20,Direct,Desktop,266,234,652,0.339,166.0,12.0,10993.69,0.0
2026-02-13,Direct,Desktop,331,270,1100,0.324,207.0,17.0,19184.77,0.0
2026-11-09,Social Media,Desktop,364,326,981,0.586,174.0,11.0,7109.12,1300.45
2026-09-01,Organic Search,Desktop,623,527,2151,0.358,245.0,13.0,10282.58,0.0
2026-03-19,Direct,Desktop,369,298,955,0.355,204.0,14.0,14321.83,0.0
2026-04-03,Paid Search,Desktop,508,428,1193,0.496,146.0,15.0,13788.93,4551.74
2026-08-10,Referral,Mobile,150,129,498,0.389,92.0,5.0,4002.81,300.03
2026-11-16,Social Media,Mobile,396,330,1065,0.576,69.0,6.0,2687.99,1142.23
2026-06-24,Organic Search,Tablet,262,211,727,0.405,138.0,13.0,9544.47,0.0
2026-07-08,Direct,Tablet,128,107,288,0.428,132.0,6.0,6024.14,0.0
2026-05-04,Social Media,Desktop,364,296,1211,0.499,191.0,8.0,6150.01,1295.77
2026-02-24,Social Media,Mobile,435,374,1099,0.594,140.0,5.0,2665.17,1253.23
2026-05-10,Email,Desktop,307,270,699,0.3,198.0,12.0,11594.17,357.38
2026-03-14,Organic Search,Tablet,207,172,701,0.359,178.0,7.0,6910.71,0.0
2026-08-03,Email,Desktop,307,243,1009,0.308,159.0,18.0,18650.67,368.3
2026-08-28,Direct,Tablet,143,121,460,0.385,141.0,5.0,3941.92,0.0
2026-09-28,Direct,Tablet,109,91,265,0.414,114.0,3.0,2466.78,0.0
2026-01-05,Email,Mobile,282,234,646,0.375,81.0,12.0,10571.44,338.09
2026-08-21,Direct,Mobile,353,301,987,0.332,119.0,17.0,16785.24,0.0
2026-08-29,Referral,Desktop,115,96,262,0.368,205.0,1.0,587.53,223.74
2026-11-09,Email,Tablet,111,94,324,0.284,157.0,6.0,5671.9,120.97
2026-09-18,Social Media,Mobile,365,299,977,0.528,144.0,2.0,908.16,1226.36
2026-11-26,Organic Search,Tablet,242,210,810,0.312,129.0,8.0,8587.3,0.0
2026-08-05,Email,Mobile,291,241,912,0.391,170.0,14.0,13841.92,340.96
2026-06-11,Paid Search,Tablet,212,171,662,0.493,110.0,9.0,7666.69,1616.17
2026-01-24,Email,Desktop,77,62,169,0.289,159.0,3.0,2743.22,95.07
2026-11-12,Email,Desktop,194,172,421,0.3,192.0,12.0,10400.98,209.23
2026-04-16,Direct,Tablet,155,135,378,0.355,171.0,9.0,7403.93,0.0
2026-11-27,Direct,Desktop,236,207,570,0.298,216.0,11.0,10088.09,0.0
2026-03-27,Organic Search,Desktop,611,538,1644,0.396,219.0,22.0,18895.59,0.0
2026-09-16,Paid Search,Desktop,440,348,1182,0.422,199.0,19.0,14160.25,3242.92
2026-03-28,Referral,Tablet,86,77,219,0.421,134.0,1.0,850.67,134.73
2026-12-22,Direct,Desktop,261,229,912,0.271,184.0,14.0,15268.58,0.0
2026-06-02,Direct,Mobile,437,375,1012,0.363,107.0,14.0,12983.93,0.0
2026-02-16,Email,Tablet,85,74,241,0.34,167.0,6.0,5375.6,95.45
2026-01-28,Direct,Tablet,69,61,226,0.371,138.0,2.0,1799.17,0.0
2026-12-07,Direct,Desktop,292,228,944,0.41,148.0,13.0,10906.46,0.0
2026-01-08,Referral,Desktop,140,118,469,0.404,186.0,2.0,1447.75,254.56
2026-10-29,Organic Search,Desktop,617,515,1778,0.36,182.0,19.0,16372.17,0.0
2026-05-25,Direct,Mobile,422,368,1059,0.44,116.0,14.0,13264.82,0.0
2026-10-28,Organic Search,Desktop,509,418,1131,0.379,143.0,7.0,4491.02,0.0
2026-03-18,Email,Desktop,192,150,432,0.295,182.0,7.0,7992.7,247.74
2026-10-11,Organic Search,Mobile,602,472,1830,0.363,96.0,15.0,15589.12,0.0
2026-12-24,Direct,Tablet,72,60,215,0.369,117.0,1.0,1017.45,0.0
2026-05-06,Referral,Mobile,163,131,479,0.42,130.0,5.0,4689.05,259.73
2026-07-04,Email,Mobile,209,169,502,0.38,105.0,12.0,11847.62,277.71
2026-11-02,Social Media,Mobile,371,296,952,0.548,144.0,5.0,3492.76,1262.82
2026-03-05,Paid Search,Mobile,526,461,1827,0.589,137.0,10.0,5366.34,4240.05
2026-05-06,Social Media,Mobile,451,356,1572,0.573,130.0,5.0,3104.96,1366.33
2026-11-15,Organic Search,Desktop,423,354,1235,0.324,193.0,22.0,16834.73,0.0
2026-02-16,Referral,Mobile,159,125,383,0.424,138.0,7.0,5725.95,275.12
2026-04-10,Paid Search,Tablet,151,122,479,0.418,147.0,2.0,1659.81,1451.4
2026-08-24,Paid Search,Tablet,177,139,498,0.459,172.0,7.0,6597.2,1684.3
2026-01-31,Email,Mobile,187,165,502,0.335,113.0,15.0,14328.69,200.93
2026-10-16,Email,Tablet,129,102,357,0.331,122.0,7.0,5714.19,176.99
2026-01-26,Email,Desktop,185,154,600,0.319,151.0,8.0,8691.82,239.11
2026-04-23,Paid Search,Desktop,381,323,1160,0.476,182.0,12.0,9019.19,3173.21
2026-08-08,Social Media,Desktop,285,242,702,0.573,193.0,5.0,3135.79,961.99
2026-02-22,Direct,Desktop,225,190,684,0.263,171.0,5.0,4595.06,0.0
2026-08-03,Paid Search,Mobile,536,459,1648,0.537,135.0,14.0,9401.72,4322.42
2026-07-28,Organic Search,Mobile,767,618,1627,0.402,123.0,25.0,19670.47,0.0
2026-01-30,Email,Mobile,278,246,584,0.405,155.0,16.0,17470.57,323.29
2026-07-01,Paid Search,Mobile,548,491,1729,0.517,164.0,15.0,10621.92,5325.25
2026-08-30,Organic Search,Mobile,607,502,1909,0.45,151.0,18.0,11988.07,0.0
2026-04-12,Email,Tablet,145,125,361,0.277,197.0,9.0,8172.5,148.19
2026-10-07,Direct,Mobile,456,392,1335,0.407,63.0,18.0,17270.39,0.0
2026-11-18,Email,Tablet,51,44,154,0.38,169.0,0.0,0.0,60.66
2026-10-17,Referral,Tablet,60,48,195,0.417,155.0,1.0,735.03,120.83
2026-08-13,Direct,Tablet,168,136,510,0.293,149.0,6.0,7296.98,0.0
2026-03-31,Organic Search,Desktop,570,455,1686,0.387,178.0,19.0,15604.82,0.0
2026-05-05,Social Media,Desktop,371,302,850,0.594,150.0,8.0,3751.49,1190.25
2026-02-05,Email,Desktop,249,210,707,0.294,186.0,5.0,4075.79,258.85
2026-12-19,Social Media,Mobile,386,337,1093,0.463,134.0,6.0,3664.01,1146.66
2026-02-23,Direct,Mobile,266,233,680,0.389,123.0,6.0,5550.31,0.0
2026-11-04,Referral,Tablet,90,71,249,0.324,71.0,3.0,2100.2,159.87
2026-01-07,Referral,Desktop,194,154,448,0.396,190.0,9.0,5940.26,372.89
2026-04-04,Email,Desktop,140,119,448,0.428,166.0,9.0,8953.53,158.22
2026-05-05,Referral,Mobile,202,158,442,0.488,94.0,7.0,5773.98,342.79
2026-09-08,Direct,Mobile,377,318,1071,0.329,141.0,14.0,15876.97,0.0
2026-12-11,Organic Search,Mobile,594,467,1838,0.41,110.0,15.0,11409.51,0.0
2026-11-14,Referral,Mobile,100,83,268,0.489,150.0,3.0,2190.79,189.99
2026-01-09,Email,Tablet,123,96,327,0.339,135.0,7.0,6836.33,133.0
2026-05-08,Email,Desktop,285,246,632,0.332,202.0,13.0,11583.77,314.42
2026-08-20,Paid Search,Mobile,620,500,1314,0.496,120.0,18.0,15291.36,5535.84
2026-09-04,Direct,Mobile,323,259,1030,0.395,138.0,16.0,14643.51,0.0
2026-03-02,Email,Desktop,246,212,770,0.312,185.0,16.0,16814.5,266.74
2026-08-27,Email,Mobile,332,275,807,0.346,89.0,12.0,11018.12,390.65
2026-05-09,Referral,Desktop,149,129,494,0.356,204.0,3.0,1988.8,275.7
2026-06-13,Social Media,Desktop,397,340,1200,0.506,233.0,5.0,3340.48,1390.9
2026-11-05,Paid Search,Mobile,571,491,1674,0.494,92.0,11.0,6616.61,4632.23
2026-01-17,Organic Search,Desktop,486,387,1312,0.395,202.0,15.0,14206.51,0.0
2026-02-21,Direct,Desktop,201,166,604,0.296,201.0,7.0,6575.53,0.0
2026-06-11,Email,Tablet,105,93,336,0.329,149.0,8.0,6303.11,143.32
2026-11-21,Paid Search,Mobile,353,275,852,0.552,107.0,7.0,4611.7,2958.79
2026-10-10,Direct,Tablet,153,131,471,0.381,135.0,5.0,4777.43,0.0
2026-06-10,Paid Search,Mobile,591,531,1797,0.464,132.0,14.0,7951.44,4356.64
2026-09-11,Referral,Mobile,235,205,538,0.431,134.0,6.0,5217.27,461.17
2026-08-03,Social Media,Desktop,402,331,849,0.566,190.0,4.0,2807.88,1463.98
2026-06-30,Social Media,Mobile,522,443,1673,0.523,104.0,3.0,1551.44,1678.89
2026-11-28,Organic Search,Desktop,412,334,1431,0.333,201.0,11.0,11161.47,0.0
2026-06-16,Direct,Desktop,437,361,1166,0.386,206.0,20.0,20997.05,0.0
2026-09-28,Organic Search,Desktop,555,438,1573,0.278,139.0,24.0,19538.31,0.0
2026-08-12,Organic Search,Mobile,633,556,2022,0.351,126.0,17.0,17299.17,0.0
2026-12-26,Referral,Mobile,191,168,624,0.441,114.0,3.0,2399.09,368.01
2026-02-22,Social Media,Desktop,243,207,637,0.507,193.0,4.0,2369.99,822.91
2026-05-11,Direct,Tablet,81,67,188,0.388,141.0,0.0,0.0,0.0
2026-10-17,Social Media,Mobile,308,256,865,0.61,147.0,4.0,2975.57,989.47
2026-11-11,Social Media,Tablet,182,146,471,0.443,185.0,3.0,2453.52,598.21
2026-12-07,Organic Search,Desktop,552,432,1671,0.354,177.0,23.0,15767.74,0.0
2026-04-05,Social Media,Desktop,284,243,846,0.617,172.0,8.0,4150.37,893.06
2026-12-10,Social Media,Desktop,315,249,1099,0.558,186.0,4.0,2527.19,1115.29
2026-09-09,Social Media,Tablet,159,138,357,0.533,158.0,6.0,2954.67,507.17
2026-12-30,Organic Search,Mobile,636,532,1708,0.445,140.0,22.0,15000.75,0.0
2026-09-03,Social Media,Desktop,390,309,869,0.534,167.0,6.0,2818.05,1076.85
2026-12-17,Social Media,Desktop,395,341,1350,0.535,192.0,6.0,3262.61,1374.32
2026-12-30,Referral,Mobile,168,131,412,0.412,135.0,1.0,926.32,262.32
2026-02-24,Direct,Mobile,282,248,671,0.437,95.0,12.0,10681.87,0.0
2026-04-12,Paid Search,Desktop,410,359,1150,0.486,163.0,13.0,10088.9,3770.53
2026-07-27,Organic Search,Tablet,243,208,691,0.364,112.0,6.0,5319.86,0.0
2026-12-13,Referral,Desktop,166,134,541,0.435,243.0,7.0,4956.01,322.29
2026-12-15,Social Media,Desktop,364,325,977,0.52,172.0,8.0,5966.25,1325.9
2026-02-24,Email,Desktop,170,152,370,0.287,196.0,8.0,7329.55,179.81
2026-09-04,Email,Tablet,20,16,62,0.298,118.0,1.0,1195.47,23.47
2026-08-06,Paid Search,Mobile,520,424,1411,0.51,152.0,21.0,13437.62,3835.7
2026-11-28,Referral,Desktop,26,23,71,0.443,156.0,2.0,1826.55,49.84
2026-12-29,Referral,Desktop,90,74,240,0.371,206.0,2.0,1570.33,183.41
2026-09-19,Organic Search,Desktop,480,418,1427,0.353,190.0,17.0,13986.33,0.0
2026-09-05,Organic Search,Tablet,114,100,283,0.417,173.0,6.0,4653.75,0.0
2026-03-23,Referral,Desktop,45,39,140,0.401,154.0,1.0,724.54,87.03
2026-10-04,Social Media,Mobile,330,273,1026,0.497,126.0,10.0,5820.94,1002.11
2026-08-16,Organic Search,Desktop,477,375,1522,0.332,165.0,9.0,7940.22,0.0
2026-10-26,Direct,Mobile,340,304,936,0.369,138.0,11.0,10476.21,0.0
2026-10-17,Organic Search,Desktop,446,364,1467,0.336,162.0,11.0,7652.17,0.0
2026-03-22,Referral,Tablet,78,62,242,0.4,139.0,1.0,680.58,150.38
2026-07-17,Email,Tablet,165,141,482,0.228,127.0,6.0,6106.67,172.69
2026-03-19,Email,Desktop,336,277,782,0.341,250.0,23.0,24454.85,448.7
2026-01-15,Direct,Desktop,291,258,975,0.383,187.0,16.0,17073.32,0.0
2026-07-17,Organic Search,Tablet,214,169,562,0.367,170.0,8.0,6327.89,0.0
2026-07-17,Organic Search,Mobile,801,629,2351,0.376,80.0,23.0,17565.77,0.0
2026-06-02,Direct,Desktop,252,216,730,0.337,187.0,8.0,8068.6,0.0
2026-10-15,Paid Search,Tablet,153,122,429,0.381,143.0,6.0,4808.89,1242.87
2026-05-30,Email,Mobile,295,260,965,0.336,112.0,18.0,17292.38,358.56
2026-11-29,Direct,Mobile,282,243,962,0.377,132.0,6.0,5416.65,0.0
2026-09-18,Referral,Tablet,56,47,175,0.468,135.0,3.0,2150.08,97.12
2026-02-21,Email,Tablet,61,47,156,0.365,147.0,5.0,4628.56,68.11
2026-09-14,Social Media,Desktop,400,345,1343,0.511,187.0,9.0,5786.95,1315.08
2026-08-04,Social Media,Mobile,457,393,1126,0.524,130.0,3.0,2299.71,1307.08
2026-05-14,Social Media,Desktop,327,291,1083,0.553,195.0,11.0,8770.51,919.8
2026-05-02,Organic Search,Desktop,486,435,1700,0.359,208.0,13.0,12368.24,0.0
2026-09-20,Referral,Desktop,133,110,345,0.388,187.0,4.0,2991.99,257.67
2026-01-14,Direct,Desktop,248,204,545,0.43,186.0,9.0,7221.24,0.0
2026-03-30,Email,Mobile,364,296,1062,0.341,198.0,14.0,10864.77,474.26
2026-04-08,Direct,Desktop,346,286,1172,0.387,177.0,12.0,12513.56,0.0
2026-12-21,Referral,Mobile,144,130,409,0.428,132.0,5.0,3569.82,294.34
2026-11-24,Direct,Tablet,111,89,298,0.286,144.0,3.0,2781.47,0.0
2026-02-21,Paid Search,Tablet,105,92,259,0.438,139.0,0.0,0.0,1026.37
2026-08-10,Social Media,Desktop,331,265,704,0.529,220.0,3.0,1788.91,941.91
2026-12-13,Organic Search,Tablet,176,155,585,0.359,193.0,5.0,4111.11,0.0
2026-01-15,Referral,Mobile,142,115,398,0.448,180.0,4.0,3208.92,280.44
2026-02-07,Paid Search,Desktop,365,301,963,0.498,166.0,4.0,3407.83,3238.38
2026-08-04,Social Media,Tablet,119,106,390,0.533,169.0,2.0,1351.05,397.29
2026-08-31,Organic Search,Mobile,731,662,2251,0.396,115.0,19.0,16890.45,0.0
2026-04-17,Organic Search,Tablet,273,240,594,0.362,130.0,12.0,11303.0,0.0
2026-10-17,Referral,Desktop,160,132,512,0.39,143.0,4.0,2833.22,317.91
2026-12-02,Direct,Mobile,272,216,865,0.437,134.0,11.0,9644.76,0.0
2026-03-06,Organic Search,Desktop,624,490,1835,0.252,183.0,23.0,20464.84,0.0
2026-12-01,Direct,Tablet,166,146,364,0.376,168.0,4.0,4222.69,0.0
2026-10-27,Paid Search,Mobile,527,427,1546,0.553,99.0,13.0,9839.01,5040.84
2026-12-18,Paid Search,Desktop,382,340,899,0.389,187.0,8.0,6175.67,3644.76
2026-10-01,Social Media,Mobile,397,356,938,0.619,132.0,3.0,1896.86,1299.39
2026-05-30,Direct,Tablet,152,122,489,0.313,87.0,2.0,1741.33,0.0
2026-05-24,Referral,Tablet,20,16,50,0.386,163.0,0.0,0.0,34.66
2026-11-05,Paid Search,Tablet,112,101,334,0.399,153.0,3.0,2452.17,810.79
2026-04-09,Referral,Tablet,50,42,165,0.483,157.0,0.0,0.0,91.79
2026-05-15,Organic Search,Mobile,765,644,2468,0.402,108.0,25.0,16202.49,0.0
2026-06-17,Social Media,Mobile,504,434,1130,0.541,124.0,11.0,7666.5,1433.56
2026-12-16,Social Media,Desktop,313,281,684,0.485,171.0,3.0,1725.09,988.37
2026-05-09,Paid Search,Desktop,397,324,1190,0.498,187.0,13.0,9674.29,3694.87
2026-07-25,Paid Search,Desktop,362,324,1128,0.468,164.0,15.0,15410.23,3201.18
2026-02-08,Paid Search,Desktop,308,246,730,0.437,193.0,4.0,3157.69,2902.89
2026-04-17,Social Media,Mobile,403,336,1408,0.542,135.0,11.0,7867.78,1138.46
2026-12-10,Paid Search,Tablet,146,121,488,0.428,105.0,2.0,1347.4,1332.26
2026-02-04,Organic Search,Desktop,557,469,1359,0.334,183.0,18.0,16924.26,0.0
2026-09-17,Referral,Desktop,98,86,303,0.413,193.0,3.0,1548.42,178.35
2026-06-20,Email,Tablet,98,76,320,0.344,114.0,5.0,4485.24,118.76
2026-08-15,Direct,Desktop,273,243,751,0.251,222.0,6.0,4736.82,0.0
2026-06-27,Direct,Tablet,69,54,203,0.34,154.0,2.0,1880.31,0.0
2026-05-06,Referral,Tablet,92,76,293,0.427,129.0,2.0,1532.93,141.76
2026-12-16,Referral,Tablet,84,72,282,0.34,116.0,2.0,1194.54,138.39
2026-05-21,Direct,Mobile,352,278,796,0.339,122.0,16.0,16415.3,0.0
2026-01-03,Paid Search,Desktop,317,286,1072,0.509,214.0,10.0,9643.93,2817.84
2026-04-16,Social Media,Tablet,114,102,348,0.517,164.0,2.0,1187.54,342.71
2026-04-02,Email,Tablet,40,31,92,0.336,173.0,3.0,3478.77,51.22
2026-11-28,Paid Search,Tablet,164,142,502,0.391,171.0,5.0,3491.81,1556.38
2026-01-15,Social Media,Desktop,420,353,1094,0.48,201.0,6.0,3961.35,1280.56
2026-06-12,Social Media,Tablet,113,98,302,0.447,196.0,5.0,4191.69,381.55
2026-05-16,Paid Search,Mobile,489,399,1484,0.484,151.0,14.0,9453.06,4391.84
2026-02-17,Organic Search,Mobile,637,543,1944,0.489,91.0,17.0,12721.93,0.0
2026-06-06,Direct,Tablet,123,107,266,0.367,166.0,3.0,2961.78,0.0
2026-09-25,Organic Search,Tablet,283,237,596,0.344,161.0,7.0,5620.67,0.0
2026-07-05,Email,Desktop,201,180,607,0.221,198.0,16.0,15230.47,231.22
2026-07-15,Referral,Desktop,192,168,599,0.294,155.0,6.0,3227.78,345.17
2026-11-06,Organic Search,Mobile,612,506,1768,0.436,130.0,13.0,10772.72,0.0
2026-09-09,Email,Desktop,233,188,625,0.264,196.0,15.0,13641.91,301.67
2026-08-24,Email,Tablet,20,18,52,0.265,99.0,0.0,0.0,26.8
2026-03-10,Email,Desktop,297,255,1022,0.378,164.0,15.0,16833.29,334.13
2026-03-04,Email,Tablet,89,76,222,0.301,122.0,6.0,5887.86,109.6
2026-05-07,Referral,Tablet,98,77,293,0.384,136.0,2.0,1658.06,187.66
2026-04-20,Paid Search,Tablet,196,152,614,0.388,170.0,6.0,3687.06,1827.24
2026-02-01,Organic Search,Desktop,464,413,1450,0.411,149.0,18.0,13493.0,0.0
2026-02-20,Paid Search,Mobile,535,432,1786,0.552,146.0,13.0,10596.93,4741.74
2026-05-26,Paid Search,Mobile,568,462,1926,0.408,91.0,12.0,9665.21,4749.58
2026-06-24,Email,Tablet,46,40,129,0.331,164.0,3.0,2983.61,59.17
2026-07-23,Direct,Tablet,93,75,289,0.351,158.0,5.0,4550.99,0.0
2026-01-27,Referral,Mobile,173,139,498,0.451,139.0,2.0,1456.27,314.34
2026-05-03,Referral,Desktop,137,115,383,0.416,161.0,5.0,3765.77,256.11
2026-03-15,Social Media,Desktop,228,207,758,0.528,165.0,3.0,1888.52,644.49
2026-08-10,Referral,Tablet,67,56,186,0.416,191.0,0.0,0.0,119.36
2026-05-22,Referral,Tablet,77,66,226,0.382,119.0,3.0,2232.87,150.23
2026-01-01,Social Media,Mobile,360,307,826,0.62,103.0,6.0,2890.28,1243.58
2026-07-23,Paid Search,Desktop,428,379,1491,0.395,172.0,6.0,4821.27,3310.72
2026-05-09,Email,Tablet,87,70,266,0.276,171.0,6.0,5610.69,102.71
2026-11-05,Direct,Mobile,307,239,874,0.465,88.0,16.0,16180.77,0.0
2026-09-24,Organic Search,Mobile,657,520,1806,0.457,107.0,25.0,26062.23,0.0
2026-11-10,Email,Desktop,130,112,369,0.317,224.0,4.0,2847.96,179.04
2026-11-17,Organic Search,Mobile,534,480,1627,0.428,108.0,18.0,13431.86,0.0
2026-03-22,Email,Mobile,188,149,614,0.363,97.0,12.0,8584.71,240.04
2026-03-08,Direct,Mobile,261,230,635,0.39,148.0,15.0,14430.5,0.0
2026-05-15,Direct,Tablet,224,197,699,0.444,171.0,6.0,6022.21,0.0
2026-05-28,Organic Search,Tablet,215,194,479,0.32,105.0,4.0,2704.68,0.0
2026-04-11,Direct,Tablet,95,84,304,0.406,167.0,3.0,3121.82,0.0
2026-10-26,Social Media,Desktop,355,318,794,0.598,174.0,10.0,7249.13,1056.1
2026-06-01,Social Media,Tablet,190,171,615,0.601,159.0,3.0,2098.4,586.37
2026-02-12,Referral,Tablet,124,97,399,0.381,139.0,3.0,2580.51,229.48
2026-05-07,Social Media,Desktop,501,415,1370,0.596,243.0,12.0,8073.99,1370.26
2026-02-26,Paid Search,Desktop,463,415,1308,0.489,215.0,11.0,8903.42,4503.28
2026-09-03,Email,Tablet,150,133,498,0.325,129.0,8.0,6955.4,179.21
2026-06-26,Organic Search,Desktop,745,613,2585,0.352,145.0,13.0,12096.32,0.0
2026-03-01,Paid Search,Tablet,130,112,318,0.499,156.0,3.0,2600.23,1264.01
2026-04-21,Email,Tablet,82,66,286,0.293,143.0,3.0,2926.72,84.5
2026-03-12,Referral,Tablet,20,17,69,0.412,102.0,0.0,0.0,36.48
2026-04-10,Organic Search,Mobile,678,589,2188,0.421,117.0,23.0,18591.77,0.0
2026-09-16,Social Media,Desktop,415,360,973,0.541,190.0,5.0,2481.82,1179.07
2026-01-25,Direct,Tablet,107,96,317,0.337,171.0,6.0,5986.23,0.0
2026-02-18,Referral,Mobile,83,72,192,0.458,161.0,3.0,2713.3,165.18
2026-09-05,Email,Mobile,263,211,892,0.329,104.0,14.0,13704.36,356.75
2026-11-22,Organic Search,Mobile,531,441,1473,0.449,138.0,16.0,16232.98,0.0
2026-06-01,Email,Desktop,354,310,978,0.309,183.0,16.0,16289.7,413.41
2026-06-19,Social Media,Desktop,451,398,1012,0.49,148.0,10.0,6455.08,1572.81
2026-10-20,Paid Search,Tablet,198,171,526,0.423,108.0,5.0,3908.15,1851.95
2026-02-13,Social Media,Mobile,289,253,760,0.594,76.0,3.0,2252.91,1028.29
2026-05-28,Paid Search,Tablet,215,184,601,0.42,188.0,7.0,6082.65,1934.2
2026-12-21,Social Media,Mobile,418,329,1052,0.545,167.0,3.0,2225.8,1273.03
2026-04-08,Paid Search,Desktop,430,357,1372,0.405,218.0,15.0,10908.22,3653.09
2026-04-29,Organic Search,Tablet,265,236,826,0.397,127.0,8.0,7509.7,0.0
2026-05-06,Email,Mobile,399,361,1360,0.343,104.0,23.0,24675.62,512.12
2026-06-05,Organic Search,Mobile,773,685,1644,0.408,105.0,23.0,16702.3,0.0
2026-05-15,Email,Tablet,126,107,432,0.3,195.0,4.0,3882.72,165.71
2026-12-23,Organic Search,Tablet,169,143,499,0.416,184.0,8.0,6439.57,0.0
2026-11-11,Organic Search,Tablet,170,132,517,0.448,160.0,8.0,7333.19,0.0
2026-02-19,Organic Search,Mobile,605,516,1946,0.45,108.0,20.0,15944.38,0.0
2026-08-12,Social Media,Tablet,201,164,587,0.51,173.0,2.0,1447.67,677.18
2026-03-02,Email,Tablet,163,130,500,0.284,155.0,6.0,5916.9,211.96
2026-09-21,Direct,Desktop,395,331,1325,0.39,186.0,15.0,12739.12,0.0
2026-09-08,Email,Tablet,114,102,396,0.381,141.0,7.0,5655.18,136.13
2026-01-30,Email,Desktop,234,186,672,0.355,176.0,14.0,13300.86,305.91
2026-11-07,Organic Search,Tablet,177,153,588,0.385,169.0,5.0,4424.58,0.0
2026-05-16,Social Media,Tablet,103,90,305,0.475,158.0,4.0,2629.58,339.04
2026-10-23,Social Media,Tablet,113,93,254,0.553,123.0,2.0,1480.11,340.06
2026-09-25,Referral,Tablet,118,104,285,0.367,179.0,3.0,2110.56,198.83
2026-05-25,Referral,Mobile,268,210,925,0.478,118.0,3.0,2006.04,459.93
2026-10-26,Direct,Tablet,147,132,385,0.269,148.0,9.0,9684.3,0.0
2026-05-08,Paid Search,Mobile,560,459,1810,0.505,162.0,16.0,15062.14,5106.81
2026-04-06,Referral,Tablet,49,43,120,0.445,112.0,3.0,2694.03,82.05
2026-02-03,Referral,Mobile,218,186,696,0.43,157.0,3.0,1885.3,361.55
2026-07-26,Direct,Mobile,371,322,844,0.451,92.0,18.0,16411.95,0.0
2026-02-01,Direct,Desktop,204,172,489,0.382,181.0,13.0,10479.54,0.0
2026-04-20,Referral,Tablet,100,87,349,0.352,187.0,5.0,3616.88,205.01
2026-03-15,Paid Search,Desktop,271,233,681,0.415,157.0,5.0,3393.18,2507.78
2026-01-20,Organic Search,Mobile,627,498,1407,0.427,157.0,15.0,13019.47,0.0
2026-02-02,Email,Tablet,130,109,364,0.277,148.0,6.0,5622.01,163.43
2026-10-12,Organic Search,Mobile,642,568,1650,0.45,110.0,22.0,22928.6,0.0
2026-07-28,Social Media,Desktop,389,324,1243,0.552,215.0,7.0,4684.3,1235.12
2026-02-05,Social Media,Desktop,382,301,804,0.561,148.0,7.0,4010.19,1402.53
2026-01-25,Organic Search,Tablet,150,133,338,0.382,151.0,4.0,3842.4,0.0
2026-04-16,Direct,Mobile,370,331,901,0.359,75.0,10.0,10997.31,0.0
2026-06-28,Email,Tablet,70,55,194,0.329,138.0,8.0,6580.31,90.49
2026-01-06,Social Media,Mobile,439,366,1117,0.585,133.0,6.0,3950.17,1263.82
2026-07-31,Email,Desktop,346,288,1065,0.313,182.0,20.0,18369.17,471.62
2026-08-16,Referral,Desktop,165,137,417,0.445,180.0,3.0,2099.77,298.99
2026-10-17,Organic Search,Tablet,152,134,434,0.374,146.0,5.0,3778.93,0.0
2026-12-14,Email,Mobile,228,183,486,0.376,161.0,11.0,11455.9,243.54
2026-04-25,Referral,Tablet,51,43,112,0.341,115.0,3.0,2357.74,93.33
2026-03-27,Social Media,Mobile,440,348,935,0.544,111.0,10.0,6372.78,1379.23
2026-07-19,Social Media,Desktop,371,317,980,0.5,172.0,5.0,3508.66,1248.25
2026-08-02,Social Media,Tablet,123,102,311,0.532,110.0,3.0,2240.05,421.54
2026-09-09,Organic Search,Tablet,306,242,920,0.393,159.0,8.0,5457.48,0.0
2026-07-22,Direct,Desktop,335,288,907,0.372,188.0,14.0,13189.4,0.0
2026-10-17,Direct,Tablet,88,71,303,0.34,130.0,3.0,3051.23,0.0
2026-08-10,Social Media,Mobile,431,362,935,0.55,161.0,9.0,6583.67,1206.45
2026-03-26,Paid Search,Tablet,166,145,452,0.423,139.0,5.0,3885.55,1216.46
2026-02-23,Email,Tablet,73,59,179,0.382,166.0,5.0,4719.83,95.6
2026-11-17,Email,Desktop,256,209,840,0.293,189.0,15.0,13840.33,331.78
2026-01-30,Social Media,Desktop,345,285,1021,0.519,194.0,4.0,2452.96,1010.07
2026-01-10,Direct,Tablet,43,38,127,0.328,161.0,1.0,1166.23,0.0
2026-07-23,Referral,Desktop,165,142,547,0.406,190.0,5.0,3923.74,310.25
2026-05-18,Paid Search,Mobile,600,518,1742,0.496,138.0,9.0,6462.43,4647.75
2026-10-24,Email,Desktop,180,148,471,0.266,176.0,8.0,6498.13,217.06
2026-04-27,Organic Search,Tablet,222,194,600,0.391,154.0,1.0,734.02,0.0
2026-06-16,Direct,Mobile,398,332,1116,0.434,157.0,17.0,12957.91,0.0
2026-12-20,Paid Search,Desktop,355,301,985,0.427,185.0,9.0,6948.71,3299.23
2026-07-10,Paid Search,Tablet,238,204,804,0.457,156.0,10.0,9096.53,2248.68
2026-02-01,Direct,Tablet,96,75,247,0.386,157.0,2.0,1660.22,0.0
2026-11-10,Direct,Tablet,91,79,202,0.372,173.0,3.0,2588.0,0.0
2026-11-30,Email,Tablet,116,99,311,0.366,134.0,7.0,6226.31,139.88
2026-02-02,Referral,Mobile,155,125,335,0.412,92.0,5.0,3702.5,286.93
2026-10-30,Email,Desktop,195,163,415,0.283,172.0,11.0,11043.17,238.84
2026-06-20,Organic Search,Tablet,98,81,226,0.379,100.0,3.0,2287.36,0.0
2026-12-27,Email,Desktop,231,186,629,0.294,191.0,12.0,12677.22,314.14
2026-05-12,Referral,Mobile,308,270,750,0.506,94.0,11.0,8658.92,587.15
2026-06-20,Paid Search,Mobile,473,405,1154,0.538,139.0,13.0,10380.95,3837.78
2026-12-09,Paid Search,Desktop,392,332,1304,0.508,177.0,10.0,7953.01,3818.06
2026-12-19,Email,Desktop,109,92,264,0.254,164.0,11.0,9928.34,149.63
2026-07-29,Referral,Tablet,66,56,184,0.407,154.0,4.0,2917.28,111.25
2026-10-11,Direct,Tablet,73,59,206,0.313,121.0,6.0,5491.89,0.0
2026-09-12,Referral,Tablet,31,28,66,0.402,161.0,2.0,1164.49,57.81
2026-05-03,Direct,Desktop,247,194,839,0.332,239.0,10.0,9495.28,0.0
2026-11-04,Email,Tablet,46,40,108,0.313,158.0,2.0,1796.32,60.05
2026-05-19,Social Media,Tablet,167,146,467,0.529,157.0,1.0,697.65,516.01
2026-08-31,Direct,Tablet,76,67,203,0.361,160.0,4.0,3895.66,0.0
2026-01-22,Paid Search,Tablet,148,129,446,0.49,147.0,2.0,1481.55,1171.43
2026-02-17,Social Media,Desktop,327,270,1028,0.579,165.0,8.0,5620.06,1094.58
2026-04-15,Social Media,Tablet,148,124,401,0.506,149.0,3.0,2191.46,494.46
2026-01-21,Email,Mobile,327,280,798,0.279,160.0,18.0,15208.7,346.58
2026-12-21,Social Media,Tablet,116,94,279,0.539,128.0,2.0,1164.11,315.98
2026-09-14,Referral,Tablet,134,110,387,0.446,122.0,5.0,3414.81,264.79
2026-11-13,Social Media,Mobile,429,350,914,0.571,166.0,8.0,5653.24,1547.16
2026-11-11,Paid Search,Tablet,138,120,299,0.5,149.0,3.0,2628.49,1235.77
2026-07-23,Referral,Mobile,156,132,368,0.376,161.0,2.0,1292.35,251.08
2026-12-29,Direct,Desktop,256,219,799,0.387,193.0,14.0,14426.79,0.0
2026-07-22,Referral,Mobile,243,218,590,0.396,93.0,4.0,2726.82,474.39
2026-03-03,Social Media,Mobile,446,364,1249,0.499,92.0,7.0,3052.7,1501.34
2026-04-25,Referral,Mobile,185,166,570,0.502,92.0,6.0,5223.86,347.59
2026-05-12,Paid Search,Desktop,553,478,1572,0.388,197.0,12.0,11994.36,4893.79
2026-10-20,Referral,Mobile,195,153,591,0.403,151.0,3.0,2095.53,396.44
2026-03-16,Paid Search,Mobile,428,374,1057,0.55,95.0,7.0,6269.85,3561.64
2026-05-02,Email,Tablet,105,86,260,0.258,87.0,10.0,11016.15,124.42
2026-12-01,Email,Desktop,239,211,807,0.403,146.0,9.0,6840.6,286.82
2026-11-25,Email,Desktop,180,162,425,0.399,202.0,18.0,14883.36,242.06
2026-07-27,Email,Tablet,69,62,202,0.286,119.0,3.0,2456.0,93.01
2026-08-08,Social Media,Tablet,93,74,255,0.55,149.0,1.0,670.47,338.16
2026-05-05,Direct,Tablet,89,74,224,0.347,162.0,4.0,3804.27,0.0
2026-09-08,Paid Search,Desktop,442,397,1519,0.494,192.0,9.0,8282.82,3485.76
2026-12-22,Paid Search,Mobile,462,361,1137,0.479,162.0,9.0,7345.75,4278.75
2026-12-20,Social Media,Tablet,73,65,214,0.529,166.0,3.0,1678.51,218.4
2026-03-07,Organic Search,Mobile,660,545,2309,0.418,96.0,16.0,13482.04,0.0
2026-07-01,Referral,Mobile,216,187,484,0.508,149.0,5.0,3815.77,406.9
2026-08-01,Referral,Desktop,194,153,547,0.438,212.0,7.0,5393.31,319.13
2026-08-25,Social Media,Desktop,364,320,1070,0.592,210.0,5.0,2800.4,1273.17
2026-04-22,Paid Search,Desktop,445,379,1092,0.369,162.0,11.0,8341.82,3564.86
2026-03-21,Organic Search,Desktop,495,441,1251,0.362,131.0,18.0,13080.51,0.0
2026-05-30,Paid Search,Mobile,528,414,1188,0.49,113.0,13.0,9355.45,3817.11
2026-11-24,Organic Search,Desktop,564,486,1205,0.416,172.0,14.0,11825.67,0.0
2026-07-19,Social Media,Tablet,197,162,525,0.533,165.0,4.0,2206.81,701.1
2026-08-10,Organic Search,Tablet,220,197,744,0.37,158.0,8.0,7393.84,0.0
2026-08-27,Social Media,Tablet,139,123,476,0.487,169.0,1.0,616.81,500.39
2026-10-30,Social Media,Mobile,301,239,662,0.577,148.0,4.0,2698.63,988.43
2026-07-20,Paid Search,Mobile,558,480,1673,0.499,135.0,13.0,10348.47,5383.51
2026-03-23,Social Media,Desktop,494,434,1392,0.543,174.0,6.0,3897.41,1518.07
2026-02-18,Email,Mobile,325,273,943,0.316,119.0,17.0,15074.31,387.53
2026-05-08,Email,Tablet,68,56,164,0.264,169.0,2.0,1625.16,72.98
2026-05-27,Referral,Desktop,241,214,563,0.411,194.0,4.0,3247.56,418.58
2026-08-09,Organic Search,Mobile,586,503,1457,0.49,176.0,19.0,14414.73,0.0
2026-11-12,Email,Mobile,340,303,1146,0.346,142.0,17.0,15423.82,387.72
2026-03-11,Email,Desktop,354,293,1179,0.371,171.0,24.0,22680.6,387.89
2026-08-19,Email,Tablet,36,32,110,0.371,122.0,2.0,1525.11,37.76
2026-02-16,Direct,Desktop,252,200,706,0.319,187.0,8.0,6511.21,0.0
2026-09-14,Direct,Tablet,63,56,146,0.37,153.0,4.0,4264.58,0.0
2026-02-02,Paid Search,Tablet,190,163,638,0.453,179.0,4.0,3457.04,1618.2
2026-01-12,Social Media,Desktop,336,303,894,0.637,140.0,6.0,3443.89,966.16
2026-07-31,Organic Search,Tablet,199,162,453,0.316,168.0,7.0,6547.58,0.0
2026-04-02,Paid Search,Desktop,494,448,1251,0.478,155.0,6.0,3350.83,3871.55
2026-04-22,Referral,Mobile,208,167,641,0.492,142.0,8.0,6028.77,376.63
2026-06-30,Direct,Mobile,331,259,697,0.442,112.0,13.0,10819.58,0.0
2026-08-09,Email,Mobile,290,249,713,0.336,101.0,9.0,8568.6,319.96
2026-02-20,Paid Search,Tablet,105,83,353,0.423,158.0,5.0,4336.85,842.72
2026-02-05,Organic Search,Mobile,611,485,2075,0.463,116.0,12.0,10259.69,0.0
2026-09-15,Direct,Desktop,243,204,795,0.301,149.0,4.0,4212.9,0.0
2026-12-23,Social Media,Desktop,298,256,900,0.553,198.0,5.0,3709.06,1089.95
2026-04-20,Direct,Desktop,338,266,1173,0.346,211.0,17.0,17525.5,0.0
2026-01-10,Organic Search,Desktop,506,431,1081,0.428,130.0,17.0,15802.93,0.0
2026-09-19,Email,Desktop,191,170,494,0.295,200.0,15.0,15436.93,247.67
2026-09-05,Direct,Desktop,401,336,1177,0.415,187.0,16.0,17849.27,0.0
2026-11-24,Social Media,Tablet,115,92,393,0.563,159.0,4.0,2780.65,398.41
2026-11-12,Organic Search,Mobile,576,499,1320,0.492,144.0,19.0,15576.03,0.0
2026-02-04,Paid Search,Tablet,132,116,307,0.429,161.0,5.0,4063.03,1189.95
2026-02-18,Email,Tablet,157,127,331,0.352,149.0,9.0,7066.19,175.43
2026-03-21,Email,Desktop,245,206,776,0.256,181.0,18.0,13737.39,318.37
2026-06-15,Paid Search,Desktop,551,447,1357,0.388,207.0,12.0,7748.68,4321.93
2026-09-09,Referral,Mobile,212,185,607,0.452,125.0,4.0,2978.23,376.25
2026-01-31,Social Media,Mobile,408,348,1330,0.601,139.0,5.0,3325.79,1233.02
2026-10-18,Direct,Tablet,110,98,319,0.319,207.0,2.0,1676.89,0.0
2026-11-28,Social Media,Desktop,239,201,702,0.514,217.0,6.0,4202.57,788.89
2026-11-11,Direct,Desktop,178,156,391,0.348,178.0,8.0,7533.1,0.0
2026-07-20,Direct,Tablet,107,91,368,0.305,203.0,6.0,5309.24,0.0
2026-10-13,Social Media,Tablet,66,53,170,0.469,148.0,3.0,2205.03,237.61
2026-08-14,Paid Search,Desktop,498,421,1660,0.416,183.0,9.0,6861.84,4730.7
2026-07-10,Referral,Desktop,255,230,594,0.46,228.0,5.0,3104.51,401.92
2026-04-13,Referral,Desktop,134,114,448,0.375,177.0,5.0,4157.14,251.48
2026-09-02,Organic Search,Tablet,272,226,799,0.367,137.0,9.0,8830.77,0.0
2026-12-20,Referral,Desktop,143,127,430,0.414,206.0,3.0,2593.24,231.18
2026-06-08,Direct,Desktop,374,316,797,0.318,169.0,11.0,10314.06,0.0
2026-04-14,Social Media,Mobile,460,365,1154,0.509,138.0,5.0,3239.92,1536.38
2026-05-28,Direct,Mobile,423,345,1412,0.383,162.0,15.0,11889.55,0.0
2026-07-08,Organic Search,Desktop,495,423,1626,0.429,206.0,25.0,21973.19,0.0
2026-12-01,Direct,Mobile,259,226,895,0.402,149.0,9.0,7645.66,0.0
2026-02-05,Email,Mobile,243,190,690,0.364,72.0,12.0,10227.61,258.57
2026-08-29,Paid Search,Desktop,320,285,754,0.439,201.0,14.0,13222.07,2478.46
2026-02-26,Organic Search,Mobile,625,531,1655,0.417,123.0,18.0,14638.14,0.0
2026-07-07,Organic Search,Desktop,645,551,1367,0.356,146.0,23.0,20263.47,0.0
2026-12-23,Email,Desktop,233,208,542,0.33,191.0,5.0,4981.65,275.65
2026-02-05,Social Media,Mobile,349,277,935,0.575,79.0,5.0,3936.19,990.88
2026-07-05,Organic Search,Mobile,670,585,2203,0.383,149.0,22.0,17267.98,0.0
2026-10-26,Organic Search,Mobile,613,487,2143,0.433,132.0,19.0,15933.64,0.0
2026-07-22,Referral,Tablet,68,60,217,0.315,120.0,2.0,1271.67,108.07
2026-10-01,Email,Tablet,86,68,222,0.391,172.0,8.0,6501.81,92.26
2026-05-09,Paid Search,Mobile,487,439,1479,0.485,129.0,17.0,10527.26,3621.52
2026-09-11,Organic Search,Tablet,242,189,635,0.385,127.0,6.0,5426.32,0.0
2026-06-24,Direct,Mobile,384,311,960,0.44,168.0,21.0,25717.42,0.0
2026-11-17,Referral,Mobile,161,129,543,0.405,95.0,2.0,1426.24,283.26
2026-04-27,Social Media,Tablet,186,152,621,0.635,87.0,3.0,2031.49,508.17
2026-04-22,Paid Search,Tablet,182,146,382,0.491,161.0,6.0,4422.74,1611.65
2026-04-19,Direct,Desktop,342,308,1007,0.36,227.0,11.0,10737.41,0.0
2026-08-05,Referral,Desktop,148,116,379,0.411,168.0,4.0,3057.57,275.36
2026-03-18,Paid Search,Mobile,544,456,1468,0.576,123.0,14.0,9239.68,4520.05
2026-12-04,Organic Search,Desktop,432,368,922,0.39,170.0,18.0,14205.65,0.0
2026-02-21,Paid Search,Desktop,384,338,1127,0.416,211.0,10.0,7049.06,3153.65
2026-11-30,Paid Search,Tablet,98,88,320,0.385,139.0,2.0,1482.29,751.4
2026-01-31,Social Media,Desktop,213,169,517,0.502,211.0,7.0,4947.89,655.43
2026-03-22,Email,Desktop,212,166,579,0.333,162.0,9.0,9322.35,245.03
2026-06-05,Direct,Tablet,78,70,180,0.387,178.0,4.0,3643.21,0.0
2026-05-26,Organic Search,Desktop,637,574,2090,0.381,181.0,21.0,16993.32,0.0
2026-04-16,Email,Mobile,348,283,1168,0.369,89.0,17.0,13890.83,381.91
2026-10-14,Referral,Mobile,196,168,606,0.37,115.0,3.0,1739.73,325.56
2026-06-03,Paid Search,Desktop,548,496,1871,0.451,194.0,23.0,17955.88,5061.03
2026-04-23,Direct,Desktop,341,295,1169,0.362,171.0,15.0,16357.44,0.0
2026-10-24,Paid Search,Mobile,417,356,1067,0.487,96.0,13.0,8772.57,3269.49
2026-05-08,Referral,Desktop,130,108,333,-0.05,150.0,2.0,1197.81,214.89
2026-04-15,Direct,Mobile,305,245,724,0.399,101.0,17.0,20997.29,0.0
2026-12-19,Referral,Desktop,103,93,323,0.424,184.0,4.0,2905.63,186.41
2026-04-02,Paid Search,Mobile,604,522,2032,0.444,97.0,30.0,23216.81,5170.68
2026-02-24,Organic Search,Desktop,593,537,2032,0.39,173.0,18.0,16635.47,0.0
2026-12-17,Direct,Desktop,273,248,762,0.318,178.0,14.0,16747.31,0.0
2026-04-27,Email,Desktop,279,245,964,0.319,172.0,24.0,21475.17,288.71
2026-11-13,Direct,Desktop,301,253,852,0.322,197.0,13.0,10955.32,0.0
2026-10-05,Referral,Tablet,20,17,53,0.368,167.0,0.0,0.0,40.76
2026-11-24,Social Media,Mobile,320,287,711,0.491,122.0,5.0,4251.84,983.72
2026-12-29,Direct,Mobile,330,292,1134,0.348,129.0,22.0,21905.51,0.0
2026-02-16,Social Media,Tablet,127,105,376,0.543,152.0,2.0,1520.84,433.13
2026-07-12,Referral,Desktop,156,141,538,0.346,160.0,2.0,1459.5,272.23
2026-02-03,Social Media,Mobile,479,410,1354,0.594,100.0,9.0,6011.25,1470.02
2026-05-02,Social Media,Desktop,370,308,998,0.509,158.0,7.0,4746.93,1093.44
2026-08-08,Organic Search,Desktop,504,433,1530,0.326,174.0,14.0,8720.97,0.0
2026-10-17,Email,Tablet,35,31,92,0.274,159.0,0.0,0.0,47.83
2026-05-01,Email,Tablet,147,114,435,0.29,179.0,14.0,13446.03,167.68
2026-11-09,Referral,Tablet,107,93,312,0.379,122.0,2.0,1361.28,188.17
2026-03-29,Referral,Mobile,209,178,625,0.415,112.0,2.0,1466.58,391.52
2026-12-24,Paid Search,Mobile,469,387,1347,0.404,118.0,9.0,7621.96,4145.25
2026-01-23,Organic Search,Tablet,186,147,433,0.378,163.0,4.0,3670.65,0.0
2026-04-22,Direct,Desktop,310,274,1016,0.264,255.0,9.0,9342.2,0.0
2026-03-01,Social Media,Tablet,98,77,253,0.488,120.0,0.0,0.0,339.7
2026-04-09,Email,Tablet,103,92,350,0.322,147.0,4.0,3410.28,109.6
2026-12-17,Email,Tablet,47,41,109,0.281,188.0,2.0,1693.5,59.3
2026-03-13,Paid Search,Tablet,188,163,640,0.47,169.0,6.0,5360.51,1384.27
2026-10-31,Paid Search,Tablet,112,95,254,0.444,167.0,3.0,2557.5,1025.02
2026-11-04,Social Media,Mobile,350,290,813,0.504,136.0,4.0,2149.84,970.49
2026-12-13,Email,Tablet,20,16,48,0.336,146.0,2.0,1881.92,23.37
2026-04-13,Organic Search,Desktop,735,593,1792,0.391,144.0,28.0,26585.91,0.0
2026-11-05,Social Media,Desktop,349,316,1096,0.472,223.0,7.0,4939.59,1214.0
2026-02-26,Email,Tablet,104,88,271,0.332,158.0,9.0,8663.1,142.19
2026-08-05,Social Media,Tablet,179,146,442,0.478,156.0,2.0,1575.72,563.57
2026-02-23,Referral,Mobile,164,130,459,0.569,92.0,0.0,0.0,303.06
2026-03-15,Direct,Desktop,321,266,998,0.352,156.0,17.0,17658.76,0.0
2026-08-11,Organic Search,Desktop,581,462,1702,0.375,178.0,28.0,22658.96,0.0
2026-01-27,Social Media,Mobile,428,349,1118,0.557,154.0,5.0,3473.07,1343.93
2026-06-06,Organic Search,Tablet,265,226,654,0.38,146.0,7.0,5696.11,0.0
2026-10-31,Email,Tablet,139,114,440,0.355,126.0,8.0,8097.89,184.11
2026-04-02,Direct,Mobile,343,271,801,0.386,144.0,20.0,19705.29,0.0
2026-12-05,Email,Tablet,123,96,420,0.369,131.0,8.0,6223.25,148.59
2026-11-08,Paid Search,Mobile,346,286,1192,0.534,92.0,7.0,4687.77,3366.61
2026-05-21,Social Media,Tablet,123,109,392,0.469,115.0,2.0,1386.13,417.87
2026-03-09,Organic Search,Desktop,558,453,1681,0.358,209.0,18.0,12335.59,0.0
2026-08-19,Direct,Desktop,338,275,767,0.419,183.0,14.0,13899.25,0.0
2026-01-11,Organic Search,Tablet,26,21,71,0.353,159.0,1.0,993.87,0.0
2026-03-18,Paid Search,Tablet,175,147,408,0.394,158.0,6.0,4823.42,1509.98
2026-02-11,Organic Search,Mobile,669,554,2294,0.463,141.0,22.0,16848.79,0.0
2026-10-29,Email,Tablet,101,82,221,0.298,130.0,6.0,6433.5,121.57
2026-10-07,Referral,Mobile,126,100,325,0.467,136.0,3.0,2112.34,227.99
2026-08-17,Direct,Tablet,148,129,517,0.387,134.0,3.0,2581.82,0.0
2026-11-19,Social Media,Mobile,389,309,920,0.564,136.0,5.0,3775.64,1071.34
2026-02-18,Paid Search,Desktop,391,315,888,0.459,184.0,8.0,7557.15,3709.38
2026-06-15,Paid Search,Mobile,671,525,1844,0.512,122.0,20.0,15472.76,5222.8
2026-03-05,Social Media,Desktop,337,297,989,0.527,238.0,5.0,3825.57,1137.69
2026-02-25,Social Media,Mobile,354,279,1029,0.56,113.0,10.0,5902.76,1120.13
2026-03-16,Paid Search,Tablet,152,131,466,0.422,181.0,4.0,3097.3,1114.52
2026-01-31,Organic Search,Mobile,553,453,1280,0.488,107.0,13.0,10880.49,0.0
2026-03-03,Organic Search,Mobile,663,584,1712,0.446,154.0,18.0,17464.55,0.0
2026-03-04,Referral,Mobile,119,94,276,0.482,120.0,3.0,2217.55,192.36
2026-12-20,Direct,Mobile,234,183,529,0.401,108.0,9.0,9586.75,0.0
2026-08-30,Organic Search,Tablet,201,178,440,0.409,153.0,4.0,3477.15,0.0
2026-05-06,Social Media,Tablet,214,171,528,0.458,129.0,7.0,4575.52,741.78
2026-10-22,Paid Search,Desktop,388,331,963,0.298,168.0,8.0,6081.31,2873.8
2026-07-08,Social Media,Desktop,450,373,1537,0.517,157.0,8.0,4967.44,1306.35
2026-09-19,Social Media,Tablet,177,141,544,0.546,129.0,4.0,2810.04,551.27
2026-06-14,Email,Mobile,332,280,996,0.402,94.0,18.0,14529.97,406.37
2026-01-04,Paid Search,Tablet,29,23,62,0.428,198.0,0.0,0.0,251.36
2026-07-01,Organic Search,Mobile,705,554,1579,0.375,151.0,26.0,17978.41,0.0
2026-05-03,Email,Mobile,200,178,648,0.355,129.0,14.0,15420.66,224.9
2026-04-18,Direct,Desktop,232,190,570,0.323,220.0,7.0,6358.46,0.0
2026-08-24,Referral,Desktop,133,108,440,0.379,208.0,4.0,3052.57,221.56
2026-12-07,Email,Tablet,79,64,275,0.37,159.0,6.0,6000.63,93.13
2026-12-27,Email,Mobile,190,151,434,0.402,117.0,9.0,9134.9,210.69
2026-10-19,Social Media,Tablet,97,85,249,0.489,151.0,1.0,539.94,332.31
2026-06-06,Paid Search,Tablet,176,146,554,0.419,172.0,5.0,2895.72,1568.76
2026-10-10,Social Media,Tablet,175,147,563,0.539,172.0,2.0,1122.34,639.43
2026-11-12,Email,Tablet,36,28,81,0.276,141.0,1.0,1154.17,39.59
2026-08-16,Direct,Mobile,374,311,915,0.389,100.0,13.0,12646.28,0.0
2026-03-01,Referral,Mobile,270,237,670,0.466,143.0,8.0,6235.07,414.34
2026-10-03,Paid Search,Tablet,114,99,314,0.461,137.0,2.0,1558.51,839.52
2026-12-01,Direct,Desktop,239,192,652,0.337,154.0,8.0,8086.55,0.0
2026-11-07,Social Media,Mobile,311,282,913,0.632,104.0,8.0,5923.17,965.72
2026-07-31,Organic Search,Mobile,749,631,1866,0.458,125.0,21.0,20795.31,0.0
2026-07-19,Paid Search,Mobile,365,311,1180,0.54,94.0,8.0,6454.02,3466.99
2026-09-17,Email,Mobile,238,205,703,0.372,107.0,15.0,12989.26,279.63
2026-08-26,Email,Desktop,287,244,857,0.292,167.0,14.0,15028.85,322.04
2026-11-06,Referral,Tablet,20,17,67,0.401,138.0,0.0,0.0,36.35
2026-05-27,Organic Search,Tablet,290,255,660,0.361,163.0,7.0,5657.76,0.0
2026-10-19,Direct,Desktop,279,242,632,0.355,181.0,8.0,8275.98,0.0
2026-08-20,Paid Search,Tablet,102,91,225,0.499,168.0,3.0,2053.67,806.9
2026-08-15,Referral,Tablet,20,15,58,0.417,188.0,0.0,0.0,34.86
2026-02-22,Paid Search,Mobile,319,253,731,0.45,154.0,13.0,9718.6,2344.58
2026-03-02,Organic Search,Desktop,620,541,1661,0.361,239.0,16.0,16517.38,0.0
2026-01-11,Social Media,Mobile,250,200,594,0.578,139.0,7.0,4780.96,849.96
2026-04-10,Direct,Mobile,378,305,875,0.345,98.0,15.0,15214.78,0.0
2026-09-09,Organic Search,Desktop,557,461,1731,0.277,177.0,18.0,17205.32,0.0
2026-04-26,Referral,Desktop,190,165,414,0.39,196.0,4.0,3741.34,312.82
2026-05-05,Referral,Tablet,93,72,241,0.356,166.0,0.0,0.0,150.26
2026-05-17,Paid Search,Mobile,421,357,1447,0.56,135.0,12.0,11546.4,3812.75
2026-12-23,Referral,Mobile,76,61,256,0.453,100.0,2.0,1457.54,135.14
2026-04-23,Social Media,Mobile,449,402,1351,0.569,141.0,5.0,3484.52,1243.09
2026-09-10,Organic Search,Mobile,751,633,2577,0.416,117.0,21.0,20572.74,0.0
2026-03-24,Referral,Mobile,126,98,362,0.387,144.0,8.0,6058.11,219.48
2026-07-31,Referral,Desktop,224,203,714,0.405,182.0,5.0,3418.12,350.4
2026-10-26,Email,Tablet,61,55,160,0.354,131.0,3.0,2319.1,76.12
2026-09-05,Paid Search,Mobile,469,388,1102,0.462,127.0,12.0,7849.93,3518.99
2026-01-13,Email,Mobile,327,274,769,0.391,83.0,5.0,4736.92,424.1
2026-02-26,Paid Search,Tablet,125,113,379,0.486,188.0,1.0,939.9,1086.08
2026-05-24,Email,Desktop,313,274,760,0.323,163.0,22.0,16497.11,396.73
2026-04-18,Paid Search,Desktop,479,420,1647,0.486,216.0,12.0,9184.33,3957.73
2026-09-14,Organic Search,Mobile,641,544,1375,0.395,171.0,14.0,11261.98,0.0
2026-11-24,Organic Search,Tablet,184,154,494,0.391,154.0,5.0,3969.04,0.0
2026-03-20,Organic Search,Desktop,593,486,1766,0.403,205.0,24.0,20109.18,0.0
2026-08-21,Referral,Mobile,175,153,439,0.473,156.0,2.0,1474.45,327.94
2026-05-02,Organic Search,Mobile,707,638,1982,0.416,120.0,17.0,14687.44,0.0
2026-02-08,Direct,Mobile,261,209,870,0.447,145.0,9.0,9430.56,0.0
2026-03-04,Social Media,Tablet,166,144,518,0.543,181.0,3.0,2339.99,512.32
2026-07-02,Social Media,Desktop,400,350,846,0.51,170.0,8.0,6149.43,1389.64
2026-08-05,Social Media,Mobile,501,424,1463,0.549,121.0,7.0,4087.78,1769.64
2026-03-02,Direct,Mobile,381,324,898,0.386,161.0,12.0,10277.19,0.0
2026-12-13,Organic Search,Desktop,451,388,1296,0.374,229.0,15.0,11103.42,0.0
2026-07-31,Social Media,Tablet,129,114,340,0.536,121.0,4.0,2304.86,428.49
2026-04-09,Direct,Tablet,85,70,231,0.34,132.0,2.0,2033.49,0.0
2026-08-20,Email,Mobile,235,188,691,0.302,96.0,15.0,13561.1,269.15
2026-05-27,Social Media,Desktop,468,385,1303,0.514,168.0,11.0,8315.79,1562.93
2026-06-21,Direct,Mobile,338,281,972,0.369,130.0,19.0,17472.34,0.0
2026-11-07,Social Media,Desktop,246,199,666,0.528,206.0,3.0,1996.1,889.13
2026-10-01,Referral,Mobile,240,189,589,0.489,150.0,4.0,3189.79,440.61
2026-07-13,Referral,Desktop,173,141,521,0.485,191.0,4.0,3021.76,335.61
2026-04-03,Organic Search,Desktop,542,470,1195,0.316,199.0,20.0,21028.78,0.0
2026-02-27,Email,Tablet,117,105,380,0.296,121.0,9.0,7455.39,148.22
2026-10-31,Direct,Desktop,173,141,528,0.425,204.0,9.0,7918.77,0.0
2026-05-06,Social Media,Desktop,412,353,1130,0.481,213.0,7.0,4080.18,1185.38
2026-08-31,Referral,Desktop,202,164,567,0.442,204.0,4.0,2909.18,407.35
2026-12-27,Referral,Mobile,145,114,470,0.44,136.0,3.0,2886.36,277.07
2026-01-18,Social Media,Mobile,400,342,1277,0.559,122.0,7.0,4624.97,1255.8
2026-05-28,Paid Search,Desktop,460,388,1054,0.441,138.0,8.0,6260.29,3353.2
2026-05-07,Direct,Mobile,348,306,967,0.384,167.0,17.0,16184.91,0.0
2026-09-18,Email,Desktop,242,208,750,0.316,190.0,11.0,9152.3,274.56
2026-05-22,Email,Desktop,306,249,786,0.242,233.0,23.0,21205.19,366.66
2026-04-30,Referral,Tablet,181,152,546,0.367,81.0,5.0,4990.35,316.22
2026-06-24,Paid Search,Tablet,155,136,408,0.497,137.0,1.0,720.14,1206.04
2026-10-30,Referral,Mobile,67,52,191,0.39,98.0,1.0,748.96,112.16
2026-08-09,Social Media,Mobile,393,353,1260,0.566,123.0,6.0,3765.49,1117.6
2026-03-21,Social Media,Desktop,334,269,1150,0.596,145.0,9.0,5291.26,1050.03
2026-09-15,Referral,Desktop,225,202,588,0.408,199.0,5.0,3722.9,453.69
2026-05-21,Organic Search,Desktop,632,560,1452,0.487,211.0,35.0,30493.58,0.0
2026-12-14,Direct,Mobile,304,238,721,0.432,112.0,7.0,7886.03,0.0
2026-09-26,Referral,Desktop,102,83,351,0.429,215.0,2.0,1489.21,210.08
2026-01-25,Referral,Mobile,115,90,373,0.372,148.0,3.0,2216.54,177.83
2026-08-17,Referral,Tablet,105,85,365,0.436,184.0,3.0,2362.76,189.28
2026-03-13,Social Media,Desktop,384,344,1239,,167.0,7.0,3331.05,1121.87
2026-07-27,Organic Search,Mobile,791,686,2168,0.452,102.0,32.0,30553.15,0.0
2026-01-21,Organic Search,Mobile,649,555,1694,0.377,93.0,16.0,16046.9,0.0
2026-10-21,Social Media,Tablet,124,103,370,0.501,203.0,3.0,2125.69,343.69
2026-10-18,Paid Search,Mobile,377,326,888,0.456,101.0,7.0,5940.92,3398.49
2026-05-17,Direct,Desktop,366,295,1260,0.419,176.0,15.0,10683.34,0.0
2026-01-02,Paid Search,Mobile,412,369,1296,0.486,122.0,11.0,10126.6,3787.78
2026-04-25,Direct,Tablet,101,83,243,0.36,152.0,2.0,2058.86,0.0
2026-04-02,Referral,Desktop,209,187,499,0.368,178.0,9.0,6783.02,370.65
2026-02-09,Organic Search,Desktop,546,489,1563,0.4,170.0,23.0,23287.01,0.0
2026-12-16,Direct,Desktop,353,306,945,0.401,223.0,15.0,15630.18,0.0
2026-06-02,Social Media,Mobile,486,383,1020,0.575,161.0,5.0,2841.63,1703.38
2026-03-18,Social Media,Tablet,85,68,217,0.549,127.0,0.0,0.0,286.92
2026-10-24,Organic Search,Mobile,403,341,1151,0.449,122.0,11.0,9974.19,0.0
2026-05-18,Organic Search,Tablet,206,183,693,0.383,133.0,6.0,4473.24,0.0
2026-07-28,Email,Mobile,317,258,671,0.393,153.0,18.0,15827.83,388.6
2026-05-10,Paid Search,Desktop,375,327,838,0.386,166.0,9.0,7185.95,3513.02
2026-01-26,Email,Mobile,253,227,734,0.407,115.0,19.0,17578.14,324.07
2026-08-15,Direct,Tablet,121,108,324,0.368,141.0,2.0,1838.05,0.0
2026-03-24,Email,Mobile,331,284,1114,0.288,84.0,16.0,12937.47,412.16
2026-07-24,Social Media,Desktop,401,361,1062,0.493,157.0,5.0,2853.41,1455.77
2026-01-16,Direct,Desktop,241,190,805,0.346,162.0,9.0,9926.44,0.0
2026-07-16,Email,Desktop,265,220,732,0.315,179.0,17.0,17695.02,283.43
2026-09-13,Organic Search,Mobile,583,463,1966,0.431,149.0,19.0,15696.24,0.0
2026-05-24,Social Media,Mobile,486,399,1268,0.583,151.0,6.0,4342.73,1721.31
2026-03-18,Organic Search,Desktop,556,502,1412,0.364,190.0,16.0,13583.26,0.0
2026-09-01,Email,Mobile,341,284,827,0.383,134.0,17.0,15458.91,363.04
2026-02-03,Paid Search,Desktop,421,351,1046,0.485,176.0,11.0,9047.34,3745.88
2026-10-23,Referral,Mobile,193,168,609,0.479,123.0,3.0,2304.4,390.54
2026-12-29,Email,Desktop,201,158,599,0.301,187.0,14.0,13177.45,275.39
2026-12-10,Referral,Desktop,134,114,389,0.428,192.0,3.0,2619.69,265.39
2026-08-25,Direct,Desktop,393,314,891,0.354,228.0,13.0,12170.49,0.0
2026-07-12,Direct,Desktop,280,242,940,0.367,184.0,18.0,17891.91,0.0
2026-11-21,Direct,Mobile,250,200,673,0.403,100.0,12.0,11070.74,0.0
2026-06-16,Organic Search,Tablet,257,203,880,0.37,129.0,5.0,4102.71,0.0
2026-11-21,Organic Search,Tablet,216,193,491,0.339,127.0,6.0,4985.16,0.0
2026-05-22,Social Media,Desktop,445,349,1203,0.639,170.0,17.0,11884.08,1456.49
2026-09-28,Paid Search,Tablet,211,185,591,0.346,144.0,2.0,1524.13,2018.88
2026-09-24,Social Media,Desktop,456,358,1308,0.457,200.0,7.0,5038.57,1666.17
2026-08-14,Referral,Mobile,252,206,741,0.423,106.0,3.0,2407.97,449.88
2026-08-10,Email,Mobile,393,319,1161,0.38,126.0,19.0,16089.51,504.42
2026-12-19,Email,Tablet,68,60,205,0.318,122.0,3.0,2900.18,85.14
2026-02-08,Organic Search,Mobile,513,404,1328,0.372,120.0,20.0,18431.08,0.0
2026-08-20,Social Media,Tablet,194,170,474,0.482,112.0,9.0,4834.13,690.17
2026-06-30,Paid Search,Desktop,474,374,1289,0.407,207.0,11.0,10051.5,3659.79
2026-10-09,Direct,Tablet,117,92,336,0.353,182.0,5.0,4538.47,0.0
2026-08-15,Referral,Desktop,163,136,482,0.41,197.0,4.0,2878.06,324.01
2026-06-07,Email,Tablet,157,140,451,0.272,109.0,6.0,4723.85,211.72
2026-07-25,Social Media,Mobile,407,341,1292,0.581,132.0,7.0,3804.19,1167.86
2026-08-13,Social Media,Tablet,44,37,101,0.541,150.0,0.0,0.0,128.55
2026-05-04,Referral,Mobile,226,205,480,0.368,141.0,2.0,1708.34,451.39
2026-12-20,Direct,Tablet,81,71,191,0.309,182.0,4.0,4064.66,0.0
2026-05-09,Referral,Mobile,152,121,377,0.432,145.0,4.0,2650.44,247.16
2026-01-29,Referral,Tablet,54,44,124,0.391,125.0,2.0,1366.7,98.85
2026-01-30,Organic Search,Desktop,540,489,1158,0.435,190.0,13.0,11446.93,0.0
2026-10-12,Social Media,Desktop,267,220,666,0.49,133.0,11.0,7333.61,959.92
2026-10-21,Paid Search,Desktop,402,346,1004,0.428,201.0,8.0,6494.16,3606.95
2026-10-21,Organic Search,Desktop,543,462,1855,0.423,244.0,14.0,12675.32,0.0
2026-10-02,Email,Desktop,160,127,434,0.257,158.0,8.0,7262.08,177.32
2026-02-13,Social Media,Desktop,410,351,966,0.472,227.0,7.0,4012.54,1315.62
2026-10-12,Direct,Mobile,305,261,785,0.356,111.0,10.0,9855.36,0.0
2026-12-31,Direct,Desktop,309,245,708,0.358,191.0,15.0,16234.29,0.0
2026-02-06,Paid Search,Desktop,499,413,1576,0.494,201.0,12.0,8703.27,4823.76
2026-09-29,Paid Search,Mobile,530,437,1572,0.501,154.0,14.0,10731.12,4111.53
2026-05-03,Organic Search,Desktop,501,404,1678,0.375,163.0,17.0,16872.24,0.0
2026-01-21,Email,Desktop,282,240,814,0.256,177.0,13.0,13090.58,297.6
2026-01-21,Referral,Tablet,119,99,290,0.398,209.0,3.0,2050.06,193.76
2026-05-04,Organic Search,Tablet,229,194,522,0.375,210.0,9.0,9125.95,0.0
2026-10-04,Referral,Mobile,216,190,487,0.439,125.0,4.0,3591.89,422.3
2026-03-31,Email,Tablet,87,77,200,0.314,141.0,3.0,2585.74,106.47
2026-11-24,Organic Search,Mobile,593,468,1694,0.415,124.0,19.0,17149.5,0.0
2026-07-21,Direct,Tablet,153,130,460,0.35,156.0,6.0,6662.75,0.0
2026-02-23,Social Media,Tablet,131,108,324,0.567,136.0,2.0,1164.26,384.34
2026-11-25,Organic Search,Mobile,567,461,1853,0.408,100.0,17.0,15237.23,0.0
2026-12-09,Paid Search,Tablet,179,143,423,0.454,186.0,2.0,1437.54,1715.32
2026-10-05,Paid Search,Mobile,479,384,1667,0.512,139.0,10.0,8314.47,4566.61
2026-01-20,Referral,Tablet,20,15,56,0.431,174.0,0.0,0.0,39.83
2026-08-02,Paid Search,Tablet,257,201,781,0.39,141.0,8.0,8716.4,1991.58
2026-08-31,Direct,Mobile,354,321,1115,0.379,97.0,9.0,7412.47,0.0
2026-03-11,Paid Search,Mobile,512,432,1553,0.449,130.0,14.0,8415.47,4561.44
2026-09-11,Paid Search,Mobile,619,525,1781,0.479,150.0,17.0,12334.82,4552.61
2026-07-25,Paid Search,Mobile,465,393,1130,0.502,99.0,12.0,8679.21,3966.56
2026-11-04,Direct,Tablet,101,89,236,0.444,108.0,4.0,4390.75,0.0
2026-05-23,Email,Tablet,132,118,419,0.323,122.0,9.0,7357.08,171.95
2026-07-10,Paid Search,Desktop,485,398,1135,0.457,185.0,18.0,17138.04,3864.79
2026-04-24,Paid Search,Desktop,471,425,1397,0.492,184.0,13.0,7621.33,3458.11
2026-02-12,Referral,Mobile,297,250,725,0.429,119.0,3.0,2069.63,527.11
2026-12-02,Organic Search,Tablet,230,187,682,0.451,147.0,4.0,3789.91,0.0
2026-07-17,Referral,Mobile,159,131,381,0.442,121.0,0.0,0.0,248.57
2026-12-12,Social Media,Desktop,352,314,863,0.503,213.0,6.0,3994.98,1200.9
2026-11-30,Paid Search,Desktop,409,339,935,0.389,235.0,12.0,9636.39,3428.38
2026-04-04,Organic Search,Desktop,448,365,1037,0.395,206.0,23.0,20814.75,0.0
2026-01-21,Paid Search,Tablet,123,111,275,0.479,151.0,3.0,2612.56,977.58
2026-08-27,Social Media,Mobile,380,298,964,0.548,87.0,1.0,762.32,1244.8
2026-08-23,Referral,Tablet,20,16,52,0.406,175.0,0.0,0.0,34.15
2026-01-09,Paid Search,Desktop,344,278,1038,0.43,147.0,11.0,7743.07,3212.2
2026-11-17,Organic Search,Desktop,496,444,1211,0.28,180.0,12.0,10671.8,0.0
2026-06-21,Email,Mobile,246,220,648,0.364,104.0,12.0,10917.05,306.36
2026-10-15,Paid Search,Mobile,528,422,1715,0.499,125.0,9.0,6729.42,4357.92
2026-01-23,Email,Tablet,31,24,67,0.292,187.0,0.0,0.0,42.08
2026-12-03,Direct,Mobile,366,316,1103,0.376,121.0,15.0,15112.01,0.0
2026-07-12,Organic Search,Desktop,456,388,1119,,207.0,18.0,16534.37,0.0
2026-08-21,Social Media,Desktop,323,280,986,0.514,192.0,11.0,8149.91,954.91
2026-07-18,Direct,Desktop,280,221,645,0.331,147.0,16.0,15360.85,0.0
2026-07-01,Direct,Mobile,302,244,1042,0.4,94.0,15.0,13630.58,0.0
2026-02-27,Paid Search,Tablet,179,158,544,0.37,150.0,3.0,2197.66,1514.48
2026-08-26,Direct,Mobile,343,283,814,0.413,117.0,16.0,15292.42,0.0
2026-02-17,Email,Desktop,240,209,808,0.285,231.0,11.0,12065.27,287.49
2026-08-07,Organic Search,Tablet,175,157,429,0.369,152.0,4.0,2939.41,0.0
2026-01-05,Social Media,Desktop,341,297,1085,0.488,152.0,9.0,6067.48,1004.3
2026-05-05,Referral,Desktop,219,186,714,0.372,239.0,4.0,3085.27,370.12
2026-09-27,Social Media,Desktop,317,283,781,0.545,252.0,12.0,10042.95,1012.59
2026-12-24,Social Media,Tablet,154,140,331,0.609,119.0,3.0,1950.56,539.27
2026-12-02,Paid Search,Tablet,102,90,288,0.406,146.0,6.0,4615.76,746.64
2026-12-05,Paid Search,Desktop,354,277,1108,0.381,151.0,5.0,3851.2,2912.37
2026-02-13,Direct,Tablet,109,89,249,0.422,146.0,6.0,5777.38,0.0
2026-05-07,Email,Tablet,141,117,363,0.307,158.0,8.0,5991.57,189.81
2026-08-16,Email,Desktop,274,219,787,0.257,193.0,11.0,12619.66,311.33
2026-08-05,Email,Desktop,373,316,1092,0.256,158.0,27.0,24144.85,492.2
2026-08-25,Social Media,Tablet,109,91,353,0.481,154.0,1.0,752.33,369.83
2026-10-30,Direct,Desktop,255,224,728,0.366,201.0,14.0,12701.8,0.0
2026-07-21,Direct,Mobile,340,296,748,0.425,62.0,13.0,14247.96,0.0
2026-09-30,Social Media,Mobile,359,306,941,0.593,123.0,9.0,5108.56,1320.28
2026-01-24,Email,Mobile,240,193,517,0.299,125.0,10.0,9503.1,310.17
2026-01-22,Direct,Tablet,68,53,150,0.415,169.0,1.0,1054.88,0.0
2026-09-29,Email,Mobile,246,219,705,0.352,101.0,5.0,4421.08,320.13
2026-12-11,Social Media,Tablet,48,42,128,0.538,134.0,0.0,0.0,155.53
2026-08-22,Social Media,Desktop,298,235,916,0.534,179.0,7.0,4516.1,1031.43
2026-05-29,Social Media,Tablet,141,111,480,0.545,161.0,2.0,1154.35,455.33
2026-12-07,Direct,Tablet,156,133,414,0.39,142.0,6.0,6744.53,0.0
2026-09-03,Paid Search,Mobile,565,498,1617,0.441,132.0,13.0,10304.14,5415.79
2026-07-14,Organic Search,Mobile,747,650,2392,0.404,120.0,15.0,12828.38,0.0
2026-03-23,Organic Search,Mobile,724,628,2139,0.424,97.0,26.0,25968.24,0.0
2026-09-20,Social Media,Tablet,96,85,202,0.478,192.0,1.0,701.68,273.68
2026-08-29,Direct,Mobile,412,374,925,0.426,156.0,14.0,11360.46,0.0
2026-08-02,Organic Search,Mobile,587,486,1745,0.44,151.0,19.0,15829.82,0.0
2026-11-28,Email,Desktop,159,137,465,0.312,201.0,11.0,10822.17,189.12
2026-12-14,Email,Desktop,245,207,853,0.304,188.0,16.0,15635.83,313.81
2026-05-11,Referral,Desktop,247,203,628,0.361,204.0,7.0,6133.97,428.08
2026-05-16,Direct,Desktop,298,254,863,0.407,196.0,18.0,13475.66,0.0
2026-10-11,Paid Search,Desktop,346,294,1013,0.446,170.0,11.0,7264.64,3320.07
2026-01-26,Direct,Tablet,194,157,423,0.323,151.0,7.0,7253.08,0.0
2026-01-10,Organic Search,Mobile,512,421,1705,0.5,145.0,13.0,10479.23,0.0
2026-11-12,Paid Search,Desktop,394,345,972,0.406,145.0,13.0,10018.15,2891.62
2026-12-16,Direct,Tablet,27,22,60,0.297,164.0,0.0,0.0,0.0
2026-12-29,Organic Search,Desktop,494,447,1134,0.396,189.0,16.0,14123.31,0.0
2026-04-22,Email,Tablet,84,66,280,0.26,137.0,8.0,7191.83,105.78
2026-06-21,Social Media,Desktop,404,358,1146,0.527,186.0,7.0,3192.91,1123.42
2026-02-20,Organic Search,Desktop,502,450,1506,0.314,193.0,22.0,19836.11,0.0
2026-10-12,Referral,Mobile,208,184,498,0.473,124.0,6.0,4274.89,370.62
2026-05-08,Social Media,Mobile,470,391,1468,0.626,122.0,8.0,6520.5,1561.55
2026-07-26,Social Media,Tablet,148,131,442,0.515,183.0,2.0,1189.07,494.01
2026-12-09,Direct,Mobile,322,272,837,0.349,148.0,9.0,8047.51,0.0
2026-04-09,Organic Search,Desktop,617,515,1684,0.436,221.0,24.0,21247.9,0.0
2026-03-28,Organic Search,Mobile,639,529,1763,0.411,155.0,16.0,15119.29,0.0
2026-06-18,Paid Search,Tablet,128,106,312,0.475,159.0,5.0,2890.01,1048.21
2026-10-02,Direct,Mobile,366,328,936,0.399,92.0,10.0,9737.16,0.0
2026-04-24,Email,Mobile,228,192,588,0.365,118.0,11.0,8959.93,272.17
2026-02-12,Email,Tablet,125,100,338,0.267,116.0,7.0,6643.04,150.44
2026-03-25,Direct,Tablet,83,72,247,0.314,156.0,4.0,3853.52,0.0
2026-12-21,Direct,Mobile,273,234,884,0.377,125.0,10.0,9533.68,0.0
2026-08-23,Social Media,Mobile,370,321,980,0.595,104.0,5.0,3263.63,1008.95
2026-10-30,Referral,Desktop,179,141,457,0.445,179.0,9.0,6392.59,316.49
2026-12-10,Direct,Tablet,191,157,531,0.319,150.0,5.0,5056.61,0.0
2026-07-02,Referral,Mobile,199,166,451,0.446,153.0,6.0,3885.61,346.88
2026-02-15,Email,Desktop,205,162,451,0.3,179.0,10.0,8858.49,282.11
2026-03-19,Referral,Tablet,20,16,56,0.409,178.0,0.0,0.0,35.57
2026-03-18,Direct,Tablet,98,82,236,0.405,159.0,2.0,1803.51,0.0
2026-04-30,Social Media,Desktop,418,366,1279,0.464,217.0,8.0,6730.51,1363.67
2026-04-02,Organic Search,Desktop,585,475,1805,0.393,147.0,22.0,17715.93,0.0
2026-12-18,Organic Search,Desktop,525,462,1790,0.377,175.0,20.0,16256.41,0.0
2026-01-23,Paid Search,Desktop,431,367,1459,0.403,155.0,13.0,11165.2,3995.31
2026-02-19,Organic Search,Desktop,590,522,1853,0.317,225.0,17.0,13690.08,0.0
2026-07-18,Organic Search,Mobile,665,572,2260,0.385,145.0,30.0,23127.8,0.0
2026-11-22,Email,Tablet,87,73,192,0.307,148.0,3.0,2171.98,89.49
2026-03-07,Email,Desktop,132,107,401,0.277,188.0,5.0,5034.65,140.11
2026-08-24,Direct,Tablet,224,198,538,0.35,159.0,13.0,11306.41,0.0
2026-09-05,Email,Tablet,88,78,303,0.266,149.0,2.0,1704.81,101.05
2026-04-29,Social Media,Desktop,399,323,1176,0.581,191.0,10.0,7428.67,1116.68
2026-01-26,Social Media,Desktop,319,266,1064,0.446,206.0,7.0,4059.06,914.57
2026-04-19,Social Media,Desktop,236,190,657,0.527,149.0,4.0,2285.84,803.41
2026-02-08,Paid Search,Tablet,120,104,372,0.399,131.0,2.0,1208.8,1054.8
2026-10-15,Direct,Mobile,272,215,884,0.291,94.0,9.0,9219.8,0.0
2026-04-19,Email,Desktop,251,197,596,0.32,223.0,12.0,12838.0,264.43
2026-05-31,Email,Mobile,243,205,742,0.358,119.0,14.0,14790.14,265.0
2026-10-25,Email,Desktop,202,168,579,0.289,206.0,8.0,8392.48,218.54
2026-11-13,Organic Search,Mobile,639,506,2212,0.42,111.0,10.0,8583.05,0.0
2026-04-15,Direct,Desktop,300,245,874,0.313,183.0,10.0,10619.89,0.0
2026-12-18,Direct,Tablet,44,39,118,0.306,136.0,2.0,1944.35,0.0
2026-05-19,Email,Mobile,304,266,697,0.342,142.0,18.0,14299.63,362.44
2026-06-18,Direct,Desktop,366,332,1192,0.373,174.0,25.0,24367.44,0.0
2026-07-20,Paid Search,Desktop,478,394,1598,0.387,208.0,22.0,15172.99,4305.52
2026-02-16,Referral,Tablet,20,16,45,0.331,170.0,0.0,0.0,31.81
2026-01-31,Organic Search,Tablet,144,119,390,0.431,151.0,2.0,1647.72,0.0
2026-07-26,Referral,Mobile,86,67,203,0.476,138.0,5.0,3652.38,172.99
2026-08-21,Email,Tablet,160,128,500,0.26,178.0,5.0,4211.13,179.12
2026-07-24,Social Media,Mobile,427,336,1241,0.607,143.0,8.0,5135.83,1214.57
2026-10-18,Referral,Desktop,82,67,241,0.39,192.0,1.0,863.16,169.07
2026-10-26,Organic Search,Tablet,186,158,553,0.377,144.0,10.0,8892.34,0.0
2026-09-07,Paid Search,Tablet,136,119,393,0.382,121.0,3.0,1939.47,1130.95
2026-06-14,Direct,Desktop,290,231,667,0.318,188.0,14.0,15608.45,0.0
2026-05-21,Email,Desktop,340,275,1168,0.325,247.0,27.0,23724.28,458.49
2026-02-28,Paid Search,Mobile,393,327,1313,0.543,114.0,7.0,5954.62,3397.28
2026-04-19,Referral,Mobile,131,113,292,0.518,144.0,3.0,2501.43,216.86
2026-05-21,Email,Mobile,382,334,1312,0.373,145.0,16.0,17181.31,441.62
2026-09-25,Direct,Mobile,406,354,1309,0.372,207.0,11.0,11544.52,0.0
2026-01-14,Paid Search,Desktop,363,306,914,0.512,220.0,8.0,6899.88,2948.7
2026-03-04,Referral,Tablet,58,52,161,0.44,141.0,0.0,0.0,91.87
2026-10-29,Email,Desktop,275,225,637,0.349,167.0,15.0,13119.3,377.2
2026-08-25,Email,Tablet,86,76,225,0.255,138.0,3.0,2708.87,87.95
2026-09-26,Direct,Mobile,314,279,747,0.445,88.0,13.0,13200.74,0.0
2026-10-01,Paid Search,Tablet,178,159,406,0.474,154.0,4.0,3316.76,1440.07
2026-06-15,Social Media,Tablet,106,84,256,0.52,190.0,2.0,1400.89,381.8
2026-10-16,Paid Search,Tablet,190,165,546,0.432,192.0,7.0,5089.19,1822.77
2026-09-03,Organic Search,Mobile,761,682,1954,0.391,135.0,25.0,21298.68,0.0
2026-08-06,Direct,Mobile,424,383,1191,0.412,160.0,13.0,13996.56,0.0
2026-06-24,Social Media,Desktop,384,323,989,0.54,191.0,5.0,3794.19,1233.92
2026-11-22,Organic Search,Tablet,176,141,580,0.371,133.0,6.0,5652.8,0.0
2026-08-15,Paid Search,Tablet,124,104,371,0.445,139.0,6.0,6825.94,1029.49
2026-11-09,Referral,Mobile,171,142,498,0.519,124.0,0.0,0.0,313.2
2026-06-29,Social Media,Mobile,535,431,1318,0.605,141.0,11.0,5282.03,1615.73
2026-04-12,Social Media,Tablet,149,131,364,0.482,148.0,3.0,1310.98,487.86
2026-02-02,Referral,Tablet,108,92,305,0.37,146.0,6.0,4989.72,166.17
2026-06-01,Social Media,Mobile,479,419,1631,0.504,109.0,7.0,2845.87,1727.76
2026-08-18,Referral,Desktop,169,132,455,0.403,170.0,7.0,4896.31,264.58
2026-02-01,Organic Search,Tablet,173,143,375,0.363,170.0,5.0,3768.76,0.0
2026-12-23,Direct,Mobile,354,317,1059,0.361,147.0,13.0,14674.06,0.0
2026-01-14,Email,Desktop,153,128,430,0.262,170.0,10.0,10066.23,165.69
2026-11-14,Direct,Mobile,281,233,895,0.369,136.0,11.0,10641.92,0.0
2026-01-23,Email,Desktop,196,163,508,0.257,215.0,11.0,11222.02,268.1
2026-03-22,Organic Search,Tablet,190,159,577,0.375,141.0,8.0,6738.91,0.0
2026-01-15,Email,Desktop,283,221,961,0.302,176.0,11.0,7944.48,316.57
2026-11-29,Social Media,Tablet,55,44,189,0.478,188.0,0.0,0.0,174.4
2026-04-04,Referral,Desktop,147,128,488,0.368,131.0,2.0,1372.81,303.93
2026-04-06,Referral,Desktop,178,142,605,0.446,185.0,5.0,3570.89,364.45
2026-05-19,Direct,Desktop,335,264,955,0.314,205.0,11.0,10334.43,0.0
2026-09-01,Referral,Tablet,55,49,180,0.356,169.0,0.0,0.0,84.32
2026-01-19,Referral,Mobile,163,145,501,0.46,128.0,5.0,3369.01,258.24
2026-09-11,Social Media,Desktop,367,295,970,0.561,183.0,13.0,8126.62,1013.56
2026-03-30,Referral,Tablet,63,51,179,0.423,164.0,1.0,827.68,129.31
2026-07-26,Referral,Tablet,20,17,68,0.415,152.0,1.0,629.99,38.34
2026-12-28,Email,Mobile,297,258,727,0.31,149.0,13.0,10397.74,380.44
2026-06-04,Direct,Mobile,379,317,1163,0.377,117.0,23.0,22764.59,0.0
2026-03-26,Email,Tablet,157,129,416,0.287,164.0,5.0,4783.02,191.85
2026-09-29,Organic Search,Mobile,688,538,2387,0.478,144.0,21.0,13459.05,0.0
2026-11-20,Social Media,Desktop,365,302,801,0.602,186.0,5.0,3509.63,1320.48
2026-12-04,Referral,Tablet,111,93,290,0.357,146.0,4.0,2730.55,182.87
2026-04-09,Organic Search,Tablet,208,186,476,0.427,200.0,7.0,5462.36,0.0
2026-08-13,Paid Search,Tablet,160,132,481,0.477,153.0,5.0,4443.12,1170.02
2026-10-15,Direct,Tablet,53,43,162,0.36,147.0,1.0,802.98,0.0
2026-10-23,Organic Search,Tablet,168,133,460,0.426,135.0,8.0,8409.75,0.0
2026-12-08,Organic Search,Mobile,484,385,1453,0.482,136.0,18.0,15528.06,0.0
2026-01-21,Paid Search,Desktop,390,312,973,0.452,207.0,15.0,13561.22,3688.23
2026-12-28,Organic Search,Tablet,140,117,361,0.357,176.0,7.0,6290.44,0.0
2026-11-24,Referral,Mobile,193,166,410,0.423,136.0,3.0,2131.39,346.11
2026-12-05,Referral,Mobile,171,143,565,0.445,107.0,5.0,5253.33,290.97
2026-12-03,Direct,Tablet,77,65,226,0.35,151.0,1.0,1151.95,0.0
2026-05-23,Social Media,Desktop,408,361,1009,0.526,201.0,7.0,4267.15,1229.96
2026-10-24,Organic Search,Tablet,225,177,566,0.292,115.0,5.0,4682.51,0.0
2026-12-01,Paid Search,Tablet,191,156,563,0.459,187.0,7.0,6482.53,1645.0
2026-06-21,Paid Search,Tablet,134,104,440,0.471,166.0,5.0,4187.51,1219.19
2026-12-02,Referral,Mobile,182,147,461,0.359,146.0,5.0,2603.22,278.53
2026-04-27,Direct,Tablet,114,103,338,0.387,158.0,6.0,4465.31,0.0
2026-02-05,Organic Search,Tablet,191,159,549,0.397,155.0,6.0,4109.08,0.0
2026-05-19,Email,Desktop,257,232,777,0.282,208.0,20.0,20687.05,336.45
2026-05-29,Organic Search,Mobile,731,627,2237,0.411,161.0,22.0,18526.47,0.0
2026-09-21,Email,Desktop,214,185,457,0.284,157.0,9.0,8225.91,253.86
2026-09-25,Paid Search,Mobile,497,410,1527,0.461,112.0,12.0,8083.25,4385.33
2026-09-15,Referral,Tablet,20,16,59,0.472,200.0,0.0,0.0,37.64
2026-05-10,Direct,Desktop,298,234,880,0.357,120.0,18.0,17118.48,0.0
2026-10-07,Organic Search,Desktop,518,461,1096,0.346,210.0,18.0,18188.62,0.0
2026-07-21,Organic Search,Mobile,733,600,2557,0.365,122.0,26.0,20275.84,0.0
2026-08-04,Direct,Mobile,388,327,871,0.423,138.0,15.0,15480.73,0.0
2026-09-04,Email,Desktop,192,166,477,0.292,217.0,10.0,7274.92,257.77
2026-08-22,Referral,Tablet,87,78,200,0.441,103.0,1.0,708.17,151.8
2026-03-25,Organic Search,Desktop,537,461,1503,0.482,175.0,17.0,19259.67,0.0
2026-05-14,Social Media,Mobile,502,432,1321,0.612,177.0,12.0,8800.46,1383.1
2026-08-04,Paid Search,Mobile,521,463,1523,0.527,111.0,11.0,9737.15,4632.71
2026-03-10,Social Media,Tablet,51,44,167,0.488,149.0,0.0,0.0,187.0
2026-05-28,Referral,Desktop,105,88,270,0.433,184.0,1.0,717.03,201.75
2026-06-06,Email,Desktop,256,229,576,0.348,208.0,8.0,8239.3,328.77
2026-11-30,Organic Search,Desktop,582,504,1351,0.421,167.0,16.0,13364.44,0.0
2026-10-17,Paid Search,Desktop,316,270,1088,0.478,172.0,8.0,7619.68,2323.8
2026-08-19,Direct,Mobile,397,355,1124,0.428,92.0,9.0,9575.34,0.0
2026-09-29,Organic Search,Tablet,125,103,298,0.427,101.0,4.0,3393.0,0.0
2026-06-20,Organic Search,Mobile,539,482,1283,0.428,114.0,10.0,9536.97,0.0
2026-11-08,Social Media,Mobile,316,257,1039,0.56,154.0,4.0,2817.41,980.49
2026-12-28,Paid Search,Desktop,411,325,1123,0.425,199.0,18.0,14589.2,3360.46
2026-04-07,Social Media,Mobile,499,436,1650,0.531,132.0,16.0,9181.58,1563.35
2026-06-06,Referral,Desktop,104,93,316,0.441,202.0,4.0,3725.4,196.74
2026-10-05,Email,Mobile,231,207,644,0.288,101.0,10.0,7619.89,250.85
2026-09-07,Organic Search,Mobile,678,540,1714,0.466,151.0,17.0,14409.98,0.0
2026-05-18,Email,Desktop,229,183,703,0.295,204.0,13.0,11949.21,255.81
2026-05-23,Social Media,Tablet,172,151,488,0.462,145.0,3.0,2248.68,520.88
2026-11-03,Referral,Tablet,51,42,129,0.388,107.0,2.0,1330.73,80.77
2026-10-09,Email,Tablet,76,61,179,0.37,120.0,1.0,756.18,99.38
2026-02-09,Paid Search,Tablet,178,145,594,0.411,157.0,3.0,2876.95,1564.17
2026-06-19,Paid Search,Mobile,611,482,1606,0.513,103.0,14.0,11630.63,5798.05
2026-12-08,Referral,Desktop,179,145,577,0.349,163.0,6.0,4900.82,308.26
2026-10-05,Referral,Mobile,169,132,482,0.439,103.0,5.0,3617.48,307.28
2026-01-05,Organic Search,Desktop,490,403,1160,0.374,168.0,16.0,13900.76,0.0
2026-12-08,Paid Search,Mobile,555,488,1177,0.399,113.0,11.0,8491.17,5205.09
2026-03-08,Organic Search,Tablet,131,113,279,0.408,161.0,5.0,4087.09,0.0
2026-05-25,Email,Desktop,301,242,856,0.361,168.0,18.0,15184.53,345.8
2026-03-04,Email,Desktop,223,184,623,0.253,199.0,16.0,15023.28,273.03
2026-03-10,Referral,Tablet,82,71,172,0.389,123.0,2.0,1255.73,133.12
2026-12-01,Email,Tablet,63,50,151,0.262,137.0,3.0,3287.06,84.88
2026-10-28,Direct,Mobile,259,227,827,0.393,170.0,9.0,6548.86,0.0
2026-07-06,Paid Search,Desktop,514,442,1494,0.418,141.0,12.0,9566.27,4790.88
2026-08-11,Direct,Desktop,310,273,1078,0.334,197.0,12.0,11803.33,0.0
2026-03-29,Email,Tablet,204,167,537,0.283,116.0,11.0,10867.29,260.92
2026-08-06,Organic Search,Desktop,650,577,1544,0.379,183.0,18.0,18419.87,0.0
2026-07-27,Paid Search,Desktop,489,385,1392,0.466,160.0,7.0,6109.36,3716.03
2026-08-31,Organic Search,Tablet,181,143,616,0.302,91.0,2.0,1593.3,0.0
2026-03-16,Email,Tablet,72,58,251,0.347,113.0,4.0,4066.46,93.64
2026-12-31,Paid Search,Mobile,466,397,1291,0.487,152.0,9.0,6817.56,4140.71
2026-01-25,Social Media,Tablet,135,110,427,0.511,119.0,2.0,1243.6,417.36
2026-03-03,Organic Search,Tablet,150,124,420,0.428,134.0,4.0,3313.59,0.0
2026-05-27,Email,Desktop,321,285,764,0.308,205.0,22.0,22094.45,397.73
2026-09-19,Organic Search,Tablet,134,111,445,0.357,118.0,4.0,3661.17,0.0
2026-02-06,Organic Search,Mobile,613,512,1453,0.438,110.0,14.0,11645.09,0.0
2026-03-27,Referral,Mobile,202,179,617,0.443,151.0,3.0,2097.05,364.62
2026-10-04,Direct,Tablet,159,132,467,0.421,141.0,6.0,6198.36,0.0
2026-10-05,Referral,Desktop,182,145,428,0.425,187.0,4.0,2647.08,303.46
2026-06-08,Social Media,Tablet,176,146,409,0.609,112.0,6.0,4999.2,514.16
2026-07-14,Email,Tablet,108,87,372,0.321,142.0,6.0,6214.78,116.92
2026-09-20,Organic Search,Mobile,542,480,1779,0.433,139.0,17.0,13533.95,0.0
2026-02-05,Organic Search,Desktop,485,388,1214,0.391,172.0,13.0,9021.52,0.0
2026-03-11,Social Media,Mobile,496,442,1048,0.534,119.0,8.0,3949.62,1497.86
2026-09-06,Social Media,Mobile,324,263,1080,0.493,126.0,7.0,3705.62,942.68
2026-01-27,Direct,Tablet,103,87,334,0.338,173.0,6.0,5841.75,0.0
2026-03-30,Organic Search,Desktop,603,486,1579,0.444,157.0,18.0,14810.07,0.0
2026-03-23,Paid Search,Mobile,520,414,1245,0.531,146.0,11.0,7392.11,4453.35
2026-06-18,Referral,Mobile,62,48,132,0.402,144.0,0.0,0.0,125.02
2026-10-08,Organic Search,Desktop,531,477,1622,0.375,188.0,19.0,18633.84,0.0
2026-07-01,Referral,Desktop,175,147,411,0.364,197.0,7.0,5448.18,315.28
2026-07-24,Email,Tablet,68,53,217,0.351,143.0,5.0,4034.85,79.56
2026-08-19,Paid Search,Tablet,172,140,415,0.554,166.0,3.0,2014.64,1648.05
2026-09-14,Organic Search,Tablet,174,141,493,0.345,169.0,10.0,9340.2,0.0
2026-06-29,Paid Search,Desktop,535,439,1440,0.411,147.0,18.0,16432.68,4202.81
2026-03-01,Email,Mobile,248,218,609,0.358,153.0,12.0,12572.71,253.98
2026-05-27,Paid Search,Desktop,437,341,952,0.446,208.0,12.0,8928.85,3955.16
2026-04-03,Paid Search,Mobile,458,386,1173,0.501,135.0,8.0,6079.33,3431.63
2026-05-15,Direct,Mobile,408,356,1326,0.332,125.0,9.0,7544.01,0.0
2026-11-04,Paid Search,Tablet,133,112,459,0.442,103.0,3.0,2389.18,1297.72
2026-06-22,Organic Search,Mobile,815,647,2116,0.42,120.0,22.0,14865.87,0.0
2026-08-09,Referral,Mobile,251,198,570,0.387,98.0,9.0,7108.07,437.72
2026-11-23,Paid Search,Mobile,455,382,1407,0.453,136.0,9.0,7739.63,3419.7
2026-12-13,Social Media,Tablet,138,121,344,0.523,165.0,5.0,2878.17,486.34
2026-11-05,Organic Search,Desktop,535,438,1636,0.377,199.0,17.0,14760.26,0.0
2026-10-16,Direct,Desktop,271,242,660,0.443,164.0,16.0,16341.29,0.0
2026-03-20,Paid Search,Mobile,478,415,1564,0.425,117.0,20.0,16616.26,4151.64
2026-04-13,Email,Desktop,345,287,868,0.259,211.0,14.0,13332.13,355.24
2026-04-10,Referral,Mobile,179,149,579,0.381,141.0,1.0,626.06,288.0
2026-08-08,Referral,Desktop,192,157,653,0.397,189.0,12.0,7611.13,307.72
2026-03-23,Referral,Tablet,61,55,158,0.359,131.0,1.0,966.52,101.43
2026-01-02,Referral,Tablet,21,17,59,0.356,179.0,0.0,0.0,33.25
2026-01-25,Direct,Desktop,236,190,804,0.352,177.0,8.0,7103.64,0.0
2026-05-12,Organic Search,Mobile,810,720,2322,0.397,99.0,19.0,14644.41,0.0
2026-07-23,Organic Search,Desktop,643,572,1369,0.38,160.0,27.0,24141.39,0.0
2026-06-26,Email,Tablet,103,93,220,0.301,129.0,8.0,8180.78,109.46
2026-03-13,Social Media,Tablet,102,85,226,0.512,138.0,1.0,504.57,318.94
2026-09-27,Direct,Mobile,194,166,519,0.404,129.0,3.0,3380.44,0.0
2026-09-04,Referral,Tablet,77,62,221,0.395,161.0,4.0,2998.44,135.28
2026-07-09,Direct,Tablet,90,78,228,0.317,124.0,2.0,2124.66,0.0
2026-04-29,Direct,Mobile,415,338,886,0.378,131.0,16.0,17458.32,0.0
2026-05-27,Social Media,Tablet,231,209,791,0.521,148.0,4.0,2287.87,810.18
2026-08-12,Organic Search,Tablet,255,223,822,0.36,177.0,9.0,6310.23,0.0
2026-12-19,Email,Mobile,240,191,582,0.296,176.0,11.0,11730.06,252.44
2026-04-04,Social Media,Mobile,316,273,668,0.588,127.0,4.0,2747.83,1007.16
2026-09-22,Direct,Mobile,406,322,1357,0.34,172.0,19.0,17893.46,0.0
2026-04-05,Organic Search,Desktop,409,330,967,0.416,198.0,13.0,8558.47,0.0
2026-09-28,Social Media,Tablet,73,59,205,0.526,132.0,0.0,0.0,242.02
2026-10-18,Organic Search,Mobile,452,384,1561,0.331,102.0,14.0,12423.55,0.0
2026-07-21,Referral,Tablet,20,18,66,0.386,122.0,0.0,0.0,37.72
2026-01-21,Direct,Desktop,338,267,864,0.338,122.0,15.0,13172.82,0.0
2026-11-17,Referral,Tablet,39,31,89,0.415,128.0,3.0,1926.0,62.34
2026-01-08,Direct,Tablet,126,104,403,0.296,130.0,5.0,5320.11,0.0
2026-09-03,Email,Desktop,304,272,923,0.287,186.0,18.0,17613.51,317.61
2026-12-06,Referral,Desktop,213,192,729,0.407,214.0,7.0,6092.23,379.02
2026-11-27,Direct,Tablet,134,121,311,0.324,179.0,5.0,4484.15,0.0
2026-02-09,Direct,Desktop,223,199,722,0.293,204.0,13.0,12027.39,0.0
2026-06-27,Organic Search,Tablet,262,235,836,0.375,163.0,17.0,17104.68,0.0
2026-11-18,Direct,Desktop,314,281,834,0.345,205.0,15.0,15328.89,0.0
2026-09-04,Paid Search,Desktop,502,441,1283,0.411,188.0,16.0,12394.4,4750.39
2026-09-12,Social Media,Desktop,324,261,778,0.509,196.0,8.0,5665.46,1108.75
2026-01-23,Email,Mobile,285,240,789,0.36,110.0,12.0,10964.7,393.24
2026-01-02,Organic Search,Tablet,170,137,365,0.351,203.0,8.0,7470.79,0.0
2026-02-25,Direct,Tablet,121,106,308,0.374,151.0,4.0,4431.11,0.0
2026-05-14,Referral,Tablet,34,29,81,0.411,119.0,0.0,0.0,67.67
2026-05-22,Social Media,Mobile,441,371,1408,0.537,119.0,11.0,7140.41,1580.94
2026-05-13,Direct,Tablet,62,54,186,0.368,139.0,4.0,3886.68,0.0
2026-11-21,Direct,Tablet,138,109,376,0.315,169.0,12.0,13504.8,0.0
2026-01-03,Social Media,Desktop,247,211,789,0.492,159.0,3.0,1585.03,694.38
2026-06-07,Paid Search,Mobile,537,426,1214,0.411,122.0,11.0,9456.98,4978.71
2026-07-07,Paid Search,Tablet,149,130,381,0.448,105.0,5.0,4056.16,1163.2
2026-06-17,Referral,Mobile,282,225,802,0.399,171.0,9.0,6342.06,554.38
2026-07-06,Referral,Mobile,151,123,506,0.414,137.0,3.0,2594.26,268.13
2026-09-02,Social Media,Mobile,435,352,976,0.493,112.0,11.0,8698.85,1475.38
2026-01-01,Email,Tablet,65,54,150,0.328,166.0,3.0,2633.01,81.05
2026-03-07,Social Media,Mobile,302,245,863,0.567,111.0,5.0,3567.91,924.32
2026-04-19,Paid Search,Desktop,428,348,1077,0.481,187.0,13.0,10419.47,3409.01
2026-05-19,Referral,Tablet,128,116,423,0.417,182.0,2.0,1440.92,239.43
2026-06-09,Organic Search,Mobile,789,680,1988,0.411,86.0,25.0,21253.26,0.0
2026-08-03,Direct,Mobile,407,336,1067,0.368,99.0,15.0,14672.32,0.0
2026-02-27,Organic Search,Desktop,607,516,2055,0.336,151.0,20.0,17505.04,0.0
2026-08-02,Direct,Tablet,102,83,302,0.244,170.0,9.0,8200.24,0.0
2026-06-16,Organic Search,Mobile,743,642,2596,0.415,147.0,23.0,19979.42,0.0
2026-02-23,Social Media,Mobile,348,303,974,0.538,143.0,6.0,3200.6,1027.82
2026-06-10,Email,Desktop,364,307,995,0.342,191.0,21.0,15596.85,416.61
2026-06-17,Email,Desktop,365,301,1103,0.292,207.0,18.0,22549.45,377.49
2026-07-05,Social Media,Tablet,152,133,503,0.511,150.0,2.0,1245.88,534.74
2026-09-14,Referral,Mobile,233,195,559,0.418,166.0,3.0,2181.78,452.26
2026-02-10,Referral,Desktop,173,149,495,0.414,175.0,4.0,3098.49,279.23
2026-09-02,Social Media,Tablet,160,144,343,0.485,123.0,4.0,3019.2,481.15
2026-03-22,Organic Search,Desktop,514,438,1484,0.427,164.0,16.0,12911.54,0.0
2026-06-09,Direct,Mobile,490,405,1584,0.376,133.0,17.0,15553.68,0.0
2026-08-10,Social Media,Tablet,121,96,311,0.536,152.0,3.0,2148.74,358.13
2026-02-20,Referral,Mobile,211,191,490,0.476,112.0,7.0,4988.07,404.35
2026-11-01,Organic Search,Tablet,118,95,352,0.471,156.0,3.0,2801.19,0.0
2026-08-16,Paid Search,Desktop,352,305,812,0.409,167.0,5.0,3727.16,3104.86
2026-12-03,Referral,Mobile,173,150,369,0.396,57.0,5.0,3689.47,341.46
2026-10-12,Email,Tablet,41,36,111,0.222,147.0,2.0,1742.06,49.25
2026-06-04,Organic Search,Desktop,601,501,1979,0.392,198.0,20.0,17915.74,0.0
2026-04-01,Paid Search,Mobile,516,457,1589,0.478,111.0,16.0,11732.35,3762.59
2026-10-16,Direct,Tablet,186,162,486,0.26,149.0,11.0,10801.9,0.0
2026-02-15,Email,Tablet,27,24,61,0.231,148.0,2.0,1930.25,32.18
2026-03-17,Referral,Tablet,29,26,78,0.378,146.0,3.0,2916.13,58.02
2026-07-26,Paid Search,Mobile,454,384,1368,0.526,152.0,19.0,13777.52,4437.17
2026-11-24,Email,Mobile,282,226,599,0.363,121.0,15.0,16198.55,369.37
2026-02-17,Paid Search,Mobile,478,385,1107,0.387,152.0,5.0,4865.65,4608.43
2026-02-25,Email,Mobile,287,233,940,0.306,113.0,12.0,11181.4,390.54
2026-09-28,Email,Mobile,237,191,645,0.334,80.0,7.0,7843.29,276.67
2026-08-17,Email,Mobile,342,311,1080,0.356,127.0,16.0,15869.77,406.67
2026-04-01,Referral,Tablet,91,81,313,0.338,151.0,1.0,751.28,139.87
2026-04-03,Email,Tablet,68,56,201,0.27,152.0,3.0,2666.6,86.67
2026-06-26,Paid Search,Tablet,200,156,539,0.434,149.0,3.0,2465.44,1782.32
2026-10-05,Organic Search,Desktop,588,519,1525,0.318,182.0,20.0,12900.73,0.0
2026-03-16,Referral,Desktop,68,53,207,0.39,205.0,4.0,3253.8,125.92
2026-10-12,Social Media,Tablet,73,57,175,0.54,175.0,2.0,1308.43,202.91
2026-06-29,Social Media,Tablet,179,146,561,0.598,153.0,2.0,1039.54,556.89
2026-09-13,Direct,Mobile,253,215,847,0.468,113.0,10.0,9952.92,0.0
2026-10-07,Direct,Tablet,80,64,255,0.366,130.0,1.0,955.89,0.0
2026-06-29,Email,Mobile,368,322,1006,0.353,148.0,14.0,13698.13,482.84
2026-10-26,Paid Search,Desktop,364,295,1058,0.518,211.0,13.0,10144.57,3482.19
2026-02-09,Organic Search,Mobile,661,588,1437,0.44,158.0,13.0,10888.37,0.0
2026-05-26,Direct,Mobile,417,327,1063,0.389,154.0,14.0,12827.26,0.0
2026-07-02,Referral,Desktop,179,144,547,0.401,203.0,3.0,2359.53,290.4
2026-07-24,Organic Search,Mobile,699,596,2126,0.383,105.0,19.0,16855.14,0.0
2026-05-14,Direct,Tablet,59,52,150,0.405,162.0,3.0,2899.24,0.0
2026-03-15,Direct,Mobile,285,241,796,0.317,137.0,8.0,7327.48,0.0
2026-12-06,Email,Tablet,54,43,143,0.311,151.0,2.0,2010.56,74.3
2026-10-26,Referral,Desktop,170,144,395,0.448,159.0,2.0,1673.5,324.87
2026-09-04,Direct,Desktop,262,236,809,0.335,119.0,11.0,9373.88,0.0
2026-11-01,Email,Desktop,164,131,441,0.329,159.0,5.0,4747.48,202.5
2026-02-24,Direct,Tablet,72,56,185,0.344,115.0,2.0,2131.95,0.0
2026-11-27,Direct,Mobile,397,346,921,0.425,161.0,13.0,10920.72,0.0
2026-11-10,Social Media,Desktop,315,269,943,0.468,195.0,7.0,5051.65,905.65
2026-10-29,Referral,Desktop,181,150,520,0.394,171.0,5.0,3466.69,370.82
2026-08-13,Referral,Tablet,63,52,170,0.416,167.0,3.0,2211.7,125.27
2026-07-13,Email,Tablet,128,102,320,0.283,160.0,5.0,4799.2,140.03
2026-05-18,Social Media,Tablet,205,176,683,0.597,175.0,0.0,0.0,622.37
2026-08-04,Paid Search,Desktop,414,336,1375,0.38,188.0,15.0,9172.0,3427.65
2026-03-08,Email,Mobile,233,185,808,0.339,109.0,7.0,6531.04,315.18
2026-08-21,Paid Search,Tablet,158,132,505,0.462,139.0,7.0,5377.89,1372.72
2026-03-26,Social Media,Desktop,339,306,842,0.522,153.0,7.0,4677.61,1227.94
2026-04-10,Referral,Tablet,58,49,197,0.346,162.0,2.0,1473.47,109.59
2026-02-26,Social Media,Desktop,394,348,998,0.545,208.0,12.0,8057.83,1123.71
2026-01-08,Organic Search,Tablet,228,178,583,0.438,137.0,10.0,7454.96,0.0
2026-03-17,Direct,Tablet,162,141,404,0.424,141.0,10.0,10562.87,0.0
2026-10-08,Organic Search,Mobile,667,600,1538,0.438,115.0,17.0,13063.45,0.0
2026-09-06,Social Media,Desktop,295,262,848,0.537,202.0,3.0,1684.82,1062.94
2026-02-19,Email,Desktop,287,224,730,0.331,229.0,14.0,15630.49,313.07
2026-06-05,Paid Search,Desktop,478,413,1525,0.439,181.0,16.0,12582.04,4137.78
2026-11-03,Organic Search,Mobile,612,517,1653,0.409,166.0,19.0,15195.51,0.0
2026-09-02,Email,Tablet,107,93,256,0.313,114.0,7.0,6357.68,118.22
2026-12-14,Direct,Desktop,184,151,420,0.349,208.0,10.0,9040.83,0.0
2026-11-09,Social Media,Tablet,136,118,452,0.566,161.0,3.0,1841.38,469.53
2026-06-30,Email,Desktop,280,223,795,0.24,205.0,21.0,16238.56,377.03
2026-03-09,Organic Search,Tablet,209,180,504,0.385,145.0,5.0,4252.75,0.0
2026-08-03,Referral,Mobile,195,175,611,0.446,106.0,6.0,4875.74,350.0
2026-11-24,Paid Search,Mobile,489,382,1229,0.494,111.0,7.0,6166.19,4728.28
2026-08-14,Referral,Desktop,255,202,592,0.405,180.0,9.0,7208.31,511.27
2026-11-08,Direct,Desktop,251,215,593,0.337,187.0,19.0,19926.85,0.0
2026-03-10,Referral,Desktop,170,148,383,0.325,193.0,5.0,3608.24,309.33
2026-05-08,Paid Search,Desktop,537,463,1151,0.478,202.0,11.0,11251.29,4329.75
2026-06-02,Paid Search,Mobile,665,549,2277,0.433,131.0,10.0,7481.69,4931.08
2026-01-16,Paid Search,Tablet,178,153,458,0.449,103.0,9.0,5543.55,1683.79
2026-09-12,Direct,Mobile,237,210,504,0.411,115.0,14.0,12669.65,0.0
2026-02-27,Email,Desktop,338,282,977,0.318,200.0,18.0,17570.95,352.17
2026-03-10,Paid Search,Tablet,228,201,634,0.472,136.0,8.0,6193.19,1906.81
2026-02-26,Organic Search,Desktop,567,513,1738,0.411,197.0,14.0,12199.33,0.0
2026-08-01,Direct,Desktop,323,256,754,0.345,184.0,18.0,16999.47,0.0
2026-05-21,Direct,Desktop,274,247,673,0.326,178.0,14.0,14743.74,0.0
2026-08-27,Email,Desktop,314,271,724,0.287,208.0,16.0,13356.47,416.1
2026-02-28,Direct,Tablet,68,56,233,0.368,138.0,2.0,2236.79,0.0
2026-09-28,Organic Search,Tablet,133,113,306,0.391,162.0,4.0,3997.31,0.0
2026-01-16,Email,Tablet,95,76,313,0.321,162.0,3.0,2373.93,120.97
2026-02-27,Referral,Tablet,120,95,415,0.393,136.0,6.0,4438.66,226.09
2026-03-15,Organic Search,Tablet,155,136,424,0.428,146.0,6.0,4069.32,0.0
2026-02-23,Direct,Tablet,93,78,232,0.318,172.0,4.0,3572.11,0.0
2026-05-13,Paid Search,Tablet,155,129,451,0.422,181.0,2.0,1991.24,1209.69
2026-11-26,Organic Search,Mobile,609,479,1835,0.397,88.0,20.0,15339.07,0.0
2026-04-18,Direct,Mobile,325,285,1126,0.393,90.0,8.0,7541.11,0.0
2026-09-19,Paid Search,Tablet,135,113,437,0.496,163.0,4.0,3753.36,1246.85
2026-03-12,Direct,Tablet,184,151,517,0.288,144.0,10.0,9931.42,0.0
2026-02-04,Social Media,Mobile,427,366,1158,0.542,72.0,10.0,6525.77,1421.74
2026-10-25,Social Media,Desktop,328,269,932,0.551,203.0,9.0,5663.88,1099.4
2026-04-07,Direct,Tablet,133,119,377,0.41,169.0,9.0,9264.33,0.0
2026-03-19,Paid Search,Mobile,492,433,1198,0.419,136.0,7.0,5899.32,3998.46
2026-10-24,Direct,Desktop,306,240,786,0.361,152.0,15.0,14873.82,0.0
2026-03-29,Direct,Mobile,285,239,619,0.421,132.0,10.0,9575.99,0.0
2026-04-02,Referral,Tablet,52,46,165,0.491,143.0,1.0,950.51,85.51
2026-07-18,Paid Search,Mobile,424,332,1467,0.484,147.0,10.0,8607.84,3504.85
2026-05-11,Direct,Desktop,383,347,1154,0.351,213.0,18.0,18050.79,0.0
2026-05-03,Referral,Mobile,188,165,638,0.439,168.0,3.0,1768.96,335.19
2026-12-30,Organic Search,Desktop,525,450,1224,0.345,229.0,23.0,16900.37,0.0
2026-06-26,Email,Mobile,263,230,833,0.451,145.0,8.0,7382.65,291.83
2026-06-27,Social Media,Desktop,465,410,1274,0.5,189.0,11.0,5046.86,1514.87
2026-03-14,Email,Tablet,118,102,348,0.254,145.0,6.0,4934.75,154.68
2026-02-01,Referral,Tablet,20,17,67,0.471,190.0,0.0,0.0,39.36
2026-05-12,Organic Search,Tablet,163,127,404,0.372,126.0,6.0,4781.14,0.0
2026-03-13,Organic Search,Tablet,157,138,425,0.429,184.0,3.0,2525.13,0.0
2026-10-24,Social Media,Mobile,308,275,953,0.537,85.0,7.0,4606.04,990.9
2026-10-29,Direct,Desktop,273,226,605,0.338,154.0,15.0,14580.01,0.0
2026-04-21,Direct,Mobile,365,300,868,0.406,163.0,18.0,21161.56,0.0
2026-05-27,Email,Tablet,94,84,288,0.271,123.0,3.0,2956.88,120.35
2026-01-15,Referral,Tablet,61,55,195,0.413,130.0,0.0,0.0,98.93
2026-02-04,Referral,Tablet,65,57,214,0.372,164.0,0.0,0.0,128.42
2026-10-09,Direct,Desktop,266,219,783,0.357,183.0,10.0,9329.42,0.0
2026-06-21,Paid Search,Desktop,384,332,854,0.393,207.0,4.0,2986.51,3354.3
2026-07-12,Email,Mobile,279,249,757,0.347,88.0,19.0,20876.85,300.29
2026-11-15,Organic Search,Mobile,519,420,1498,0.422,100.0,20.0,14573.5,0.0
2026-09-02,Paid Search,Mobile,567,461,1937,0.49,145.0,21.0,16859.52,5470.93
2026-08-12,Email,Desktop,284,247,868,0.272,175.0,10.0,8149.84,354.85
2026-12-12,Direct,Tablet,101,79,246,0.26,130.0,6.0,6430.84,0.0
2026-04-24,Direct,Desktop,342,267,1079,0.305,197.0,15.0,12899.52,0.0
2026-08-31,Organic Search,Desktop,645,536,2212,0.374,179.0,19.0,17022.17,0.0
2026-10-14,Organic Search,Mobile,652,512,2176,0.442,110.0,11.0,10336.61,0.0
2026-04-28,Social Media,Mobile,435,376,1437,0.649,88.0,7.0,3064.47,1184.52
2026-01-02,Email,Desktop,258,214,650,0.35,198.0,21.0,18995.54,349.06
2026-04-24,Social Media,Desktop,435,345,1083,0.514,172.0,10.0,4944.15,1438.72
2026-08-07,Paid Search,Mobile,569,487,1496,0.529,107.0,9.0,6825.69,5006.85
2026-11-26,Email,Mobile,244,221,743,0.323,115.0,13.0,10917.15,311.62
2026-06-28,Direct,Desktop,291,234,992,0.288,194.0,16.0,16030.28,0.0
2026-07-31,Referral,Mobile,144,115,454,0.459,141.0,3.0,2303.33,255.02
2026-01-08,Paid Search,Desktop,410,334,940,0.465,193.0,17.0,14126.71,3528.99
2026-09-27,Referral,Desktop,154,133,431,0.409,140.0,6.0,5466.16,306.39
2026-12-25,Paid Search,Tablet,127,110,434,0.43,131.0,3.0,2710.47,1068.41
2026-09-13,Email,Desktop,276,248,948,0.3,164.0,18.0,17370.11,288.57
2026-01-01,Direct,Mobile,306,267,835,0.382,101.0,16.0,17024.49,0.0
2026-12-08,Social Media,Desktop,293,233,905,0.519,140.0,3.0,1498.08,1041.21
2026-09-06,Direct,Desktop,207,182,719,0.316,142.0,7.0,7400.01,0.0
2026-03-26,Direct,Mobile,448,375,1534,0.271,126.0,20.0,19235.35,0.0
2026-05-12,Social Media,Mobile,526,413,1618,0.532,138.0,7.0,4137.68,1778.69
2026-09-16,Paid Search,Mobile,441,352,1198,0.497,112.0,17.0,16013.18,3939.95
2026-06-19,Email,Mobile,396,346,1077,0.345,129.0,16.0,14880.75,506.04
2026-08-11,Email,Desktop,240,198,802,0.283,165.0,7.0,6296.2,263.24
2026-05-11,Organic Search,Desktop,550,447,1922,0.386,199.0,17.0,13391.63,0.0
2026-01-21,Direct,Tablet,33,29,101,0.431,149.0,0.0,0.0,0.0
2026-11-11,Direct,Tablet,67,59,202,0.329,185.0,2.0,1840.46,0.0
2026-11-10,Organic Search,Tablet,223,178,651,0.402,181.0,8.0,7549.89,0.0
2026-02-22,Paid Search,Desktop,346,288,1118,0.411,218.0,12.0,10383.34,2782.09
2026-12-16,Social Media,Mobile,413,370,1262,0.551,110.0,5.0,2685.03,1311.5
2026-09-12,Organic Search,Mobile,657,569,1679,0.441,136.0,23.0,17920.12,0.0
2026-04-30,Paid Search,Tablet,211,184,587,0.464,181.0,10.0,7154.25,1605.32
2026-07-19,Email,Desktop,224,178,598,0.278,195.0,13.0,12144.13,252.28
2026-11-27,Referral,Tablet,128,102,272,0.419,165.0,1.0,885.72,257.19
2026-11-03,Email,Desktop,287,230,612,0.315,185.0,14.0,11717.62,354.39
2026-07-21,Paid Search,Tablet,165,148,536,0.427,145.0,5.0,3916.97,1198.08
2026-01-30,Social Media,Mobile,491,421,1089,0.583,99.0,9.0,5091.18,1525.46
2026-07-26,Social Media,Desktop,305,277,647,0.601,139.0,8.0,6454.16,1013.49
2026-03-12,Email,Desktop,222,177,697,0.372,197.0,20.0,17687.25,293.91
2026-08-26,Referral,Desktop,195,160,538,0.405,225.0,8.0,5190.24,327.86
2026-03-19,Social Media,Tablet,139,109,459,0.554,138.0,5.0,2982.2,408.58
2026-08-11,Direct,Mobile,381,304,845,0.357,111.0,22.0,21001.18,0.0
2026-09-01,Referral,Mobile,254,202,624,0.433,118.0,6.0,3555.8,393.18
2026-04-10,Referral,Desktop,182,143,523,0.402,195.0,2.0,1617.52,307.36
2026-06-15,Email,Desktop,307,255,968,0.336,172.0,15.0,13070.38,358.27
2026-03-22,Organic Search,Mobile,509,448,1366,0.429,127.0,17.0,13616.11,0.0
2026-09-30,Social Media,Desktop,404,348,1380,0.467,232.0,9.0,5923.84,1409.26
2026-12-22,Email,Tablet,74,60,194,0.263,189.0,2.0,1853.34,100.64
2026-07-31,Direct,Mobile,469,410,1046,0.391,72.0,22.0,21952.1,0.0
2026-03-12,Direct,Mobile,469,408,1071,0.404,81.0,18.0,13120.33,0.0
2026-04-06,Organic Search,Tablet,224,185,528,0.359,158.0,6.0,5048.63,0.0
2026-02-23,Organic Search,Mobile,689,610,2325,0.411,163.0,21.0,18671.76,0.0
2026-09-27,Email,Mobile,264,217,788,0.388,128.0,12.0,13448.48,340.38
2026-11-11,Paid Search,Desktop,357,289,852,0.417,194.0,8.0,7033.34,3079.71
2026-11-19,Paid Search,Desktop,416,363,1363,0.448,198.0,11.0,8446.65,3203.19
2026-12-01,Referral,Desktop,218,193,545,0.398,169.0,3.0,2444.92,417.52
2026-01-23,Social Media,Mobile,382,333,1178,0.537,154.0,6.0,4562.7,1077.64
2026-04-26,Organic Search,Mobile,622,553,2084,0.418,146.0,11.0,8714.57,0.0
2026-12-24,Email,Mobile,214,190,575,0.436,107.0,10.0,8954.26,241.4
2026-04-20,Referral,Desktop,279,225,618,0.482,162.0,10.0,8938.18,506.59
2026-01-09,Direct,Tablet,106,95,361,0.343,111.0,4.0,4526.72,0.0
2026-08-05,Organic Search,Desktop,657,565,1564,0.398,177.0,24.0,20158.76,0.0
2026-02-20,Organic Search,Tablet,321,263,751,0.512,160.0,10.0,9342.69,0.0
2026-01-20,Email,Mobile,259,212,818,0.319,112.0,12.0,11850.73,302.82
2026-09-10,Paid Search,Mobile,563,482,1931,0.495,144.0,22.0,15652.66,5348.44
2026-08-18,Social Media,Tablet,193,153,410,0.581,145.0,2.0,1324.74,526.04
2026-02-11,Referral,Mobile,241,190,635,0.445,163.0,5.0,3888.15,419.06
2026-06-15,Organic Search,Mobile,762,644,2143,0.404,137.0,26.0,24229.18,0.0
2026-12-30,Social Media,Mobile,474,412,1265,0.492,140.0,5.0,3579.96,1462.2
2026-06-12,Paid Search,Mobile,598,487,1683,0.505,116.0,7.0,6200.09,4816.77
2026-01-18,Paid Search,Tablet,93,75,216,0.493,166.0,3.0,2231.69,707.73
2026-09-16,Organic Search,Desktop,568,449,1267,0.307,190.0,27.0,25671.77,0.0
2026-02-06,Direct,Mobile,325,292,953,0.368,176.0,15.0,14341.97,0.0
2026-04-21,Email,Desktop,340,295,939,0.359,230.0,20.0,18500.71,365.4
2026-07-23,Email,Tablet,61,49,155,0.264,151.0,3.0,2743.2,84.1
2026-01-18,Organic Search,Desktop,442,355,1159,0.357,184.0,12.0,8373.36,0.0
2026-05-10,Direct,Mobile,346,314,1009,0.358,124.0,11.0,12251.81,0.0
2026-05-11,Referral,Mobile,251,213,794,0.448,127.0,6.0,4148.37,510.58
2026-07-25,Direct,Desktop,228,193,667,0.345,174.0,8.0,7620.64,0.0
2026-07-31,Social Media,Desktop,372,335,835,0.571,222.0,11.0,6067.74,1280.1
2026-04-18,Organic Search,Mobile,526,455,1309,0.363,104.0,8.0,6108.49,0.0
2026-07-10,Social Media,Mobile,509,461,1327,0.621,147.0,6.0,3504.05,1843.03
2026-02-11,Email,Tablet,87,78,188,0.317,163.0,6.0,5373.53,108.34
2026-07-22,Organic Search,Tablet,187,150,495,0.358,168.0,9.0,7922.74,0.0
2026-09-22,Referral,Mobile,309,272,728,0.461,119.0,10.0,7303.81,570.31
2026-03-12,Social Media,Desktop,334,303,1126,0.556,155.0,5.0,3127.88,1040.18
2026-11-16,Paid Search,Tablet,150,132,341,0.394,104.0,6.0,4632.68,1097.35
2026-11-19,Organic Search,Mobile,634,522,1374,0.498,141.0,26.0,18974.51,0.0
2026-07-19,Direct,Mobile,360,324,1168,0.385,171.0,17.0,17343.17,0.0
2026-04-29,Email,Mobile,398,344,905,0.32,110.0,18.0,12919.39,410.01
2026-08-17,Paid Search,Tablet,260,233,859,0.417,164.0,5.0,3588.91,2529.72
2026-01-29,Email,Mobile,184,143,490,0.344,160.0,14.0,11725.53,253.63
2026-11-22,Referral,Mobile,136,120,392,0.479,97.0,4.0,3018.26,236.84
2026-01-23,Direct,Mobile,343,286,1060,0.356,91.0,17.0,16975.92,0.0
2026-09-29,Direct,Desktop,287,254,916,0.314,209.0,14.0,13902.87,0.0
2026-12-30,Direct,Mobile,280,250,824,0.313,85.0,13.0,12362.63,0.0
2026-12-27,Referral,Tablet,62,53,153,0.347,174.0,2.0,1278.6,125.12
2026-11-12,Direct,Mobile,314,253,908,0.412,142.0,10.0,9693.59,0.0
2026-01-12,Email,Desktop,282,252,800,0.251,197.0,18.0,15730.45,299.6
2026-01-26,Social Media,Tablet,83,73,259,0.549,179.0,1.0,637.27,266.79
2026-04-25,Organic Search,Tablet,168,145,354,0.439,142.0,5.0,5623.19,0.0
2026-05-16,Organic Search,Desktop,625,524,1495,0.409,204.0,19.0,13938.41,0.0
2026-01-14,Referral,Mobile,249,208,660,0.418,125.0,6.0,4088.41,383.91
2026-12-11,Referral,Mobile,140,112,371,0.418,90.0,4.0,2782.71,284.46
2026-03-03,Email,Desktop,240,202,611,0.296,167.0,17.0,15717.45,316.29
2026-10-23,Email,Desktop,127,111,425,0.364,171.0,4.0,3211.43,168.57
2026-04-06,Paid Search,Desktop,456,404,1242,0.412,174.0,10.0,6716.02,4256.62
2026-08-06,Paid Search,Tablet,131,114,287,0.4,192.0,3.0,1881.12,1019.69
2026-02-09,Direct,Mobile,253,222,752,0.397,134.0,11.0,10489.22,0.0
2026-01-31,Direct,Desktop,167,144,476,0.421,206.0,13.0,10772.11,0.0
2026-03-21,Referral,Tablet,20,17,47,0.37,187.0,0.0,0.0,35.16
2026-05-07,Organic Search,Tablet,278,217,794,0.345,129.0,13.0,11526.9,0.0
2026-06-24,Direct,Desktop,346,285,797,0.345,189.0,14.0,15001.39,0.0
2026-12-15,Email,Mobile,356,310,893,0.373,102.0,24.0,17768.04,405.79
2026-04-17,Referral,Tablet,20,15,64,0.4,117.0,0.0,0.0,39.21
2026-02-05,Paid Search,Mobile,474,383,1554,0.432,147.0,10.0,8993.53,3824.95
2026-01-18,Email,Mobile,274,214,812,0.387,163.0,13.0,13136.84,318.55
2026-12-09,Direct,Desktop,224,175,757,0.303,173.0,7.0,7336.61,0.0
2026-01-24,Direct,Mobile,271,239,804,0.37,98.0,16.0,14406.91,0.0
2026-09-28,Paid Search,Desktop,463,408,1574,0.444,182.0,15.0,9265.69,3653.15
2026-01-06,Referral,Desktop,68,60,178,0.395,215.0,3.0,2398.78,124.97
2026-06-18,Referral,Tablet,20,17,60,0.334,184.0,0.0,0.0,31.68
2026-08-24,Social Media,Tablet,109,90,328,0.542,136.0,0.0,0.0,358.18
2026-05-01,Email,Desktop,291,251,649,0.29,185.0,17.0,18183.32,335.74
2026-04-05,Referral,Tablet,61,47,147,0.371,141.0,3.0,2498.02,119.32
2026-01-05,Referral,Tablet,20,15,54,0.392,177.0,0.0,0.0,34.75
2026-05-05,Email,Desktop,263,226,735,0.326,211.0,18.0,17343.27,344.64
2026-06-26,Social Media,Desktop,447,406,1236,0.474,168.0,12.0,8049.61,1262.03
2026-12-12,Organic Search,Desktop,397,354,937,0.391,169.0,12.0,12249.61,0.0
2026-04-19,Paid Search,Tablet,193,171,424,0.518,136.0,5.0,3842.74,1683.23
2026-08-13,Direct,Desktop,288,251,665,0.359,170.0,10.0,10169.66,0.0
2026-06-08,Paid Search,Mobile,656,553,1604,0.442,151.0,22.0,18953.05,5384.28
2026-01-01,Organic Search,Mobile,605,507,1584,0.451,126.0,22.0,19728.52,0.0
2026-08-29,Referral,Tablet,118,95,319,0.395,164.0,4.0,2756.23,220.88
2026-02-21,Referral,Tablet,50,40,160,0.369,150.0,0.0,0.0,93.19
2026-11-24,Email,Tablet,65,51,220,0.291,187.0,1.0,892.32,79.52
2026-06-01,Organic Search,Tablet,200,168,666,0.354,123.0,7.0,7005.53,0.0
2026-02-02,Referral,Desktop,171,154,434,0.432,161.0,5.0,4607.06,331.62
2026-10-01,Paid Search,Mobile,492,447,1040,0.478,164.0,7.0,5564.97,4536.65
2026-06-13,Organic Search,Tablet,137,123,375,0.422,96.0,5.0,3942.04,0.0
2026-05-17,Organic Search,Desktop,645,543,1703,0.496,187.0,16.0,12102.06,0.0
2026-03-29,Email,Mobile,217,178,732,0.348,102.0,7.0,5885.94,283.67
2026-11-01,Paid Search,Tablet,87,68,239,0.414,160.0,3.0,2182.17,635.89
2026-01-12,Referral,Desktop,124,102,410,0.41,181.0,7.0,4945.63,239.92
2026-02-13,Paid Search,Mobile,579,477,1790,0.466,99.0,22.0,18010.51,5204.77
2026-07-14,Paid Search,Mobile,599,539,1793,0.501,120.0,18.0,12958.62,5032.98
2026-10-13,Direct,Tablet,108,88,276,0.354,128.0,3.0,3063.61,0.0
2026-04-24,Email,Desktop,334,299,838,0.299,200.0,24.0,21020.47,353.71
2026-11-27,Email,Tablet,47,42,157,0.378,173.0,2.0,1705.89,64.82
2026-03-29,Organic Search,Mobile,606,480,1828,0.492,107.0,27.0,24879.5,0.0
2026-01-10,Paid Search,Desktop,241,213,668,0.43,122.0,8.0,7306.32,1968.6
2026-09-19,Paid Search,Mobile,336,269,1143,0.502,189.0,12.0,8042.44,3091.58
2026-07-18,Organic Search,Tablet,317,283,799,0.443,212.0,7.0,6827.12,0.0
2026-10-06,Direct,Tablet,76,62,190,0.348,137.0,2.0,1774.81,0.0
2026-12-14,Organic Search,Mobile,650,550,1365,0.368,111.0,16.0,12039.46,0.0
2026-04-22,Referral,Desktop,209,170,628,0.372,201.0,3.0,2131.31,345.04
2026-01-16,Paid Search,Desktop,470,396,1593,0.49,255.0,20.0,14323.25,3772.94
2026-08-03,Social Media,Tablet,101,84,333,0.522,155.0,1.0,700.01,299.72
2026-08-20,Email,Desktop,295,230,781,0.331,142.0,16.0,12791.67,389.62
2026-10-18,Direct,Mobile,242,217,535,0.43,69.0,12.0,12303.3,0.0
2026-07-30,Social Media,Tablet,180,149,491,0.526,123.0,8.0,5659.49,497.94
2026-01-22,Referral,Mobile,205,180,695,0.411,134.0,8.0,5544.25,314.05
2026-02-02,Social Media,Mobile,402,345,1074,0.533,111.0,5.0,1843.83,1444.36
2026-12-31,Organic Search,Mobile,592,472,1995,0.414,150.0,19.0,13474.57,0.0
2026-12-05,Paid Search,Mobile,436,344,1109,0.498,85.0,7.0,4905.01,3709.09
2026-12-16,Organic Search,Tablet,191,149,526,0.399,155.0,8.0,7424.4,0.0
2026-01-29,Referral,Mobile,226,192,533,0.414,143.0,10.0,7956.71,367.96
2026-04-08,Referral,Tablet,80,70,266,0.353,162.0,3.0,2577.05,129.92
2026-04-15,Paid Search,Desktop,484,430,1054,0.447,191.0,8.0,5806.07,3773.8
2026-08-09,Paid Search,Tablet,168,148,500,0.421,122.0,4.0,2944.59,1635.23
2026-07-05,Direct,Tablet,68,54,210,0.302,129.0,2.0,1836.35,0.0
2026-05-06,Paid Search,Desktop,492,406,1052,0.475,168.0,14.0,8243.66,3778.92
2026-06-29,Organic Search,Tablet,373,330,1233,0.412,159.0,12.0,9480.82,0.0
2026-01-30,Paid Search,Mobile,501,443,1533,0.476,137.0,16.0,13611.29,4586.75
2026-06-13,Direct,Desktop,308,249,665,0.388,145.0,13.0,12391.58,0.0
2026-09-06,Email,Desktop,175,153,380,0.379,182.0,8.0,7567.83,235.78
2026-08-05,Email,Tablet,74,58,182,0.326,198.0,2.0,2295.57,91.97
2026-02-08,Social Media,Tablet,117,100,315,0.545,172.0,3.0,2151.18,391.44
2026-12-11,Referral,Tablet,71,64,152,0.356,95.0,2.0,1419.49,131.28
2026-09-04,Referral,Mobile,224,193,712,0.441,121.0,10.0,10096.03,343.21
2026-07-21,Referral,Desktop,222,190,752,0.339,153.0,6.0,4542.53,392.13
2026-02-28,Social Media,Desktop,234,211,773,0.545,172.0,4.0,2082.29,724.99
2026-02-02,Direct,Tablet,165,149,547,0.319,85.0,8.0,8286.57,0.0
2026-01-29,Referral,Desktop,159,127,347,0.374,198.0,5.0,3495.62,281.85
2026-07-07,Direct,Tablet,82,69,280,0.3,144.0,4.0,3561.64,0.0
2026-07-24,Paid Search,Mobile,622,524,1878,0.43,134.0,13.0,8348.13,5933.0
2026-10-28,Social Media,Desktop,204,180,547,0.553,185.0,6.0,3569.68,629.12
2026-03-31,Paid Search,Tablet,140,123,388,0.425,175.0,4.0,3125.23,1154.2
2026-07-20,Email,Mobile,309,268,970,0.402,125.0,15.0,14730.29,380.35
2026-12-15,Social Media,Mobile,442,378,1151,0.523,134.0,8.0,5429.02,1316.77
2026-04-11,Email,Desktop,228,196,708,0.326,215.0,9.0,7562.64,256.02
2026-02-13,Referral,Tablet,69,57,164,0.4,122.0,1.0,703.69,130.51
2026-02-14,Organic Search,Desktop,444,350,946,0.334,195.0,15.0,12631.19,0.0
2026-10-27,Direct,Tablet,147,120,309,0.379,120.0,4.0,4757.3,0.0
2026-04-14,Organic Search,Mobile,738,604,2391,0.413,105.0,28.0,23467.47,0.0
2026-04-21,Organic Search,Desktop,572,505,2001,0.381,169.0,24.0,17225.47,0.0
2026-06-29,Email,Tablet,72,56,163,0.354,138.0,3.0,3376.5,76.23
2026-07-19,Referral,Mobile,205,180,476,0.389,131.0,9.0,7399.62,393.82
2026-02-21,Referral,Desktop,123,110,264,0.403,174.0,7.0,5206.86,251.28
2026-08-09,Paid Search,Desktop,366,330,858,0.445,215.0,5.0,3611.86,2896.26
2026-09-28,Direct,Desktop,298,245,666,0.344,194.0,13.0,12120.6,0.0
2026-12-05,Direct,Tablet,129,110,439,0.374,162.0,8.0,8069.86,0.0
2026-08-21,Paid Search,Desktop,500,422,1338,0.405,220.0,13.0,9384.25,3718.45
2026-08-12,Direct,Desktop,304,239,1009,0.42,198.0,8.0,7611.63,0.0
2026-08-17,Direct,Desktop,313,252,998,0.395,158.0,14.0,12920.2,0.0
2026-02-24,Referral,Mobile,68,61,211,0.459,159.0,0.0,0.0,132.09
2026-12-24,Paid Search,Tablet,182,151,574,0.423,161.0,8.0,6067.77,1523.25
2026-07-11,Referral,Desktop,157,132,348,0.399,236.0,4.0,2847.94,294.97
2026-11-29,Referral,Tablet,20,16,57,0.341,131.0,1.0,850.4,35.43
2026-07-29,Referral,Mobile,107,92,226,0.501,144.0,1.0,509.86,204.87
2026-11-02,Referral,Desktop,137,107,317,0.428,157.0,5.0,3569.4,254.01
2026-06-21,Referral,Desktop,188,148,559,0.376,235.0,3.0,2374.08,382.01
2026-06-25,Paid Search,Tablet,295,247,902,0.463,188.0,7.0,5532.35,2875.93
2026-06-27,Referral,Desktop,190,154,489,0.409,156.0,7.0,5002.39,322.32
2026-10-21,Referral,Tablet,89,73,232,0.436,143.0,4.0,3043.84,148.29
2026-03-03,Organic Search,Desktop,681,566,1544,0.358,175.0,21.0,15860.78,0.0
2026-12-22,Organic Search,Desktop,558,472,1231,0.4,229.0,20.0,13654.22,0.0
2026-06-08,Organic Search,Desktop,621,558,1496,0.398,160.0,24.0,21693.74,0.0
2026-02-19,Paid Search,Mobile,491,399,1254,0.456,114.0,13.0,10467.45,4240.94
2026-12-27,Paid Search,Mobile,349,288,1207,0.499,164.0,12.0,10956.78,2671.14
2026-10-11,Social Media,Desktop,258,229,777,0.487,169.0,5.0,3301.23,924.62
2026-01-29,Email,Tablet,68,60,195,0.354,171.0,4.0,3531.75,87.13
2026-12-03,Email,Mobile,272,222,588,0.405,151.0,14.0,13174.16,279.15
2026-09-26,Email,Desktop,184,152,568,0.243,196.0,6.0,6451.33,205.51
2026-03-22,Direct,Mobile,242,199,609,0.43,137.0,9.0,9156.44,0.0
2026-07-17,Social Media,Mobile,430,377,1244,0.544,89.0,4.0,3081.52,1487.02
2026-07-20,Email,Desktop,315,270,753,0.287,189.0,15.0,12035.52,353.52
2026-09-17,Paid Search,Desktop,358,316,1037,0.352,186.0,13.0,7871.7,2893.31
2026-05-20,Paid Search,Mobile,546,438,1231,0.451,99.0,14.0,9807.42,4025.03
2026-06-16,Social Media,Desktop,412,351,867,0.525,202.0,10.0,7373.86,1452.4
2026-08-11,Paid Search,Desktop,485,397,1123,0.455,173.0,13.0,11336.3,4048.59
2026-12-12,Referral,Mobile,64,50,187,0.411,127.0,0.0,0.0,114.33
2026-02-20,Social Media,Desktop,363,299,1004,0.514,182.0,3.0,1803.48,1319.44
2026-01-02,Email,Mobile,263,224,785,0.307,127.0,12.0,14060.97,324.69
2026-05-20,Paid Search,Tablet,195,160,637,0.467,161.0,5.0,4183.29,1722.13
2026-05-15,Referral,Mobile,219,179,591,0.442,133.0,4.0,3588.7,442.51
2026-02-12,Social Media,Desktop,321,268,1119,0.534,225.0,5.0,3444.9,884.43
2026-07-28,Paid Search,Desktop,504,416,1073,0.464,182.0,11.0,7033.29,4037.37
2026-09-25,Paid Search,Tablet,135,109,305,0.413,174.0,4.0,3401.6,1022.31
2026-01-16,Direct,Tablet,57,50,157,0.255,175.0,2.0,2026.4,0.0
2026-02-08,Organic Search,Tablet,136,108,462,0.471,112.0,2.0,1482.69,0.0
2026-12-04,Organic Search,Tablet,221,184,477,0.355,161.0,4.0,2889.37,0.0
2026-05-11,Direct,Mobile,378,330,1030,0.373,103.0,15.0,15505.66,0.0
2026-12-26,Social Media,Desktop,336,276,1099,0.498,181.0,7.0,5221.42,933.06
2026-11-10,Organic Search,Mobile,629,520,1663,0.408,117.0,17.0,14930.97,0.0
2026-01-02,Paid Search,Desktop,447,365,1261,0.438,168.0,10.0,7445.02,3725.52
2026-06-02,Referral,Mobile,199,178,622,0.445,141.0,3.0,2373.11,323.13
2026-02-19,Paid Search,Desktop,371,333,947,0.432,165.0,13.0,8183.33,2744.14
2026-02-20,Referral,Tablet,56,43,151,0.467,132.0,0.0,0.0,112.29
2026-02-27,Direct,Tablet,138,124,404,0.354,161.0,8.0,8038.41,0.0
2026-10-16,Referral,Tablet,38,34,104,0.437,129.0,2.0,1923.28,73.86
2026-03-12,Paid Search,Tablet,234,192,594,0.471,171.0,6.0,4980.24,2245.97
2026-09-12,Social Media,Mobile,416,325,1448,0.586,149.0,7.0,4499.12,1204.09
2026-11-12,Social Media,Mobile,394,340,982,0.537,149.0,9.0,6230.48,1304.88
2026-01-16,Social Media,Mobile,395,318,974,0.561,119.0,5.0,2980.23,1367.09
2026-04-26,Direct,Tablet,30,24,87,0.32,145.0,3.0,3112.18,0.0
2026-03-11,Paid Search,Desktop,447,361,1021,0.454,177.0,17.0,14388.0,4175.05
2026-05-13,Social Media,Desktop,448,349,955,0.509,206.0,9.0,5334.35,1416.21
2026-02-01,Direct,Mobile,311,255,738,0.384,126.0,11.0,9473.94,0.0
2026-03-21,Direct,Mobile,308,249,982,0.354,116.0,10.0,9588.56,0.0
2026-08-05,Direct,Tablet,66,56,149,0.424,171.0,3.0,2920.64,0.0
2026-03-11,Paid Search,Tablet,191,173,438,0.361,181.0,7.0,4687.68,1772.84
2026-09-18,Organic Search,Mobile,702,554,2375,0.436,118.0,25.0,17358.46,0.0
2026-07-15,Referral,Mobile,153,121,448,0.456,128.0,4.0,3421.56,286.94
2026-05-20,Direct,Desktop,338,274,1116,0.362,223.0,23.0,28268.01,0.0
2026-02-25,Referral,Tablet,89,72,214,0.403,161.0,3.0,2477.62,145.9
2026-09-23,Organic Search,Desktop,544,469,1830,0.402,174.0,13.0,10567.27,0.0
2026-09-10,Social Media,Mobile,380,296,1193,0.556,137.0,4.0,2374.46,1064.07
2026-10-02,Paid Search,Mobile,443,384,1270,0.521,108.0,16.0,12448.67,4022.92
2026-11-12,Direct,Desktop,342,282,1035,0.316,188.0,17.0,20084.51,0.0
2026-04-25,Direct,Desktop,210,181,550,0.333,158.0,9.0,9188.74,0.0
2026-12-05,Social Media,Tablet,62,50,188,0.489,115.0,0.0,0.0,177.63
2026-04-04,Referral,Mobile,92,75,262,0.43,94.0,1.0,735.36,176.64
2026-11-11,Email,Desktop,231,188,544,0.245,125.0,10.0,7531.39,308.14
2026-04-21,Paid Search,Tablet,199,176,496,0.408,159.0,5.0,3334.49,1600.29
2026-01-17,Social Media,Desktop,234,189,540,0.519,172.0,6.0,5560.46,646.56
2026-03-27,Referral,Tablet,20,16,51,0.363,131.0,0.0,0.0,40.74
2026-04-22,Direct,Tablet,81,70,246,0.305,145.0,1.0,980.64,0.0
2026-02-02,Direct,Desktop,248,200,767,0.332,188.0,4.0,3572.96,0.0
2026-07-04,Referral,Tablet,98,82,227,0.423,173.0,7.0,6251.17,180.27
2026-05-14,Email,Desktop,259,220,591,0.281,188.0,12.0,12153.41,356.71
2026-04-29,Paid Search,Tablet,180,160,565,0.431,177.0,6.0,4667.41,1442.69
2026-08-11,Organic Search,Tablet,330,282,1070,0.388,144.0,7.0,4513.7,0.0
2026-11-16,Organic Search,Desktop,573,496,1983,0.316,196.0,23.0,22856.32,0.0
2026-07-27,Referral,Desktop,160,144,356,0.385,188.0,4.0,3591.15,328.63
2026-07-14,Referral,Mobile,224,191,691,0.435,108.0,3.0,2085.23,433.17
2026-06-01,Organic Search,Mobile,736,620,1895,0.47,116.0,24.0,22983.49,0.0
2026-09-09,Paid Search,Desktop,516,402,1405,0.422,193.0,15.0,11379.68,4840.86
2026-11-29,Organic Search,Desktop,399,336,1142,0.383,200.0,17.0,17084.99,0.0
2026-11-29,Social Media,Mobile,325,275,896,0.535,141.0,6.0,3129.67,1073.07
2026-01-31,Referral,Mobile,119,95,375,0.491,111.0,3.0,2263.36,189.91
2026-09-24,Social Media,Mobile,394,347,1236,0.534,100.0,9.0,4716.07,1208.56
2026-05-18,Paid Search,Desktop,541,445,1270,0.449,165.0,16.0,12870.14,4513.04
2026-07-27,Direct,Desktop,290,229,821,0.39,124.0,20.0,22185.35,0.0
2026-08-27,Organic Search,Tablet,227,191,755,0.398,153.0,4.0,4105.18,0.0
2026-11-07,Direct,Mobile,261,228,749,0.384,159.0,11.0,10812.7,0.0
2026-04-06,Social Media,Desktop,391,333,1363,0.511,170.0,5.0,3435.02,1398.56
2026-05-25,Direct,Desktop,274,242,604,0.361,140.0,8.0,7701.54,0.0
2026-10-28,Direct,Desktop,256,232,804,0.327,200.0,12.0,12170.28,0.0
2026-04-05,Direct,Desktop,280,241,760,0.327,188.0,13.0,10840.66,0.0
2026-04-29,Referral,Desktop,206,174,689,0.431,213.0,5.0,4836.27,317.36
2026-06-29,Referral,Tablet,54,48,147,0.408,175.0,0.0,0.0,92.93
2026-05-13,Social Media,Mobile,475,388,1155,0.635,111.0,8.0,5519.08,1354.28
2026-08-28,Email,Desktop,251,196,811,0.333,191.0,11.0,10223.03,317.33
2026-03-13,Social Media,Mobile,387,334,957,0.562,116.0,4.0,2576.15,1167.69
2026-11-11,Referral,Mobile,200,175,650,0.432,124.0,4.0,2637.16,337.39
2026-11-22,Direct,Desktop,215,178,689,0.272,186.0,11.0,10579.09,0.0
2026-08-07,Social Media,Desktop,442,371,1314,0.461,197.0,10.0,5759.4,1441.85
2026-10-03,Email,Mobile,138,119,375,0.405,145.0,10.0,10117.43,172.44
2026-03-30,Social Media,Mobile,391,306,1245,0.623,118.0,9.0,6640.34,1307.63
2026-11-19,Direct,Mobile,418,341,1257,0.381,119.0,12.0,11573.92,0.0
2026-05-01,Organic Search,Tablet,287,240,989,0.322,177.0,8.0,6909.8,0.0
2026-05-14,Organic Search,Tablet,230,193,580,0.401,158.0,4.0,2539.52,0.0
2026-01-18,Email,Tablet,45,35,135,0.342,153.0,2.0,1842.2,59.29
2026-11-24,Paid Search,Desktop,464,378,1328,0.437,169.0,14.0,11749.81,3822.43
2026-06-22,Referral,Desktop,173,153,582,0.405,161.0,2.0,1575.33,308.23
2026-10-19,Organic Search,Mobile,573,467,1474,0.42,143.0,20.0,17839.26,0.0
2026-08-13,Paid Search,Mobile,548,490,1733,0.491,136.0,21.0,20474.43,5320.03
2026-02-14,Paid Search,Desktop,410,356,1297,0.406,171.0,12.0,9604.15,3659.91
2026-06-17,Direct,Tablet,120,96,322,0.327,164.0,5.0,5061.31,0.0
2026-04-06,Organic Search,Mobile,755,600,2390,0.472,124.0,19.0,15283.19,0.0
2026-07-08,Paid Search,Desktop,440,353,1412,0.453,200.0,23.0,16471.32,3269.34
2026-01-03,Organic Search,Desktop,471,422,1635,0.361,191.0,18.0,14774.09,0.0
2026-09-10,Direct,Mobile,287,249,744,0.398,109.0,13.0,14783.54,0.0
2026-02-20,Direct,Mobile,346,284,976,0.359,127.0,20.0,20678.88,0.0
2026-08-09,Direct,Desktop,203,181,695,0.356,106.0,9.0,9460.79,0.0
2026-08-18,Email,Tablet,106,87,364,0.329,110.0,3.0,2642.24,131.6
2026-02-24,Organic Search,Tablet,196,162,591,0.45,120.0,11.0,8354.64,0.0
2026-02-24,Email,Tablet,45,35,97,0.307,158.0,2.0,1802.05,58.53
2026-10-25,Email,Tablet,100,79,234,0.252,117.0,4.0,3501.59,129.08
2026-03-20,Direct,Tablet,131,104,432,0.338,123.0,6.0,6933.4,0.0
2026-03-28,Direct,Desktop,306,267,975,0.357,198.0,19.0,16050.89,0.0
2026-08-18,Direct,Mobile,397,337,1369,0.357,107.0,18.0,17069.81,0.0
2026-10-18,Social Media,Tablet,85,72,197,0.54,128.0,2.0,1426.78,280.19
2026-08-25,Referral,Tablet,85,75,254,0.454,144.0,0.0,0.0,159.59
2026-03-17,Paid Search,Tablet,215,179,617,0.446,163.0,5.0,3485.96,1706.45
2026-12-13,Organic Search,Mobile,482,432,1192,0.345,165.0,17.0,11319.63,0.0
2026-02-24,Referral,Desktop,183,149,390,0.419,161.0,5.0,4157.46,363.01
2026-05-30,Organic Search,Desktop,535,430,1304,0.326,105.0,15.0,12023.96,0.0
2026-04-02,Organic Search,Tablet,196,172,494,0.318,155.0,4.0,3742.19,0.0
2026-03-13,Direct,Desktop,278,226,768,0.344,180.0,9.0,7348.65,0.0
2026-07-24,Email,Desktop,321,281,725,0.325,203.0,13.0,12663.51,399.2
2026-03-18,Direct,Desktop,334,291,1077,0.395,154.0,15.0,16531.12,0.0
2026-04-18,Social Media,Mobile,377,332,1110,0.543,95.0,8.0,6706.85,1140.77
2026-09-17,Direct,Mobile,380,334,844,0.338,157.0,15.0,14149.88,0.0
2026-11-03,Direct,Mobile,366,318,782,0.457,140.0,14.0,12010.39,0.0
2026-06-25,Email,Mobile,338,273,998,0.305,126.0,17.0,16635.06,430.62
2026-04-23,Direct,Tablet,215,168,679,0.314,172.0,13.0,14069.52,0.0
2026-02-19,Email,Mobile,214,183,683,0.41,125.0,10.0,8511.52,262.12
2026-09-28,Referral,Mobile,154,122,432,0.446,124.0,5.0,3818.05,279.52
2026-08-15,Organic Search,Mobile,539,459,1304,0.484,105.0,24.0,23503.16,0.0
2026-08-25,Social Media,Mobile,517,468,1637,0.54,133.0,8.0,5385.85,1660.85
2026-01-01,Organic Search,Tablet,209,164,681,0.378,145.0,6.0,5833.52,0.0
2026-04-28,Paid Search,Desktop,507,406,1770,0.506,197.0,13.0,9823.15,4371.28
2026-02-17,Paid Search,Desktop,391,353,1054,0.45,137.0,13.0,12240.83,3145.8
2026-06-02,Organic Search,Mobile,730,593,2355,0.43,133.0,24.0,23552.38,0.0
2026-05-18,Organic Search,Desktop,541,488,1190,0.33,200.0,23.0,17739.66,0.0
2026-04-17,Social Media,Desktop,414,338,1259,0.461,181.0,7.0,5004.34,1361.94
2026-03-30,Direct,Desktop,293,239,995,0.336,207.0,13.0,14849.55,0.0
2026-04-17,Paid Search,Tablet,211,167,622,0.49,158.0,7.0,6036.47,2006.28
2026-12-10,Direct,Desktop,270,217,847,0.348,189.0,19.0,19538.1,0.0
2026-06-02,Organic Search,Desktop,591,470,1867,0.349,195.0,26.0,24418.7,0.0
2026-02-10,Social Media,Desktop,372,328,1281,0.46,166.0,5.0,3444.07,1312.81
2026-01-03,Referral,Tablet,54,47,176,0.397,183.0,2.0,1352.52,87.15
2026-04-10,Direct,Tablet,193,159,671,0.321,144.0,10.0,11056.16,0.0
2026-08-02,Email,Tablet,27,23,94,0.335,145.0,0.0,0.0,31.69
2026-05-22,Referral,Desktop,160,131,437,0.466,198.0,7.0,7134.36,328.14
2026-06-05,Email,Mobile,299,262,654,0.315,119.0,17.0,14182.03,364.12
2026-02-22,Organic Search,Desktop,425,352,1431,0.304,170.0,16.0,13985.47,0.0
2026-10-28,Email,Mobile,252,213,644,0.417,132.0,13.0,12052.94,291.38
2026-02-15,Direct,Tablet,38,31,129,0.359,176.0,1.0,1087.19,0.0
2026-08-29,Organic Search,Mobile,640,549,1552,0.377,127.0,20.0,15288.37,0.0
2026-07-08,Referral,Tablet,90,75,289,0.463,156.0,3.0,2437.92,159.98
2026-03-19,Paid Search,Desktop,462,399,1501,0.4,230.0,14.0,11056.29,3960.84
2026-07-18,Organic Search,Desktop,501,409,1528,0.366,214.0,17.0,15297.25,0.0
2026-02-19,Organic Search,Tablet,195,164,558,0.423,142.0,5.0,4288.05,0.0
2026-09-28,Social Media,Mobile,338,302,1063,0.549,188.0,5.0,2926.55,1056.68
2026-04-14,Direct,Tablet,94,79,206,0.313,118.0,3.0,2974.81,0.0
2026-01-01,Email,Mobile,301,250,975,0.324,115.0,10.0,8004.16,357.07
2026-07-09,Direct,Mobile,434,385,969,0.417,104.0,10.0,10889.72,0.0
2026-03-23,Paid Search,Tablet,197,169,418,0.448,168.0,6.0,5010.01,1650.85
2026-02-14,Direct,Tablet,95,83,318,0.279,167.0,4.0,3896.98,0.0
2026-11-21,Social Media,Tablet,96,82,237,0.543,142.0,1.0,751.13,323.12
2026-10-14,Social Media,Desktop,365,308,1188,0.519,189.0,11.0,5864.57,1032.81
2026-08-15,Organic Search,Desktop,600,495,1926,0.396,141.0,23.0,12585.98,0.0
2026-04-28,Organic Search,Tablet,313,249,1011,0.332,149.0,8.0,7074.06,0.0
2026-12-14,Referral,Desktop,139,121,438,0.382,164.0,2.0,1416.71,225.06
2026-12-28,Referral,Tablet,56,46,148,0.369,160.0,0.0,0.0,100.24
2026-05-05,Organic Search,Tablet,209,189,486,0.431,157.0,6.0,4234.58,0.0
2026-02-23,Email,Desktop,294,259,757,0.34,178.0,12.0,11435.18,374.12
2026-09-07,Direct,Desktop,316,269,764,0.346,207.0,19.0,17702.16,0.0
2026-05-27,Paid Search,Mobile,571,450,1526,0.457,99.0,15.0,10604.41,5337.19
2026-02-09,Organic Search,Tablet,243,218,795,0.405,178.0,10.0,8905.24,0.0
2026-01-24,Referral,Tablet,20,17,52,0.438,153.0,0.0,0.0,37.56
2026-09-01,Direct,Tablet,115,98,337,0.311,135.0,8.0,9741.6,0.0
2026-01-09,Organic Search,Mobile,586,514,1328,0.439,115.0,13.0,12389.25,0.0
2026-04-23,Referral,Tablet,20,16,44,0.336,171.0,1.0,774.03,34.25
2026-11-02,Referral,Mobile,91,80,211,0.468,124.0,6.0,4944.8,169.51
2026-03-06,Direct,Mobile,295,247,938,0.37,114.0,13.0,13010.94,0.0
2026-07-14,Social Media,Tablet,203,160,525,0.541,123.0,4.0,2706.18,676.57
2026-04-24,Referral,Mobile,220,191,552,0.456,127.0,4.0,2813.2,357.74
2026-07-28,Referral,Mobile,266,231,623,0.468,138.0,3.0,1914.43,515.54
2026-05-26,Direct,Tablet,135,111,377,0.358,165.0,2.0,1720.83,0.0
2026-09-07,Organic Search,Tablet,229,183,628,0.315,161.0,6.0,5917.77,0.0
2026-09-04,Social Media,Mobile,395,330,1049,0.59,112.0,4.0,2841.92,1318.78
2026-10-18,Paid Search,Desktop,344,272,792,0.502,202.0,10.0,8180.51,3184.45
2026-10-10,Social Media,Desktop,305,240,1001,0.55,219.0,5.0,2998.6,1021.38
2026-08-31,Paid Search,Tablet,117,91,384,0.409,160.0,3.0,2377.33,869.25
2026-05-15,Direct,Desktop,410,337,1047,0.357,183.0,17.0,19112.32,0.0
2026-03-12,Organic Search,Tablet,173,134,377,0.417,169.0,7.0,6456.8,0.0
2026-04-09,Social Media,Mobile,406,323,1096,0.585,157.0,6.0,3293.91,1222.08
2026-07-15,Organic Search,Mobile,701,563,2357,0.399,136.0,20.0,14187.94,0.0
2026-01-16,Organic Search,Mobile,573,507,1257,0.425,123.0,18.0,13775.86,0.0
2026-09-24,Paid Search,Mobile,481,377,1344,0.527,126.0,10.0,7148.46,3747.67
2026-12-30,Email,Mobile,269,217,578,0.387,159.0,6.0,6040.28,354.83
2026-01-14,Email,Mobile,200,168,683,0.402,91.0,13.0,11916.72,265.32
2026-12-20,Referral,Tablet,32,27,94,0.361,115.0,0.0,0.0,65.14
2026-09-12,Organic Search,Desktop,486,433,1526,0.468,145.0,9.0,6098.31,0.0
2026-04-23,Referral,Mobile,166,143,453,0.505,124.0,3.0,2362.09,319.32
2026-12-03,Organic Search,Tablet,166,140,551,0.367,139.0,13.0,9757.46,0.0
2026-10-15,Referral,Desktop,250,201,838,0.361,212.0,13.0,8386.73,513.2
2026-02-15,Paid Search,Desktop,411,334,916,0.448,179.0,8.0,6592.5,3137.02
2026-07-31,Direct,Desktop,260,230,819,0.332,134.0,15.0,12538.55,0.0
2026-10-23,Referral,Desktop,200,176,526,0.384,175.0,5.0,3088.3,401.66
2026-04-11,Paid Search,Mobile,378,330,1253,0.448,96.0,14.0,9063.79,2952.28
2026-11-06,Email,Mobile,297,254,710,0.336,105.0,8.0,7318.96,317.73
2026-08-30,Social Media,Tablet,123,102,261,0.574,166.0,1.0,677.43,393.12
2026-05-17,Direct,Mobile,409,362,879,0.368,134.0,22.0,18173.74,0.0
2026-01-31,Paid Search,Tablet,126,106,318,0.418,126.0,2.0,1436.83,1032.21
2026-06-30,Organic Search,Mobile,783,634,2113,0.402,137.0,27.0,20626.77,0.0
2026-02-11,Organic Search,Desktop,530,459,1484,0.399,220.0,16.0,15139.46,0.0
2026-01-18,Paid Search,Mobile,437,364,990,0.403,93.0,14.0,10843.54,3409.95
2026-07-15,Email,Tablet,116,91,288,0.331,109.0,4.0,3071.33,138.6
2026-03-04,Referral,Desktop,151,125,385,0.452,208.0,4.0,3385.05,263.42
2026-12-26,Social Media,Mobile,355,289,801,0.582,49.0,4.0,2431.36,1269.8
2026-08-17,Social Media,Mobile,470,384,1258,0.616,119.0,8.0,5844.12,1331.17
2026-06-03,Referral,Desktop,194,170,596,0.404,141.0,5.0,3248.63,381.48
2026-02-21,Organic Search,Tablet,160,134,464,0.342,138.0,9.0,7688.49,0.0
2026-07-19,Paid Search,Tablet,157,140,547,0.425,144.0,6.0,3588.76,1447.82
2026-08-08,Referral,Tablet,20,18,69,0.362,159.0,2.0,1643.81,35.47
2026-01-03,Organic Search,Tablet,79,65,191,0.319,171.0,2.0,1687.74,0.0
2026-09-05,Direct,Mobile,328,297,1142,0.38,167.0,13.0,10839.37,0.0
2026-08-26,Direct,Desktop,317,252,765,0.383,143.0,10.0,9371.45,0.0
2026-06-15,Direct,Mobile,493,397,1648,0.383,124.0,12.0,10119.96,0.0
2026-12-31,Social Media,Desktop,354,288,1057,0.522,169.0,7.0,4153.72,1138.43
2026-05-29,Paid Search,Desktop,461,419,1269,0.5,202.0,14.0,9605.23,4346.7
2026-06-29,Organic Search,Mobile,701,579,1978,0.457,161.0,17.0,15504.46,0.0
2026-03-07,Direct,Desktop,237,204,537,0.333,176.0,12.0,12224.82,0.0
2026-02-04,Organic Search,Tablet,136,120,459,0.371,110.0,3.0,2749.89,0.0
2026-12-25,Social Media,Desktop,271,242,927,0.506,227.0,5.0,2446.3,911.68
2026-03-23,Social Media,Tablet,326,269,949,0.541,128.0,4.0,2159.52,898.83
2026-09-07,Referral,Desktop,151,137,438,0.356,219.0,6.0,6292.75,282.53
2026-06-19,Organic Search,Desktop,617,519,1398,0.374,199.0,18.0,16143.26,0.0
2026-02-21,Referral,Mobile,165,136,348,0.391,122.0,1.0,798.2,285.15
2026-05-15,Social Media,Mobile,580,497,1922,0.457,142.0,10.0,6931.36,1739.96
2026-10-10,Email,Desktop,241,192,575,0.318,192.0,16.0,13716.88,314.77
2026-11-25,Referral,Tablet,21,16,60,0.339,133.0,0.0,0.0,41.63
2026-10-23,Paid Search,Desktop,397,358,923,0.443,189.0,14.0,11106.13,2919.6
2026-09-25,Referral,Mobile,233,197,528,0.391,86.0,4.0,3261.34,439.29
2026-02-15,Referral,Mobile,206,177,715,0.496,95.0,5.0,3682.86,374.31
2026-03-26,Email,Desktop,273,224,892,0.328,206.0,21.0,25248.55,325.95
2026-06-12,Direct,Tablet,101,80,322,0.294,136.0,6.0,5401.1,0.0
2026-08-24,Organic Search,Tablet,310,260,930,0.376,150.0,7.0,5828.67,0.0
2026-02-04,Referral,Mobile,169,140,534,0.383,149.0,10.0,7153.63,321.48
2026-09-04,Organic Search,Tablet,233,193,606,0.394,196.0,9.0,8548.79,0.0
2026-08-03,Organic Search,Mobile,693,544,1507,0.362,117.0,16.0,15473.83,0.0
2026-01-22,Direct,Desktop,250,197,736,0.403,168.0,13.0,13508.72,0.0
2026-08-30,Social Media,Mobile,303,271,815,0.513,143.0,0.0,0.0,886.93
2026-12-22,Direct,Mobile,248,197,755,0.425,113.0,9.0,8288.69,0.0
2026-08-10,Direct,Desktop,362,327,1115,0.356,155.0,19.0,21569.03,0.0
2026-01-23,Paid Search,Mobile,483,406,1671,0.515,129.0,12.0,9936.03,4479.92
2026-09-25,Organic Search,Desktop,502,451,1350,0.441,214.0,20.0,15176.96,0.0
2026-10-22,Paid Search,Tablet,116,99,254,0.462,169.0,3.0,2671.84,1070.75
2026-07-06,Email,Tablet,126,100,276,0.262,146.0,3.0,2745.34,150.58
2026-01-03,Email,Mobile,242,218,656,0.345,162.0,12.0,10053.3,314.82
2026-12-17,Organic Search,Desktop,499,396,1613,0.404,195.0,17.0,14940.89,0.0
2026-12-26,Direct,Desktop,174,144,466,0.427,147.0,6.0,5895.16,0.0
2026-07-22,Social Media,Desktop,408,342,1009,0.528,194.0,7.0,4282.67,1433.25
2026-07-27,Organic Search,Desktop,584,478,1459,0.419,167.0,18.0,18897.4,0.0
2026-12-21,Paid Search,Desktop,342,287,840,0.487,221.0,8.0,7850.31,3024.89
2026-05-15,Email,Desktop,336,281,723,0.397,177.0,16.0,15657.0,446.02
2026-04-08,Paid Search,Mobile,450,392,1009,0.519,100.0,14.0,9925.84,4143.49
2026-12-28,Social Media,Desktop,306,251,1035,0.507,162.0,1.0,671.47,837.68
2026-10-26,Email,Mobile,247,201,774,0.322,119.0,14.0,12428.36,254.99
2026-08-14,Direct,Desktop,327,276,881,0.327,135.0,10.0,9283.51,0.0
2026-01-19,Direct,Tablet,127,100,416,0.399,144.0,4.0,3643.95,0.0
2026-01-12,Referral,Tablet,20,15,68,0.38,153.0,1.0,783.68,35.74
2026-07-23,Email,Desktop,262,229,677,0.312,189.0,10.0,8205.44,346.48
2026-03-16,Email,Desktop,264,229,803,0.366,195.0,17.0,15210.11,289.05
2026-11-30,Social Media,Mobile,409,351,1350,0.515,130.0,4.0,2472.08,1422.5
2026-08-05,Social Media,Desktop,349,296,1030,0.553,195.0,5.0,4174.49,1124.78
2026-07-22,Paid Search,Mobile,573,521,1497,0.469,131.0,16.0,11928.3,4380.31
2026-01-19,Paid Search,Tablet,112,99,375,0.473,116.0,3.0,2617.12,936.94
2026-10-14,Email,Desktop,302,269,955,0.293,188.0,17.0,16241.79,413.57
2026-06-16,Referral,Mobile,219,194,517,0.405,138.0,2.0,1868.13,338.35
2026-12-15,Email,Tablet,100,82,259,0.345,165.0,5.0,4859.86,125.02
2026-06-23,Organic Search,Mobile,764,598,1788,0.452,138.0,23.0,22400.71,0.0
2026-12-19,Referral,Mobile,147,122,309,0.409,179.0,3.0,2426.57,227.64
2026-05-10,Organic Search,Desktop,492,423,1717,0.385,141.0,13.0,9777.55,0.0
2026-08-22,Paid Search,Desktop,432,376,998,0.477,142.0,7.0,5462.13,4119.2
2026-07-17,Paid Search,Desktop,446,404,1359,0.44,156.0,9.0,7095.52,3447.04
2026-03-23,Organic Search,Desktop,652,537,1521,0.361,187.0,21.0,16673.7,0.0
2026-01-10,Email,Desktop,190,149,647,0.258,193.0,14.0,13532.65,230.39
2026-08-22,Email,Desktop,232,202,788,0.315,182.0,13.0,10958.33,256.46
2026-11-02,Paid Search,Desktop,505,396,1170,0.435,191.0,23.0,20224.68,4556.14
2026-07-18,Paid Search,Tablet,93,80,269,0.436,141.0,2.0,1483.06,883.55
2026-08-23,Direct,Tablet,124,105,298,0.432,155.0,5.0,4909.81,0.0
2026-10-25,Paid Search,Tablet,139,110,308,0.431,138.0,7.0,6082.22,1112.76
2026-10-28,Paid Search,Tablet,156,131,407,0.419,145.0,1.0,773.69,1487.98
2026-02-22,Organic Search,Tablet,114,100,249,0.402,155.0,5.0,3526.85,0.0
2026-01-04,Social Media,Desktop,252,217,759,0.545,176.0,5.0,2679.03,836.88
2026-03-10,Referral,Mobile,207,174,615,0.413,87.0,5.0,3858.83,364.59
2026-10-13,Social Media,Desktop,314,272,1010,0.508,171.0,6.0,4444.06,1147.45
2026-11-01,Email,Mobile,250,200,659,0.365,140.0,7.0,6515.11,272.0
2026-04-28,Direct,Tablet,100,90,291,0.334,147.0,4.0,4348.81,0.0
2026-03-26,Direct,Desktop,320,276,981,0.39,188.0,9.0,8916.82,0.0
2026-01-09,Email,Desktop,198,163,489,0.345,172.0,15.0,12729.67,209.08
2026-01-27,Direct,Mobile,329,264,756,0.378,111.0,13.0,14233.37,0.0
2026-09-05,Direct,Tablet,164,134,436,0.358,147.0,9.0,8069.77,0.0
2026-08-06,Direct,Tablet,167,136,360,0.346,120.0,7.0,7785.2,0.0
2026-04-08,Referral,Mobile,245,193,751,0.495,134.0,8.0,6031.88,446.08
2026-02-11,Direct,Desktop,224,176,738,0.381,191.0,10.0,7960.35,0.0
2026-04-10,Paid Search,Desktop,541,470,1606,0.396,194.0,22.0,17911.58,4697.21
2026-09-08,Organic Search,Mobile,688,540,1926,0.362,124.0,23.0,21432.57,0.0
2026-09-27,Email,Tablet,77,68,251,0.319,213.0,2.0,1687.83,106.13
2026-05-31,Email,Tablet,101,79,233,0.317,137.0,6.0,5725.7,118.08
2026-10-25,Paid Search,Desktop,367,317,1124,0.415,185.0,11.0,7667.5,2874.36
2026-08-21,Referral,Tablet,73,60,224,0.401,163.0,3.0,2401.18,114.1
2026-03-16,Organic Search,Mobile,684,619,1576,0.38,150.0,18.0,13425.86,0.0
2026-11-21,Social Media,Desktop,315,256,768,0.537,207.0,13.0,6241.11,1007.35
2026-06-08,Email,Mobile,339,274,1060,0.336,98.0,15.0,13976.5,449.97
2026-01-11,Social Media,Desktop,193,153,458,0.519,128.0,6.0,3802.32,545.47
2026-03-05,Organic Search,Tablet,184,155,428,0.336,168.0,5.0,4025.82,0.0
2026-04-25,Social Media,Desktop,397,350,1060,0.545,184.0,7.0,3990.86,1454.74
2026-11-02,Paid Search,Tablet,172,155,402,0.447,114.0,5.0,4648.36,1534.13
2026-01-09,Paid Search,Mobile,554,434,1201,0.434,77.0,12.0,8282.58,5073.35
2026-08-18,Organic Search,Tablet,266,215,861,0.421,195.0,9.0,7085.53,0.0
2026-09-29,Email,Tablet,96,85,320,0.261,144.0,8.0,6633.06,105.94
2026-07-06,Referral,Desktop,190,170,524,0.432,168.0,3.0,2288.78,370.11
2026-09-24,Organic Search,Desktop,553,491,1593,0.379,170.0,15.0,12444.04,0.0
2026-06-09,Paid Search,Mobile,592,521,1720,0.454,117.0,14.0,10122.36,5004.65
2026-07-29,Direct,Tablet,126,114,379,0.414,161.0,5.0,5209.57,0.0
2026-03-19,Organic Search,Desktop,603,530,1579,0.373,150.0,20.0,20172.17,0.0
2026-12-11,Direct,Tablet,108,89,265,0.377,155.0,4.0,4126.46,0.0
2026-10-29,Email,Mobile,259,204,833,0.384,129.0,18.0,15614.94,296.78
2026-07-21,Email,Tablet,93,76,219,0.382,139.0,5.0,4440.46,103.37
2026-11-25,Organic Search,Desktop,483,376,1482,0.393,198.0,20.0,19270.99,0.0
2026-09-24,Email,Desktop,266,238,915,0.296,222.0,17.0,13809.01,342.52
2026-06-18,Paid Search,Mobile,633,544,1414,0.413,127.0,18.0,16953.84,4957.74
2026-06-14,Referral,Tablet,28,22,68,0.395,128.0,0.0,0.0,48.13
2026-12-13,Email,Mobile,206,176,489,0.342,143.0,10.0,7254.03,277.45
2026-04-05,Referral,Mobile,79,70,199,0.471,137.0,2.0,1724.6,148.97
2026-06-14,Organic Search,Mobile,668,534,1889,0.476,75.0,19.0,18227.48,0.0
2026-01-26,Paid Search,Mobile,458,386,1080,0.519,185.0,18.0,16844.71,3754.5
2026-02-03,Referral,Desktop,243,209,574,0.345,173.0,7.0,6348.81,441.53
2026-08-25,Referral,Desktop,146,130,354,0.381,184.0,4.0,3819.18,245.16
2026-09-26,Organic Search,Tablet,207,170,491,0.397,169.0,10.0,9279.79,0.0
2026-11-05,Referral,Mobile,167,135,527,0.466,99.0,2.0,1319.88,283.02
2026-04-26,Paid Search,Mobile,466,373,1316,0.506,85.0,6.0,5131.53,3655.52
2026-08-14,Organic Search,Tablet,169,136,451,0.383,117.0,5.0,4696.93,0.0
2026-10-24,Paid Search,Desktop,329,278,781,0.36,166.0,3.0,2510.54,3025.34
2026-04-01,Organic Search,Tablet,237,213,807,0.335,110.0,8.0,7453.01,0.0
2026-09-18,Paid Search,Desktop,470,386,1642,0.509,175.0,12.0,8686.39,3679.81
2026-11-16,Organic Search,Tablet,107,95,290,0.414,122.0,4.0,3718.25,0.0
2026-01-03,Paid Search,Mobile,422,358,1260,0.452,149.0,8.0,6945.88,3975.17
2026-04-27,Organic Search,Mobile,804,672,2694,0.483,93.0,23.0,23836.33,0.0
2026-08-07,Organic Search,Desktop,644,502,1913,0.389,167.0,31.0,27958.4,0.0
2026-05-01,Referral,Desktop,164,136,352,0.367,183.0,5.0,4150.66,309.94
2026-01-05,Organic Search,Tablet,209,182,720,0.368,123.0,4.0,4198.92,0.0
2026-10-19,Email,Desktop,238,189,514,0.277,181.0,7.0,5710.69,319.48
2026-12-27,Organic Search,Tablet,176,154,397,0.384,144.0,5.0,4119.36,0.0
2026-05-28,Email,Tablet,127,110,406,0.251,106.0,6.0,5557.85,164.28
2026-06-26,Direct,Desktop,331,289,994,0.3,151.0,15.0,14451.61,0.0
2026-04-26,Social Media,Desktop,361,304,986,0.552,147.0,8.0,5300.78,1296.84
2026-01-25,Email,Desktop,264,214,829,0.353,179.0,18.0,16121.65,337.94
2026-04-24,Referral,Tablet,94,81,241,0.451,148.0,1.0,760.33,149.34
2026-05-22,Paid Search,Desktop,462,368,1352,0.411,189.0,20.0,13188.95,3429.11
2026-03-14,Paid Search,Tablet,183,161,517,0.463,140.0,5.0,3546.86,1682.86
2026-07-10,Email,Mobile,385,345,1227,0.393,136.0,24.0,25430.63,450.47
2026-03-14,Social Media,Tablet,168,142,543,0.536,149.0,3.0,2199.47,591.05
2026-01-14,Organic Search,Tablet,186,166,533,0.389,171.0,7.0,5518.67,0.0
2026-11-19,Referral,Mobile,99,83,225,0.364,104.0,2.0,1796.96,169.2
2026-05-25,Social Media,Mobile,444,391,1336,0.6,87.0,9.0,6490.39,1393.06
2026-09-14,Social Media,Tablet,188,158,462,0.498,187.0,1.0,563.53,547.65
2026-05-23,Referral,Tablet,100,85,277,0.406,135.0,4.0,3909.94,203.1
2026-07-02,Paid Search,Mobile,656,595,1789,0.43,157.0,20.0,14853.51,4804.96
2026-06-27,Organic Search,Desktop,527,428,1695,0.397,161.0,16.0,10914.39,0.0
2026-08-08,Email,Tablet,37,32,82,0.236,132.0,2.0,1527.24,39.89
2026-06-03,Direct,Tablet,99,84,245,0.393,155.0,5.0,4954.57,0.0
2026-09-26,Social Media,Mobile,383,302,1022,0.603,90.0,7.0,3541.55,1351.77
2026-08-23,Email,Tablet,165,147,481,0.269,165.0,8.0,8534.17,191.33
2026-04-28,Organic Search,Desktop,628,571,1402,0.359,179.0,13.0,11195.33,0.0
2026-05-29,Referral,Desktop,263,214,855,0.353,141.0,4.0,2669.39,511.33
2026-06-03,Social Media,Mobile,414,346,937,0.573,100.0,9.0,6191.82,1412.34
2026-09-18,Social Media,Tablet,114,100,297,0.487,189.0,0.0,0.0,328.22
2026-03-19,Organic Search,Mobile,682,595,2075,0.498,107.0,32.0,30496.53,0.0
2026-12-09,Social Media,Mobile,352,301,766,0.56,65.0,5.0,3055.84,1153.95
2026-11-26,Referral,Mobile,214,186,734,0.38,130.0,5.0,3991.35,344.53
2026-12-19,Organic Search,Tablet,67,53,205,0.391,160.0,1.0,765.99,0.0
2026-10-05,Direct,Tablet,101,79,350,0.28,161.0,1.0,856.86,0.0
2026-03-13,Organic Search,Mobile,662,558,2001,0.38,115.0,16.0,14880.11,0.0
2026-12-09,Referral,Desktop,156,134,391,0.378,163.0,7.0,6365.24,256.81
2026-12-24,Email,Tablet,121,104,302,0.296,122.0,7.0,4473.78,157.46
2026-03-28,Social Media,Mobile,447,357,1050,0.608,124.0,8.0,3826.96,1241.42
2026-11-26,Email,Tablet,96,82,228,0.361,117.0,8.0,7201.6,123.1
2026-06-27,Paid Search,Mobile,461,405,1198,0.608,63.0,13.0,10360.46,4374.32
2026-09-11,Direct,Desktop,328,276,778,0.31,174.0,19.0,18717.35,0.0
2026-09-24,Direct,Tablet,168,138,438,0.44,151.0,5.0,4639.43,0.0
2026-12-09,Organic Search,Tablet,122,106,336,0.376,152.0,6.0,4040.67,0.0
2026-09-26,Referral,Tablet,33,29,76,0.42,171.0,1.0,800.34,61.79
2026-07-19,Direct,Desktop,259,204,611,0.338,256.0,9.0,9726.48,0.0
2026-04-17,Direct,Desktop,313,266,1008,0.28,201.0,12.0,9818.86,0.0
2026-01-29,Email,Desktop,293,245,700,0.317,195.0,21.0,19163.0,366.24
2026-08-21,Organic Search,Mobile,661,552,1923,0.42,96.0,22.0,17646.48,0.0
2026-03-14,Direct,Desktop,338,282,1089,0.277,141.0,15.0,13749.47,0.0
2026-02-20,Direct,Tablet,152,133,476,0.305,133.0,7.0,7679.35,0.0
2026-07-11,Direct,Tablet,115,102,250,0.289,156.0,4.0,3891.66,0.0
2026-07-25,Paid Search,Tablet,231,200,486,0.49,154.0,5.0,4182.75,1715.92
2026-08-24,Direct,Desktop,336,284,820,0.386,215.0,12.0,11234.86,0.0
2026-06-25,Social Media,Desktop,423,339,930,0.524,174.0,8.0,5560.43,1183.48
2026-05-03,Organic Search,Tablet,181,163,472,0.411,144.0,6.0,5272.33,0.0
2026-02-13,Organic Search,Desktop,546,428,1702,0.411,197.0,22.0,19602.0,0.0
2026-09-03,Referral,Desktop,187,163,639,0.355,163.0,6.0,4247.16,335.72
2026-02-22,Social Media,Mobile,337,265,889,0.602,105.0,8.0,3924.92,1087.53
2026-02-15,Direct,Desktop,300,266,784,0.38,189.0,13.0,12012.99,0.0
2026-10-06,Organic Search,Mobile,690,582,1803,0.369,149.0,26.0,16379.98,0.0
2026-08-26,Email,Tablet,98,82,330,0.37,124.0,4.0,3052.49,126.09
2026-01-10,Organic Search,Tablet,63,53,217,0.317,133.0,1.0,753.46,0.0
2026-09-10,Email,Tablet,115,91,253,0.259,178.0,10.0,7681.95,135.83
2026-08-10,Paid Search,Tablet,132,116,368,0.411,176.0,5.0,4092.55,1079.59
2026-05-22,Organic Search,Desktop,701,580,2340,0.369,219.0,24.0,19335.9,0.0
2026-12-15,Paid Search,Desktop,345,276,1037,0.453,211.0,11.0,8747.4,2616.95
2026-03-14,Referral,Desktop,159,138,547,0.376,239.0,4.0,3149.81,292.91
2026-10-17,Paid Search,Tablet,20,16,53,0.432,152.0,1.0,812.85,145.77
2026-11-28,Social Media,Mobile,420,332,1238,0.559,120.0,6.0,3337.19,1473.31
2026-10-31,Referral,Desktop,130,112,395,0.352,196.0,4.0,2654.27,245.47
2026-12-05,Email,Desktop,149,130,384,0.299,168.0,5.0,4957.96,199.26
2026-07-03,Social Media,Desktop,437,349,1428,0.59,182.0,10.0,5838.03,1314.08
2026-07-03,Referral,Mobile,210,166,627,0.454,126.0,6.0,4967.3,398.44
2026-01-19,Paid Search,Desktop,441,392,1539,0.459,202.0,16.0,11323.68,4228.63
2026-05-19,Social Media,Desktop,405,341,877,0.563,135.0,7.0,6273.55,1430.36
2026-12-08,Direct,Mobile,295,244,841,0.403,168.0,17.0,17776.79,0.0
2026-09-02,Referral,Mobile,190,169,408,0.459,151.0,5.0,3742.31,307.83
2026-02-16,Paid Search,Mobile,415,361,881,0.497,121.0,15.0,13116.86,3084.61
2026-06-21,Organic Search,Mobile,555,453,1229,0.447,115.0,12.0,11551.81,0.0
2026-07-12,Social Media,Desktop,310,253,761,0.515,211.0,9.0,6349.51,958.89
2026-11-29,Social Media,Desktop,321,250,977,0.529,168.0,10.0,5799.52,900.7
2026-01-04,Organic Search,Desktop,363,292,899,0.412,228.0,13.0,11560.68,0.0
2026-08-14,Direct,Tablet,100,88,277,0.328,157.0,5.0,5268.23,0.0
2026-07-11,Direct,Mobile,301,250,756,0.363,132.0,15.0,16146.08,0.0
2026-04-16,Email,Tablet,179,142,493,0.313,175.0,10.0,10640.4,242.28
2026-03-24,Paid Search,Tablet,203,166,457,0.407,133.0,7.0,5273.08,1599.63
2026-09-28,Direct,Mobile,265,209,914,0.378,136.0,13.0,10850.13,0.0
2026-09-29,Referral,Tablet,81,71,185,0.359,122.0,2.0,1544.7,165.99
2026-08-19,Email,Mobile,323,281,908,0.403,145.0,12.0,10740.35,352.29
2026-07-05,Paid Search,Tablet,241,207,727,0.421,160.0,4.0,3161.4,2024.83
2026-10-01,Direct,Desktop,347,299,799,0.359,138.0,20.0,21064.55,0.0
2026-02-22,Email,Mobile,249,226,583,0.364,136.0,11.0,9888.72,277.77
2026-07-02,Referral,Tablet,20,17,64,0.463,105.0,0.0,0.0,31.48
2026-05-01,Organic Search,Mobile,787,693,1732,0.428,115.0,30.0,24218.01,0.0
2026-12-20,Paid Search,Tablet,153,126,471,0.42,182.0,7.0,5342.8,1320.55
2026-10-10,Social Media,Mobile,389,333,916,0.496,134.0,3.0,2261.6,1323.13
2026-11-05,Email,Tablet,105,94,338,0.328,149.0,5.0,4329.83,144.4
2026-06-19,Referral,Desktop,248,208,654,0.46,167.0,10.0,6792.49,429.98
2026-02-12,Direct,Desktop,179,150,453,0.432,148.0,12.0,9116.58,0.0
2026-12-09,Referral,Tablet,84,69,273,0.374,189.0,1.0,902.28,137.11
2026-07-14,Paid Search,Desktop,567,513,1322,0.493,189.0,17.0,15186.06,4185.86
2026-01-16,Referral,Desktop,203,182,709,0.369,188.0,4.0,3231.04,342.1
2026-12-27,Direct,Mobile,262,233,699,0.385,146.0,7.0,7109.76,0.0
2026-09-09,Social Media,Desktop,450,383,1327,0.508,247.0,9.0,6796.61,1590.56
2026-11-21,Organic Search,Mobile,512,428,1488,0.44,152.0,16.0,15089.05,0.0
2026-05-10,Email,Mobile,276,241,788,0.299,140.0,8.0,6447.65,329.76
2026-05-31,Referral,Tablet,41,32,95,0.385,148.0,1.0,611.99,64.06
2026-04-26,Email,Desktop,199,173,421,0.303,164.0,9.0,7825.59,212.36
2026-07-08,Paid Search,Tablet,124,105,324,0.473,122.0,6.0,5192.99,966.43
2026-02-10,Organic Search,Tablet,221,200,731,0.37,149.0,3.0,2860.91,0.0
2026-02-22,Referral,Desktop,152,127,485,0.379,222.0,3.0,2406.26,276.88
2026-11-14,Social Media,Tablet,134,110,356,0.56,161.0,2.0,1326.84,429.9
2026-05-06,Direct,Desktop,262,213,668,0.424,151.0,6.0,6460.1,0.0
2026-02-24,Referral,Tablet,132,108,392,0.427,145.0,7.0,5017.57,219.42
2026-06-28,Social Media,Tablet,80,67,180,0.458,120.0,1.0,576.33,287.16
2026-04-08,Direct,Mobile,440,376,1315,0.384,104.0,11.0,12221.41,0.0
2026-11-30,Direct,Tablet,172,146,547,0.38,175.0,7.0,7143.39,0.0
2026-09-03,Direct,Desktop,264,217,614,0.36,175.0,11.0,12247.72,0.0
2026-04-06,Direct,Tablet,94,82,315,0.386,171.0,,3241.48,0.0
2026-10-15,Referral,Mobile,196,168,458,0.514,100.0,2.0,1664.24,337.88
2026-01-19,Referral,Tablet,20,15,68,0.408,145.0,1.0,473.85,32.35
2026-07-25,Email,Tablet,85,72,277,0.271,149.0,6.0,6195.75,89.74
2026-08-24,Direct,Mobile,436,363,1170,0.364,131.0,15.0,14692.14,0.0
2026-02-08,Paid Search,Mobile,439,349,1525,0.452,84.0,13.0,11954.74,3602.28
2026-07-10,Direct,Desktop,366,290,840,0.296,194.0,15.0,12843.63,0.0
2026-10-17,Organic Search,Mobile,483,435,1133,0.408,144.0,13.0,14005.33,0.0
2026-10-02,Direct,Desktop,289,246,839,0.344,166.0,10.0,10236.89,0.0
2026-02-23,Direct,Desktop,341,308,1043,0.368,215.0,16.0,17879.15,0.0
2026-12-11,Email,Desktop,294,259,974,0.29,170.0,13.0,11472.49,308.6
2026-05-03,Social Media,Mobile,418,327,1145,0.52,173.0,3.0,1843.2,1452.16
2026-05-31,Direct,Mobile,377,340,890,0.358,138.0,15.0,11681.07,0.0
2026-09-22,Paid Search,Tablet,246,219,774,0.442,184.0,6.0,5745.73,2005.59
2026-10-11,Paid Search,Mobile,382,306,1121,0.484,105.0,10.0,7351.84,3422.73
2026-11-17,Referral,Desktop,92,81,272,0.398,172.0,5.0,4433.49,160.17
2026-11-30,Email,Desktop,226,194,748,0.279,178.0,11.0,10277.01,280.82
2026-10-21,Social Media,Desktop,401,322,1079,0.514,170.0,10.0,7486.7,1259.13
2026-07-18,Social Media,Tablet,48,39,157,0.506,163.0,0.0,0.0,159.58
2026-09-24,Referral,Tablet,55,48,128,0.445,179.0,1.0,953.9,100.44
2026-10-22,Social Media,Mobile,361,298,786,0.578,105.0,7.0,4039.9,1001.57
2026-04-21,Email,Mobile,368,328,1237,0.387,136.0,21.0,17391.42,378.46
2026-08-17,Referral,Mobile,304,257,802,0.476,110.0,7.0,3386.93,527.72
2026-09-22,Social Media,Mobile,490,390,1092,0.544,196.0,4.0,2870.14,1640.46
2026-10-27,Organic Search,Desktop,573,447,1971,0.374,178.0,25.0,17482.24,0.0
2026-10-22,Social Media,Desktop,284,247,886,0.462,223.0,6.0,3224.08,775.49
2026-11-15,Paid Search,Tablet,117,105,304,0.44,170.0,2.0,2155.03,936.86
2026-10-04,Paid Search,Desktop,363,308,854,0.459,217.0,10.0,8775.01,2916.01
2026-12-12,Direct,Mobile,277,240,767,0.371,104.0,7.0,5219.55,0.0
2026-10-07,Direct,Desktop,380,305,1008,0.342,146.0,17.0,18210.46,0.0
2026-07-20,Organic Search,Desktop,768,696,2102,0.461,192.0,33.0,27345.37,0.0
2026-11-29,Direct,Desktop,212,174,571,0.342,160.0,14.0,15127.26,0.0
2026-12-30,Social Media,Tablet,139,120,362,0.525,149.0,1.0,700.44,465.59
2026-10-28,Social Media,Mobile,401,315,995,0.579,131.0,9.0,6661.14,1267.16
2026-01-22,Social Media,Mobile,387,336,1324,0.542,113.0,3.0,1855.26,1320.64
2026-11-14,Direct,Tablet,86,76,226,0.307,149.0,7.0,6442.91,0.0
2026-11-29,Direct,Tablet,124,101,380,0.344,177.0,4.0,4333.38,0.0
2026-01-30,Direct,Tablet,59,53,187,0.349,155.0,4.0,3669.07,0.0
2026-12-07,Paid Search,Desktop,360,303,1083,0.484,139.0,8.0,5515.39,2868.87
2026-10-07,Email,Mobile,240,196,684,0.425,178.0,10.0,10358.66,280.57
2026-08-23,Organic Search,Desktop,525,452,1711,0.396,188.0,16.0,13127.36,0.0
2026-07-14,Referral,Desktop,188,147,554,0.4,167.0,5.0,4167.04,302.14
2026-01-12,Paid Search,Desktop,389,327,1286,0.433,166.0,19.0,15869.82,3210.63
2026-03-16,Organic Search,Desktop,646,576,2023,0.374,174.0,18.0,15740.32,0.0
2026-07-14,Email,Mobile,346,294,865,0.302,139.0,14.0,12611.54,448.73
2026-05-31,Social Media,Tablet,118,99,395,0.516,130.0,2.0,1365.85,351.17
2026-10-07,Email,Desktop,229,195,675,0.301,147.0,12.0,13131.99,236.47
2026-09-17,Organic Search,Desktop,599,532,2069,0.434,188.0,18.0,14993.17,0.0
2026-08-12,Social Media,Mobile,530,473,1757,0.567,121.0,6.0,4412.76,1564.93
2026-04-14,Organic Search,Desktop,642,568,1791,0.339,193.0,30.0,24208.12,0.0
2026-11-22,Direct,Mobile,233,203,689,0.405,125.0,6.0,6471.31,0.0
2026-06-09,Email,Mobile,358,280,1164,0.362,126.0,18.0,17879.23,415.4
2026-06-18,Social Media,Desktop,410,361,946,0.49,160.0,9.0,5052.12,1463.92
2026-03-08,Referral,Tablet,20,15,48,0.395,166.0,1.0,800.41,35.49
2026-04-02,Social Media,Mobile,438,359,1271,0.592,128.0,9.0,5343.0,1316.03
2026-07-09,Referral,Desktop,219,179,573,0.442,134.0,5.0,3554.22,359.33
2026-07-13,Organic Search,Tablet,285,239,674,0.372,157.0,9.0,7754.29,0.0
2026-06-08,Referral,Tablet,67,58,202,0.365,172.0,4.0,3120.11,134.27
2026-04-10,Email,Mobile,239,214,709,0.341,122.0,7.0,6454.91,323.28
2026-07-30,Referral,Tablet,40,35,101,0.478,188.0,1.0,519.29,62.72
2026-07-07,Organic Search,Tablet,283,238,605,0.344,171.0,9.0,8413.86,0.0
2026-07-07,Organic Search,Mobile,736,594,1724,0.404,117.0,36.0,31081.17,0.0
2026-07-16,Paid Search,Tablet,212,177,711,0.434,137.0,8.0,5313.77,1540.47
2026-11-16,Email,Mobile,265,216,650,0.366,131.0,15.0,14825.58,329.59
2026-10-11,Referral,Desktop,122,99,399,0.418,190.0,4.0,2546.9,245.32
2026-07-11,Email,Tablet,90,76,281,0.313,202.0,5.0,4106.58,111.39
2026-02-03,Email,Desktop,256,232,618,0.296,201.0,12.0,11898.01,305.44
2026-06-19,Direct,Tablet,152,130,493,0.318,142.0,5.0,5659.46,0.0
2026-11-13,Referral,Mobile,205,164,599,0.443,72.0,7.0,5490.28,405.93
2026-01-08,Organic Search,Desktop,607,531,1617,0.394,204.0,21.0,18124.6,0.0
2026-08-04,Social Media,Desktop,401,360,889,0.54,155.0,6.0,3261.07,1471.58
2026-06-13,Organic Search,Mobile,639,542,1939,0.396,150.0,17.0,16208.01,0.0
2026-09-05,Paid Search,Tablet,163,130,361,0.371,112.0,6.0,4216.78,1369.52
2026-07-16,Paid Search,Desktop,532,481,1245,0.437,184.0,18.0,14856.73,4253.96
2026-06-01,Direct,Desktop,306,270,922,0.318,223.0,13.0,11843.52,0.0
2026-02-15,Referral,Tablet,20,16,46,0.442,139.0,1.0,756.96,39.66
2026-04-02,Organic Search,Mobile,677,542,1635,0.376,153.0,20.0,16705.03,0.0
2026-02-24,Direct,Desktop,293,260,1008,0.341,199.0,12.0,11334.28,0.0
2026-07-02,Paid Search,Tablet,194,157,597,0.418,162.0,7.0,5114.47,1571.3
2026-12-29,Referral,Tablet,20,17,45,0.402,139.0,1.0,781.66,33.61
2026-05-02,Email,Mobile,326,282,908,0.312,89.0,14.0,14729.76,337.1
2026-12-02,Referral,Desktop,173,150,492,0.435,211.0,5.0,3036.46,280.65
2026-05-16,Direct,Mobile,353,275,826,0.429,118.0,14.0,13641.62,0.0
2026-01-21,Organic Search,Tablet,223,187,568,0.337,102.0,2.0,1251.43,0.0
2026-05-11,Email,Desktop,266,210,808,0.375,179.0,12.0,9276.31,330.5
2026-01-20,Paid Search,Desktop,393,338,1019,0.402,179.0,23.0,21371.76,2900.86
2026-02-15,Paid Search,Mobile,452,358,1497,0.537,140.0,5.0,4569.59,3561.48
2026-09-25,Organic Search,Mobile,645,539,1366,0.5,109.0,14.0,11779.03,0.0
2026-06-28,Organic Search,Mobile,660,537,2193,0.447,159.0,18.0,19628.07,0.0
2026-11-13,Email,Mobile,261,235,697,0.365,120.0,14.0,13174.14,345.49
2026-12-16,Direct,Mobile,292,241,848,0.332,95.0,12.0,12123.72,0.0
2026-07-04,Direct,Mobile,275,223,872,0.433,124.0,13.0,12419.28,0.0
2026-08-17,Organic Search,Tablet,282,234,889,0.336,142.0,8.0,7404.63,0.0
2026-04-28,Email,Mobile,357,322,914,0.379,127.0,12.0,10157.95,385.21
2026-04-12,Referral,Mobile,131,109,336,0.473,138.0,1.0,916.39,231.59
2026-02-14,Organic Search,Mobile,548,435,1854,0.544,121.0,16.0,14789.77,0.0
2026-12-28,Paid Search,Mobile,446,383,1369,0.477,137.0,11.0,7533.79,3814.18
2026-05-29,Email,Mobile,307,274,872,0.34,131.0,15.0,12816.32,322.83
2026-01-06,Paid Search,Mobile,506,396,1140,0.39,150.0,14.0,9631.13,4751.88
2026-08-23,Direct,Mobile,336,262,738,0.422,154.0,13.0,14044.16,0.0
2026-07-28,Direct,Desktop,294,255,988,0.385,160.0,10.0,11309.99,0.0
2026-06-10,Email,Tablet,132,108,355,0.259,162.0,4.0,3660.12,135.6
2026-05-12,Direct,Mobile,395,359,1263,0.381,140.0,21.0,19374.51,0.0
2026-10-29,Referral,Mobile,188,157,584,0.488,120.0,5.0,4364.27,302.72
2026-11-19,Direct,Tablet,48,38,136,0.324,153.0,2.0,1849.55,0.0
2026-06-29,Social Media,Desktop,405,361,1017,0.598,153.0,11.0,7299.68,1171.24
2026-12-24,Direct,Desktop,317,270,1103,0.373,156.0,10.0,10565.96,0.0
2026-06-08,Email,Desktop,342,283,884,0.338,178.0,18.0,15975.08,437.86
2026-12-04,Email,Mobile,277,241,895,0.42,125.0,15.0,15080.16,361.07
2026-06-11,Direct,Tablet,97,76,246,0.358,162.0,3.0,2639.18,0.0
2026-04-14,Email,Tablet,167,144,400,0.325,159.0,14.0,15193.75,206.86
2026-09-14,Paid Search,Mobile,576,505,1686,0.457,123.0,7.0,5011.98,4992.44
2026-04-14,Paid Search,Desktop,488,410,1476,0.488,188.0,14.0,9672.5,3792.83
2026-05-27,Referral,Tablet,76,59,164,0.409,130.0,1.0,669.54,156.58
2026-05-05,Email,Tablet,72,63,224,0.348,170.0,5.0,5162.94,99.07
2026-10-26,Email,Desktop,323,269,840,0.318,162.0,17.0,13811.08,340.43
2026-05-10,Direct,Tablet,49,38,117,0.343,144.0,0.0,0.0,0.0
2026-02-22,Direct,Tablet,98,83,293,0.382,145.0,2.0,1659.41,0.0
2026-06-20,Social Media,Tablet,40,36,98,0.535,148.0,0.0,0.0,121.65
2026-03-04,Paid Search,Mobile,467,377,1191,0.465,96.0,14.0,11025.77,4348.81
2026-05-25,Paid Search,Tablet,191,156,519,0.338,173.0,4.0,2916.0,1866.87
2026-05-03,Social Media,Tablet,131,114,341,0.544,177.0,0.0,0.0,415.53
2026-01-24,Paid Search,Tablet,161,143,456,0.463,151.0,6.0,4583.24,1266.56
2026-02-21,Paid Search,Mobile,434,365,1078,0.471,118.0,11.0,8768.39,3986.5
2026-03-11,Direct,Desktop,290,239,751,0.43,161.0,16.0,17073.52,0.0
2026-01-27,Email,Desktop,265,215,786,0.325,138.0,12.0,12662.02,281.74
2026-04-24,Organic Search,Mobile,797,650,2095,0.402,79.0,31.0,25829.03,0.0
2026-12-02,Email,Tablet,41,33,125,0.363,152.0,1.0,791.91,53.78
2026-03-08,Direct,Tablet,143,114,315,0.415,142.0,4.0,2788.2,0.0
2026-05-26,Referral,Mobile,214,190,570,0.497,157.0,2.0,1051.17,348.09
2026-12-18,Paid Search,Mobile,547,446,1882,0.536,144.0,16.0,12256.55,5144.45
2026-04-20,Social Media,Tablet,88,71,210,0.514,155.0,1.0,657.26,287.49
2026-06-22,Direct,Tablet,116,92,321,0.376,142.0,2.0,1585.99,0.0
2026-08-12,Paid Search,Mobile,562,446,1828,0.414,155.0,20.0,17972.55,5161.04
2026-04-30,Email,Desktop,261,228,897,0.315,210.0,16.0,15395.89,276.82
2026-07-24,Referral,Desktop,177,157,558,0.4,140.0,7.0,6140.02,348.93
2026-10-01,Organic Search,Tablet,217,184,505,0.457,154.0,6.0,5522.11,0.0
2026-04-21,Referral,Tablet,52,41,114,0.276,128.0,1.0,696.58,101.8
2026-08-13,Organic Search,Mobile,722,594,2255,0.477,110.0,17.0,13724.48,0.0
2026-12-24,Referral,Desktop,153,127,435,0.43,256.0,4.0,2782.36,251.62
2026-06-19,Direct,Desktop,359,313,884,0.404,147.0,20.0,20052.55,0.0
2026-03-11,Social Media,Desktop,380,310,971,0.553,140.0,6.0,2661.38,1142.2
2026-05-02,Direct,Tablet,136,115,362,0.406,110.0,10.0,9826.56,0.0
2026-05-31,Direct,Desktop,274,220,892,0.279,167.0,11.0,11151.84,0.0
2026-02-25,Organic Search,Tablet,228,202,624,0.405,181.0,9.0,6126.7,0.0
2026-05-02,Direct,Desktop,269,212,857,0.368,200.0,20.0,25915.51,0.0
2026-09-17,Social Media,Tablet,145,127,311,0.444,146.0,3.0,1857.17,533.25
2026-10-13,Direct,Desktop,344,305,847,0.433,189.0,17.0,16489.87,0.0
2026-07-29,Organic Search,Desktop,611,482,1475,0.421,179.0,25.0,23172.71,0.0
2026-07-19,Referral,Desktop,109,94,239,0.385,217.0,6.0,4418.13,176.96
2026-09-19,Direct,Mobile,273,243,623,0.391,122.0,9.0,8662.52,0.0
2026-03-15,Paid Search,Mobile,402,353,1378,0.528,151.0,12.0,10704.63,3343.41
2026-04-14,Email,Desktop,321,276,927,0.364,185.0,13.0,8762.38,390.58
2026-05-11,Paid Search,Desktop,469,412,1107,0.376,170.0,17.0,14316.39,4020.32
2026-05-17,Organic Search,Mobile,607,503,1934,0.363,141.0,14.0,12752.23,0.0
2026-04-29,Direct,Desktop,252,213,750,0.328,194.0,4.0,4341.88,0.0
2026-03-01,Paid Search,Desktop,419,354,1183,0.442,188.0,8.0,7281.38,3305.41
2026-12-29,Paid Search,Desktop,541,432,1491,0.451,201.0,16.0,8312.63,4218.41
2026-08-23,Referral,Desktop,93,80,282,0.368,216.0,2.0,1333.55,153.19
2026-05-26,Email,Tablet,151,122,323,0.309,96.0,6.0,5328.79,195.44
2026-01-05,Paid Search,Tablet,121,106,410,0.471,161.0,3.0,2531.41,907.94
2026-06-11,Organic Search,Desktop,634,505,1650,0.396,199.0,23.0,22196.48,0.0
2026-09-25,Direct,Tablet,115,98,400,0.361,160.0,8.0,6915.45,0.0
2026-03-15,Organic Search,Desktop,511,453,1635,0.395,186.0,16.0,11087.36,0.0
2026-11-14,Referral,Tablet,80,69,252,0.406,143.0,1.0,691.44,133.56
2026-02-18,Social Media,Tablet,134,118,368,0.462,123.0,1.0,576.69,468.56
2026-08-02,Referral,Mobile,142,121,301,0.378,139.0,1.0,796.28,247.71
2026-10-31,Direct,Tablet,109,97,349,0.294,137.0,6.0,6110.63,0.0
2026-12-16,Organic Search,Mobile,565,451,1371,0.392,109.0,13.0,9698.39,0.0
2026-06-14,Direct,Mobile,353,290,1143,0.375,199.0,16.0,14365.55,0.0
2026-07-08,Social Media,Mobile,396,333,1037,0.593,117.0,6.0,2290.46,1180.23
2026-10-28,Referral,Desktop,180,143,415,0.356,152.0,1.0,621.18,333.66
2026-05-23,Paid Search,Mobile,436,383,1521,0.47,129.0,11.0,7751.72,3180.03
2026-12-25,Email,Desktop,299,253,780,0.309,163.0,15.0,13131.12,383.82
2026-05-27,Social Media,Mobile,439,366,1408,0.589,128.0,7.0,4585.09,1507.02
2026-10-20,Organic Search,Desktop,583,472,1255,0.431,,20.0,18128.29,0.0
2026-07-16,Organic Search,Tablet,344,273,1176,0.357,145.0,13.0,9747.86,0.0
2026-01-21,Referral,Desktop,129,113,351,0.369,181.0,6.0,5939.8,259.13
2026-04-17,Organic Search,Desktop,611,503,1724,0.326,210.0,18.0,18010.7,0.0
2026-09-04,Organic Search,Mobile,660,559,2166,0.37,149.0,18.0,13818.96,0.0
2026-11-12,Organic Search,Tablet,145,114,440,0.412,145.0,6.0,4687.51,0.0
2026-11-30,Referral,Desktop,164,130,504,0.364,161.0,6.0,4385.88,297.85
2026-08-12,Direct,Mobile,364,315,961,0.389,125.0,20.0,19934.66,0.0
2026-03-31,Organic Search,Tablet,205,173,473,0.357,175.0,3.0,2207.14,0.0
2026-03-04,Organic Search,Tablet,249,221,846,0.374,89.0,3.0,2991.17,0.0
2026-07-24,Paid Search,Tablet,192,156,654,0.464,154.0,5.0,3792.84,1686.72
2026-07-13,Referral,Mobile,166,134,505,0.412,43.0,4.0,2839.38,272.97
2026-12-21,Referral,Desktop,65,55,208,0.427,188.0,0.0,0.0,105.96
2026-06-14,Social Media,Desktop,257,215,839,0.511,186.0,6.0,4163.42,818.96
2026-04-21,Direct,Tablet,148,126,386,0.324,113.0,7.0,5985.57,0.0
2026-12-28,Referral,Mobile,292,253,717,0.444,88.0,8.0,6323.62,587.0
2026-11-13,Email,Desktop,207,173,615,0.302,200.0,13.0,11255.66,228.05
2026-05-13,Organic Search,Desktop,621,512,1954,0.356,223.0,25.0,18732.93,0.0
2026-03-16,Email,Mobile,371,302,796,0.377,93.0,26.0,27942.25,398.06
2026-01-18,Direct,Tablet,77,61,193,0.315,109.0,3.0,3129.37,0.0
2026-03-31,Referral,Tablet,86,71,184,0.414,139.0,3.0,1816.26,166.19
2026-07-26,Paid Search,Tablet,210,180,540,0.331,134.0,7.0,4571.44,1781.33
2026-11-30,Direct,Desktop,314,254,773,0.331,146.0,23.0,25560.28,0.0
2026-04-25,Social Media,Tablet,70,62,157,0.418,154.0,3.0,1457.4,216.37
2026-05-04,Paid Search,Tablet,161,134,508,0.456,162.0,3.0,2537.36,1495.47
2026-04-03,Referral,Tablet,20,18,46,0.386,182.0,1.0,576.19,33.81
2026-01-15,Social Media,Tablet,96,83,335,0.589,156.0,2.0,1238.2,277.52
2026-11-18,Email,Mobile,315,273,693,0.351,133.0,12.0,10232.7,407.04
2026-04-24,Paid Search,Tablet,253,203,577,0.53,178.0,9.0,7395.61,1965.47
2026-09-23,Referral,Desktop,199,159,509,0.426,176.0,5.0,3857.79,402.69
2026-02-20,Organic Search,Mobile,619,488,1981,0.421,128.0,17.0,13730.36,0.0
2026-07-28,Organic Search,Desktop,618,538,1768,0.382,165.0,13.0,10325.57,0.0
2026-04-23,Email,Mobile,317,264,924,0.361,92.0,20.0,17560.77,416.56
2026-08-24,Paid Search,Mobile,641,525,1757,0.43,143.0,15.0,12555.69,4826.42
2026-04-17,Email,Desktop,235,206,522,0.362,172.0,9.0,8186.23,296.64
2026-04-12,Email,Mobile,266,236,712,0.355,83.0,9.0,9266.36,328.94
2026-03-29,Social Media,Mobile,309,246,1025,0.583,108.0,6.0,3561.4,869.96
2026-09-03,Paid Search,Tablet,189,167,433,0.434,107.0,8.0,6779.83,1492.12
2026-09-21,Referral,Desktop,197,163,608,0.368,212.0,5.0,3950.84,384.41
2026-11-16,Email,Tablet,71,59,180,0.347,134.0,2.0,1985.07,88.36
2026-09-16,Email,Mobile,248,219,828,0.305,114.0,7.0,7572.47,295.98
2026-08-22,Direct,Tablet,45,38,107,0.305,178.0,0.0,0.0,0.0
2026-09-15,Organic Search,Mobile,682,598,1879,0.399,112.0,28.0,21721.69,0.0
2026-01-13,Social Media,Tablet,102,89,281,0.588,177.0,4.0,2061.28,329.21
2026-02-10,Paid Search,Desktop,436,371,1069,0.567,188.0,14.0,8665.34,3898.37
2026-11-23,Referral,Mobile,146,131,454,0.403,147.0,3.0,2063.79,294.43
2026-03-05,Social Media,Mobile,447,404,1123,0.588,126.0,6.0,4756.79,1417.89
2026-11-04,Paid Search,Desktop,438,381,1178,0.444,219.0,13.0,10500.94,4031.93
2026-12-31,Email,Mobile,320,288,959,0.335,117.0,16.0,16094.48,402.28
2026-06-03,Social Media,Tablet,200,178,616,0.531,162.0,3.0,1999.43,711.47
2026-02-17,Organic Search,Desktop,551,494,1222,0.405,172.0,17.0,13958.13,0.0
2026-08-27,Paid Search,Tablet,164,138,402,0.431,140.0,6.0,4100.23,1301.26
2026-10-08,Organic Search,Tablet,213,166,722,0.457,118.0,9.0,8418.23,0.0
2026-05-22,Direct,Mobile,419,330,1354,0.397,113.0,9.0,9602.47,0.0
2026-06-12,Direct,Desktop,384,345,1123,0.37,228.0,17.0,16535.4,0.0
2026-01-07,Email,Desktop,223,201,745,0.287,180.0,12.0,10836.34,270.54
2026-02-05,Referral,Desktop,206,164,433,0.367,207.0,8.0,5871.94,360.34
2026-01-01,Paid Search,Desktop,385,310,1060,0.455,195.0,13.0,13054.14,3731.48
2026-08-20,Direct,Desktop,369,332,863,0.352,227.0,15.0,15060.45,0.0
2026-01-26,Referral,Tablet,20,15,51,0.37,130.0,0.0,0.0,32.26
2026-01-01,Paid Search,Tablet,182,161,560,0.462,133.0,7.0,5611.68,1448.76
2026-10-24,Direct,Tablet,43,37,108,0.347,166.0,0.0,0.0,0.0
2026-02-21,Organic Search,Mobile,560,467,1648,0.362,136.0,19.0,15029.21,0.0
2026-05-25,Paid Search,Desktop,524,426,1365,0.507,175.0,19.0,17590.17,4095.39
2026-08-29,Paid Search,Mobile,397,359,1344,0.433,143.0,10.0,7767.17,3348.67
2026-03-01,Organic Search,Mobile,472,375,1410,0.452,142.0,10.0,7585.2,0.0
2026-05-24,Referral,Mobile,241,215,680,0.422,140.0,3.0,2818.75,449.2
2026-01-14,Social Media,Tablet,176,151,472,0.561,142.0,4.0,2162.51,602.02
2026-11-13,Referral,Tablet,49,40,149,0.381,165.0,5.0,4635.07,76.85
2026-03-06,Social Media,Tablet,118,95,370,0.502,176.0,4.0,2290.68,396.63
2026-06-09,Social Media,Tablet,214,175,486,0.556,138.0,5.0,3417.96,630.47
2026-07-27,Email,Desktop,246,210,665,0.273,149.0,14.0,11660.06,305.72
2026-05-14,Paid Search,Desktop,526,458,1413,0.466,214.0,15.0,12332.4,5047.62
2026-07-15,Social Media,Mobile,549,436,1900,0.541,197.0,8.0,5643.11,1972.11
2026-07-10,Organic Search,Mobile,720,654,1872,0.389,143.0,23.0,17949.78,0.0
2026-05-23,Social Media,Mobile,451,409,1059,0.566,113.0,16.0,9955.27,1309.09
2026-03-31,Paid Search,Desktop,535,480,1149,0.441,217.0,16.0,13817.54,4397.4
2026-12-18,Referral,Mobile,157,139,422,0.444,102.0,4.0,2663.27,250.94
2026-05-10,Organic Search,Tablet,202,179,587,0.376,146.0,10.0,9601.65,0.0
2026-05-31,Email,Desktop,196,159,485,0.285,165.0,11.0,9871.61,225.0
2026-12-16,Referral,Desktop,120,103,333,0.405,200.0,4.0,3101.28,199.79
2026-03-14,Referral,Mobile,204,177,496,0.418,173.0,5.0,3574.38,344.95
2026-07-11,Email,Mobile,264,230,762,0.341,157.0,9.0,7914.06,311.86
2026-07-31,Direct,Tablet,53,42,155,0.39,139.0,3.0,3261.73,0.0
2026-12-06,Paid Search,Mobile,409,332,986,0.457,178.0,10.0,7053.76,3248.84
2026-05-12,Paid Search,Mobile,457,362,1005,0.454,115.0,13.0,9208.66,3668.67
2026-04-20,Direct,Mobile,375,327,1091,0.423,155.0,11.0,10016.11,0.0
2026-07-15,Paid Search,Mobile,510,434,1473,0.498,95.0,9.0,8135.8,4299.41
2026-04-08,Referral,Desktop,204,184,429,0.504,161.0,8.0,5325.74,379.47
2026-10-28,Organic Search,Mobile,627,513,2160,0.442,122.0,18.0,17467.0,0.0
2026-06-02,Paid Search,Desktop,517,442,1177,0.467,197.0,14.0,10980.11,4973.18
2026-12-06,Direct,Desktop,239,196,818,0.323,165.0,12.0,11407.76,0.0
2026-05-18,Social Media,Desktop,432,350,1268,0.528,188.0,9.0,6394.07,1204.44
2026-08-11,Email,Tablet,79,65,271,0.347,152.0,4.0,2802.65,96.46
2026-09-20,Organic Search,Tablet,207,184,675,0.393,143.0,5.0,4280.93,0.0
2026-03-24,Referral,Tablet,84,75,214,0.374,142.0,3.0,2282.8,135.44
2026-08-22,Direct,Desktop,241,196,794,0.371,237.0,7.0,6955.99,0.0
2026-04-30,Referral,Mobile,191,152,498,0.447,138.0,9.0,6134.01,356.87
2026-03-06,Referral,Tablet,120,97,285,0.377,165.0,2.0,1334.97,189.89
2026-11-26,Paid Search,Desktop,410,342,1202,0.423,160.0,11.0,7336.03,3587.65
2026-01-13,Referral,Mobile,204,172,610,0.43,161.0,4.0,2805.07,326.14
2026-01-04,Direct,Desktop,198,175,689,0.311,162.0,16.0,15373.85,0.0
2026-03-31,Organic Search,Mobile,686,568,1500,,104.0,25.0,22046.57,0.0
2026-07-02,Social Media,Mobile,582,491,1460,0.562,133.0,8.0,6083.38,1774.22
2026-07-19,Direct,Tablet,101,81,324,0.35,177.0,1.0,986.45,0.0
2026-09-15,Social Media,Desktop,336,264,1037,0.524,174.0,10.0,7289.71,914.65
2026-01-07,Referral,Tablet,73,57,199,0.413,142.0,2.0,1694.11,149.04
2026-10-25,Paid Search,Mobile,421,370,1151,0.501,83.0,16.0,11587.03,3808.41
2026-03-14,Organic Search,Desktop,531,462,1606,0.373,234.0,12.0,9300.54,0.0
2026-04-20,Direct,Tablet,58,48,168,0.308,183.0,3.0,2730.57,0.0
2026-11-26,Paid Search,Mobile,463,410,1198,0.584,115.0,10.0,8448.37,3535.57
2026-11-23,Email,Tablet,146,132,398,0.266,137.0,7.0,5039.44,181.93
2026-04-26,Paid Search,Tablet,158,134,427,0.472,141.0,5.0,3050.13,1317.25
2026-09-12,Social Media,Tablet,191,168,633,0.533,154.0,4.0,2267.43,574.15
2026-12-11,Email,Mobile,207,177,635,0.365,147.0,7.0,5858.01,221.57
2026-06-21,Social Media,Tablet,78,62,202,0.469,155.0,0.0,0.0,262.67
2026-11-12,Referral,Mobile,83,69,258,0.444,130.0,3.0,2564.77,129.21
2026-07-05,Referral,Desktop,153,133,532,0.356,164.0,6.0,4179.43,301.7
2026-11-22,Social Media,Tablet,60,50,153,0.589,135.0,2.0,1034.84,210.75
2026-06-05,Social Media,Mobile,463,410,1161,0.577,121.0,6.0,4943.39,1460.46
2026-02-21,Organic Search,Desktop,518,452,1199,0.402,195.0,19.0,17320.3,0.0
2026-04-02,Social Media,Tablet,188,154,594,0.549,127.0,0.0,0.0,688.9
2026-10-12,Email,Mobile,276,244,883,0.371,118.0,19.0,19276.39,323.25
2026-10-12,Direct,Tablet,93,80,312,0.431,121.0,5.0,4411.02,0.0
2026-10-04,Email,Mobile,249,224,792,0.331,138.0,10.0,8870.31,324.0
2026-10-29,Direct,Mobile,277,216,802,0.442,141.0,2.0,1845.92,0.0
2026-09-14,Direct,Mobile,324,274,946,0.389,105.0,10.0,8882.38,0.0
2026-01-21,Paid Search,Mobile,494,435,1139,0.464,116.0,11.0,9153.78,3584.03
2026-07-02,Email,Tablet,148,121,478,0.331,115.0,9.0,7759.5,199.9
2026-04-29,Organic Search,Mobile,759,679,1667,0.432,131.0,19.0,13578.37,0.0
2026-08-18,Organic Search,Mobile,736,578,2274,0.405,86.0,21.0,18266.77,0.0
2026-09-11,Referral,Desktop,164,137,388,0.409,204.0,4.0,2922.48,306.59
2026-01-30,Paid Search,Desktop,481,379,1030,0.387,151.0,12.0,7865.43,4564.01
2026-09-25,Referral,Desktop,119,99,302,0.362,232.0,5.0,3862.1,239.39
2026-01-04,Organic Search,Mobile,519,464,1605,0.457,109.0,12.0,8916.3,0.0
2026-02-05,Social Media,Tablet,82,71,244,0.561,160.0,0.0,0.0,238.16
2026-01-17,Direct,Tablet,45,38,97,0.343,133.0,2.0,1870.79,0.0
2026-06-03,Direct,Desktop,290,241,712,0.383,150.0,19.0,20045.08,0.0
2026-03-12,Referral,Mobile,175,149,369,0.482,116.0,5.0,3517.76,297.06
2026-09-20,Paid Search,Mobile,468,370,1449,0.442,60.0,16.0,13925.21,3583.26
2026-04-25,Paid Search,Desktop,396,317,842,0.443,208.0,11.0,9874.81,3677.72
2026-10-26,Direct,Desktop,267,215,764,0.333,168.0,8.0,9430.81,0.0
2026-10-13,Referral,Desktop,79,67,173,0.435,167.0,4.0,2841.56,123.5
2026-09-04,Paid Search,Mobile,507,401,1665,0.453,87.0,9.0,7653.07,4481.39
2026-07-22,Social Media,Tablet,98,88,235,0.466,114.0,1.0,423.3,296.55
2026-08-19,Paid Search,Desktop,550,484,1417,0.453,162.0,19.0,12498.79,5026.13
2026-06-09,Referral,Mobile,225,197,527,0.4,138.0,3.0,1887.17,353.06
2026-08-22,Social Media,Tablet,57,46,162,0.554,111.0,1.0,571.35,164.9
2026-10-15,Email,Desktop,344,297,1144,0.276,179.0,17.0,15801.97,394.7
2026-05-08,Organic Search,Desktop,560,485,1697,0.379,197.0,18.0,17815.35,0.0
2026-05-06,Email,Tablet,106,85,296,0.365,139.0,6.0,5303.99,123.97
2026-10-19,Organic Search,Tablet,193,171,572,0.413,111.0,7.0,6237.9,0.0
2026-05-08,Email,Mobile,418,348,1051,0.32,134.0,14.0,12969.24,475.58
2026-04-08,Social Media,Mobile,428,358,1340,0.528,96.0,9.0,6185.27,1531.75
2026-10-16,Direct,Mobile,375,301,1110,0.419,122.0,12.0,11065.38,0.0
2026-04-20,Social Media,Desktop,419,347,977,0.515,215.0,4.0,1974.41,1266.15
2026-11-13,Paid Search,Tablet,148,120,411,0.41,156.0,5.0,3815.32,1075.75
2026-06-23,Paid Search,Desktop,513,454,1735,0.432,217.0,24.0,17874.47,4123.72
2026-05-13,Referral,Tablet,142,115,316,0.517,175.0,6.0,4579.22,265.4
2026-01-30,Organic Search,Mobile,785,679,2509,0.477,78.0,23.0,24137.19,0.0
2026-11-03,Referral,Mobile,231,210,513,0.445,103.0,5.0,4007.13,470.2
2026-08-05,Direct,Desktop,355,306,1221,0.382,223.0,13.0,13274.68,0.0
2026-12-06,Referral,Tablet,88,75,226,0.494,159.0,4.0,2582.35,146.4
2026-09-19,Organic Search,Mobile,526,477,1230,0.363,83.0,17.0,16425.33,0.0
2026-11-07,Paid Search,Tablet,178,150,478,0.405,113.0,2.0,1789.49,1656.16
2026-11-18,Social Media,Desktop,399,328,916,0.457,205.0,12.0,8847.33,1378.37
2026-06-23,Social Media,Tablet,172,154,376,0.541,118.0,4.0,2631.56,540.23
2026-08-19,Referral,Mobile,192,168,496,0.473,150.0,5.0,2947.4,310.15
2026-04-20,Social Media,Mobile,460,412,1337,0.604,131.0,7.0,4740.47,1362.03
2026-02-07,Paid Search,Tablet,189,149,616,0.399,162.0,3.0,2362.07,1756.81
2026-08-21,Direct,Desktop,375,309,1181,0.323,178.0,12.0,13348.24,0.0
2026-02-07,Organic Search,Desktop,485,404,1230,0.424,169.0,10.0,7838.84,0.0
2026-11-12,Social Media,Tablet,75,59,257,0.593,134.0,1.0,686.64,247.11
2026-04-15,Referral,Desktop,224,194,665,0.396,161.0,8.0,7478.84,460.84
2026-07-01,Social Media,Tablet,234,206,645,0.591,128.0,5.0,2909.56,702.23
2026-01-16,Email,Mobile,249,222,742,0.319,127.0,15.0,12150.51,257.25
2026-04-06,Email,Desktop,307,254,934,0.32,137.0,12.0,10333.48,375.3
2026-06-13,Direct,Mobile,332,291,921,0.398,120.0,8.0,8022.06,0.0
2026-09-05,Email,Desktop,199,165,513,0.325,182.0,7.0,7039.91,242.76
2026-02-19,Referral,Tablet,105,86,259,0.34,147.0,3.0,1936.62,199.61
2026-12-20,Email,Tablet,94,75,257,0.308,139.0,3.0,2635.16,102.23
2026-02-12,Paid Search,Mobile,533,416,1814,0.441,150.0,12.0,10757.36,5062.71
2026-04-16,Referral,Mobile,224,197,718,0.467,150.0,7.0,4590.29,388.87
2026-08-13,Email,Mobile,257,223,544,0.297,118.0,12.0,11144.53,320.58
2026-08-01,Social Media,Mobile,292,263,773,0.513,85.0,6.0,4366.06,871.21
2026-08-18,Referral,Mobile,206,161,644,0.482,115.0,7.0,5758.65,360.66
2026-08-01,Organic Search,Tablet,121,97,328,0.3,116.0,2.0,1849.67,0.0
2026-08-27,Referral,Mobile,191,171,668,0.371,112.0,4.0,3093.69,364.76
2026-11-06,Social Media,Mobile,340,299,784,0.613,144.0,2.0,1243.37,984.37
2026-05-25,Organic Search,Mobile,679,573,1781,0.436,167.0,17.0,14485.03,0.0
2026-08-20,Social Media,Desktop,448,383,1480,0.495,198.0,6.0,3783.71,1514.87
2026-06-18,Social Media,Mobile,478,424,1218,0.599,110.0,10.0,8143.1,1356.96
2026-07-18,Referral,Desktop,188,156,402,0.386,189.0,6.0,4105.34,298.48
2026-06-07,Social Media,Desktop,351,315,1097,0.558,196.0,4.0,3071.7,1013.09
2026-10-30,Direct,Mobile,296,244,676,0.369,122.0,13.0,10766.03,0.0
2026-07-12,Referral,Mobile,165,130,539,0.39,103.0,4.0,3245.91,301.85
2026-01-08,Email,Tablet,98,78,314,0.312,152.0,6.0,4681.13,129.33
2026-09-29,Direct,Tablet,170,149,549,0.37,177.0,8.0,9052.54,0.0
2026-05-02,Organic Search,Tablet,159,140,345,0.367,121.0,7.0,6677.02,0.0
2026-04-29,Paid Search,Mobile,566,493,1415,0.499,143.0,21.0,16023.42,4356.77
2026-06-26,Email,Desktop,335,280,1163,0.264,221.0,17.0,12692.5,368.49
2026-09-27,Direct,Desktop,297,268,899,0.399,211.0,17.0,15888.19,0.0
2026-09-15,Email,Tablet,101,86,260,0.318,116.0,13.0,12640.57,115.74
2026-10-12,Paid Search,Desktop,410,339,1286,0.457,198.0,16.0,8443.25,3917.82
2026-11-14,Email,Desktop,209,166,701,0.303,184.0,13.0,13291.76,230.6
2026-08-25,Direct,Mobile,400,359,1329,0.363,123.0,12.0,11060.77,0.0
2026-08-30,Social Media,Desktop,278,223,817,0.518,192.0,6.0,3058.21,832.75
2026-03-15,Referral,Tablet,56,47,175,0.384,193.0,2.0,1546.96,93.23
2026-04-23,Organic Search,Mobile,851,679,2379,0.393,120.0,20.0,19604.33,0.0
2026-09-10,Social Media,Desktop,304,251,926,0.553,209.0,4.0,2550.24,1115.45
2026-05-18,Referral,Mobile,203,164,706,0.468,143.0,3.0,2444.13,347.39
2026-03-17,Social Media,Tablet,144,128,469,0.472,144.0,3.0,2025.81,502.66
2026-03-15,Referral,Desktop,163,141,391,0.319,186.0,3.0,1925.47,287.2
2026-12-26,Email,Mobile,237,200,681,0.426,115.0,12.0,12022.15,298.57
2026-04-30,Social Media,Tablet,139,117,339,0.528,118.0,1.0,485.26,502.29
2026-09-09,Direct,Desktop,298,262,1008,0.386,215.0,13.0,13207.83,0.0
2026-04-28,Referral,Mobile,214,177,557,0.465,133.0,6.0,4939.57,424.33
2026-09-17,Email,Tablet,23,19,66,0.348,166.0,3.0,2938.76,29.25
2026-08-10,Paid Search,Desktop,518,453,1736,0.476,187.0,17.0,11832.1,3999.1
2026-03-11,Email,Mobile,324,281,844,0.292,123.0,19.0,15135.18,346.55
2026-07-02,Organic Search,Tablet,274,229,587,0.37,144.0,10.0,8099.61,0.0
2026-07-07,Social Media,Tablet,185,150,525,0.521,153.0,5.0,3601.9,573.11
2026-06-06,Social Media,Desktop,374,339,1024,0.486,201.0,4.0,2614.69,1022.48
2026-09-20,Paid Search,Desktop,381,343,954,0.394,137.0,12.0,9624.09,3062.95
2026-04-13,Direct,Desktop,343,281,1069,0.286,194.0,13.0,12727.63,0.0
2026-09-27,Referral,Mobile,162,127,460,0.463,100.0,5.0,4628.51,331.63
2026-06-18,Direct,Mobile,361,309,1182,0.42,114.0,14.0,13114.29,0.0
2026-01-22,Email,Mobile,203,167,461,0.331,97.0,5.0,4338.79,274.0
2026-01-14,Organic Search,Mobile,632,542,1720,0.377,160.0,22.0,19337.75,0.0
2026-03-01,Referral,Desktop,155,140,403,0.4,173.0,3.0,2182.73,268.82
2026-04-21,Paid Search,Mobile,585,488,1644,0.449,94.0,14.0,9648.3,5641.14
2026-08-31,Social Media,Mobile,491,443,1161,0.594,142.0,10.0,6013.53,1521.79
2026-08-09,Organic Search,Tablet,270,240,931,0.42,117.0,5.0,3901.91,0.0
2026-02-12,Direct,Tablet,51,40,163,0.369,175.0,4.0,3582.88,0.0
2026-05-01,Paid Search,Tablet,162,144,435,0.499,175.0,6.0,4184.12,1270.03
2026-09-09,Referral,Desktop,204,159,674,0.385,219.0,6.0,5029.83,352.13
2026-02-07,Social Media,Mobile,330,282,1038,0.527,138.0,5.0,3443.81,1102.24
2026-01-14,Referral,Desktop,143,116,306,0.468,151.0,5.0,2853.41,219.85
2026-03-29,Social Media,Tablet,184,164,587,0.589,167.0,6.0,3131.05,626.79
2026-07-09,Referral,Tablet,30,25,84,0.409,119.0,0.0,0.0,56.59
2026-04-26,Email,Tablet,69,56,208,0.327,154.0,2.0,1697.72,74.36
2026-04-12,Paid Search,Tablet,154,127,513,0.391,159.0,3.0,2324.95,1125.56
2026-12-04,Social Media,Mobile,354,304,1233,0.561,100.0,7.0,6454.06,1273.05
2026-12-16,Organic Search,Desktop,507,452,1172,0.324,159.0,16.0,13741.36,0.0
2026-09-10,Social Media,Tablet,128,105,361,0.545,184.0,3.0,2012.31,367.22
2026-11-06,Paid Search,Desktop,430,344,1035,0.452,186.0,10.0,7652.41,3379.64
2026-02-09,Direct,Tablet,153,134,442,0.343,133.0,7.0,6471.34,0.0
2026-11-21,Referral,Tablet,49,43,124,0.357,111.0,1.0,795.61,75.24
2026-12-07,Social Media,Desktop,350,296,945,0.508,189.0,8.0,6602.26,961.28
2026-04-24,Direct,Tablet,148,121,321,0.377,106.0,2.0,1905.07,0.0
2026-10-20,Social Media,Tablet,93,80,252,0.561,105.0,2.0,1368.46,297.97
2026-08-21,Organic Search,Tablet,318,252,787,0.356,131.0,17.0,14551.29,0.0
2026-09-25,Paid Search,Desktop,450,377,1515,0.407,203.0,9.0,6599.46,4030.65
2026-06-01,Social Media,Desktop,387,321,988,0.501,182.0,10.0,7076.81,1176.85
2026-11-26,Social Media,Tablet,144,117,389,0.497,175.0,4.0,2527.68,456.85
2026-03-23,Organic Search,Tablet,267,242,742,0.402,158.0,6.0,5541.61,0.0
2026-04-03,Direct,Desktop,292,239,844,0.403,184.0,14.0,13869.74,0.0
2026-06-03,Organic Search,Tablet,225,185,736,0.344,135.0,7.0,5745.43,0.0
2026-04-22,Organic Search,Tablet,192,173,450,0.348,134.0,12.0,10549.02,0.0
2026-09-11,Referral,Tablet,42,33,129,0.317,194.0,1.0,703.51,80.17
2026-09-14,Paid Search,Tablet,136,109,385,0.438,161.0,5.0,4846.7,1174.99
2026-01-23,Social Media,Tablet,109,85,270,0.561,136.0,2.0,1287.7,340.54
2026-01-22,Social Media,Desktop,320,256,820,0.556,220.0,4.0,2226.3,1036.82
2026-11-24,Paid Search,Tablet,189,165,425,0.445,122.0,6.0,4488.77,1444.88
2026-04-30,Email,Mobile,324,254,927,0.38,127.0,14.0,12598.24,434.17
2026-04-01,Direct,Mobile,449,372,1463,0.419,107.0,18.0,15781.92,0.0
2026-12-01,Organic Search,Mobile,502,417,1284,0.356,134.0,18.0,14905.92,0.0
2026-11-07,Organic Search,Desktop,450,371,1245,0.363,176.0,16.0,13001.99,0.0
2026-09-23,Direct,Tablet,212,176,492,0.321,145.0,3.0,3198.09,0.0
2026-08-07,Organic Search,Mobile,666,541,2038,0.46,155.0,18.0,14826.22,0.0
2026-10-24,Social Media,Tablet,142,125,458,0.461,175.0,4.0,3131.83,452.41
2026-08-20,Organic Search,Desktop,615,530,2060,0.352,170.0,27.0,24854.8,0.0
2026-10-02,Referral,Mobile,191,170,563,0.499,137.0,5.0,3063.61,311.72
2026-10-25,Direct,Desktop,234,209,761,0.32,216.0,19.0,20266.93,0.0
2026-01-13,Social Media,Mobile,357,281,973,0.554,94.0,4.0,2232.9,1225.65
2026-05-02,Referral,Desktop,135,111,451,0.327,174.0,4.0,3055.88,274.57
2026-06-24,Paid Search,Mobile,591,467,1833,0.527,145.0,14.0,12132.98,5235.6
2026-09-06,Paid Search,Tablet,151,132,367,0.477,130.0,7.0,5419.99,1184.45
2026-04-12,Social Media,Desktop,353,292,1005,0.533,236.0,5.0,3666.77,985.98
2026-12-01,Referral,Tablet,92,74,267,0.388,146.0,2.0,1500.12,167.92
2026-10-12,Direct,Desktop,312,276,697,0.373,180.0,17.0,16505.88,0.0
2026-10-04,Paid Search,Mobile,367,306,891,0.435,109.0,11.0,8064.24,3566.62
2026-02-14,Paid Search,Tablet,120,102,395,0.524,105.0,3.0,2749.43,1170.48
2026-06-09,Email,Desktop,301,246,1019,0.286,209.0,19.0,16291.51,349.2
2026-01-01,Email,Desktop,178,144,388,0.33,188.0,11.0,9650.02,231.79
2026-04-19,Organic Search,Desktop,484,427,1250,0.358,131.0,17.0,16027.13,0.0
2026-04-13,Organic Search,Tablet,277,236,743,0.332,146.0,9.0,6725.07,0.0
2026-09-24,Referral,Mobile,213,168,505,0.432,103.0,7.0,3632.14,428.72
2026-01-15,Paid Search,Desktop,437,393,1225,0.408,188.0,13.0,8536.48,3656.84
2026-11-14,Social Media,Mobile,325,263,933,0.571,180.0,4.0,2226.57,985.52
2026-09-07,Paid Search,Desktop,496,422,1697,0.41,156.0,21.0,19673.56,3973.15
2026-11-25,Social Media,Tablet,114,89,243,0.591,144.0,0.0,0.0,416.03
2026-03-29,Referral,Desktop,152,131,350,0.334,184.0,2.0,1531.49,304.33
2026-06-14,Paid Search,Mobile,584,483,1411,0.514,131.0,14.0,11457.31,4958.22
2026-02-21,Social Media,Desktop,299,237,1004,0.486,225.0,6.0,4006.06,820.18
2026-11-19,Email,Tablet,43,35,128,0.267,155.0,3.0,2904.1,53.87
2026-05-20,Social Media,Desktop,410,324,899,0.519,221.0,12.0,7048.86,1393.29
2026-10-07,Organic Search,Tablet,112,93,390,0.37,172.0,4.0,3565.57,0.0
2026-10-23,Email,Mobile,402,324,1223,0.348,174.0,13.0,13978.03,488.84
2026-07-29,Direct,Mobile,314,284,1085,0.354,98.0,7.0,6826.03,0.0
2026-09-26,Email,Tablet,61,48,151,0.32,193.0,4.0,3841.1,80.73
2026-08-18,Direct,Tablet,96,76,262,0.359,141.0,3.0,3035.03,0.0
2026-10-03,Direct,Tablet,126,106,265,0.375,155.0,6.0,5736.8,0.0
2026-06-04,Social Media,Mobile,578,495,1802,0.553,153.0,2.0,1353.44,1907.65
2026-01-30,Referral,Tablet,22,17,49,0.393,118.0,1.0,799.46,42.26
2026-06-02,Email,Desktop,272,239,658,0.249,193.0,18.0,16328.05,342.4
2026-11-24,Direct,Desktop,272,235,573,0.344,159.0,8.0,7679.11,0.0
2026-11-29,Referral,Mobile,151,129,417,0.409,117.0,3.0,2545.98,308.74
2026-10-31,Direct,Mobile,323,285,1014,0.333,115.0,11.0,10262.47,0.0
2026-03-05,Email,Tablet,91,81,270,0.361,160.0,7.0,5974.42,103.09
2026-10-12,Referral,Desktop,108,97,288,0.416,196.0,2.0,1544.33,209.39
2026-09-06,Paid Search,Mobile,470,389,1348,0.439,108.0,8.0,5243.2,4425.79
2026-02-07,Organic Search,Mobile,529,422,1520,0.499,86.0,12.0,9006.23,0.0
2026-06-17,Direct,Mobile,380,326,1227,0.4,139.0,13.0,14537.07,0.0
2026-01-20,Referral,Desktop,267,211,924,0.439,160.0,7.0,5244.73,542.78
2026-10-09,Paid Search,Tablet,117,96,337,0.357,192.0,2.0,1620.3,932.39
2026-06-07,Paid Search,Tablet,107,91,312,0.459,172.0,2.0,1523.65,870.91
2026-06-04,Email,Tablet,106,87,246,0.249,142.0,3.0,2728.77,131.09
2026-03-17,Paid Search,Desktop,485,426,1645,0.514,169.0,15.0,10323.13,4725.59
2026-10-13,Organic Search,Mobile,675,533,1732,0.429,111.0,17.0,14748.53,0.0
2026-01-27,Organic Search,Tablet,240,191,693,0.389,165.0,7.0,6122.9,0.0
2026-05-31,Paid Search,Desktop,382,315,1224,0.468,179.0,13.0,9817.25,3480.62
2026-07-05,Organic Search,Desktop,502,446,1135,0.414,224.0,6.0,5298.91,0.0
2026-07-22,Organic Search,Mobile,769,665,1797,0.411,135.0,26.0,24404.18,0.0
2026-03-19,Email,Mobile,257,221,719,0.308,132.0,16.0,15101.12,315.58
2026-07-19,Organic Search,Tablet,189,159,534,0.454,157.0,7.0,4942.34,0.0
2026-11-23,Referral,Tablet,20,17,52,0.394,132.0,0.0,0.0,36.39
2026-10-20,Social Media,Desktop,448,381,1525,0.602,172.0,8.0,5270.11,1623.01
2026-11-10,Email,Tablet,107,93,260,0.326,155.0,5.0,4948.22,134.22
2026-07-07,Email,Mobile,344,288,1038,0.31,151.0,11.0,10052.85,417.07
2026-03-11,Direct,Tablet,126,100,353,0.381,145.0,3.0,3110.69,0.0
2026-07-15,Organic Search,Tablet,176,158,532,0.351,162.0,4.0,3519.61,0.0
2026-11-10,Referral,Tablet,61,53,205,0.358,174.0,4.0,2401.94,119.56
2026-11-18,Organic Search,Desktop,468,404,1002,0.402,211.0,18.0,16936.07,0.0
2026-03-11,Social Media,Tablet,201,162,447,0.521,157.0,3.0,1973.09,730.06
2026-11-18,Referral,Tablet,65,54,218,0.409,163.0,1.0,805.56,119.37
2026-10-25,Organic Search,Tablet,160,127,526,0.379,144.0,4.0,3495.97,0.0
2026-12-29,Social Media,Desktop,341,275,761,0.478,176.0,8.0,5279.27,1145.66
2026-08-27,Direct,Tablet,156,122,432,0.347,135.0,2.0,1903.32,0.0
2026-07-02,Social Media,Tablet,190,159,566,0.589,193.0,2.0,1191.29,607.39
2026-06-12,Referral,Tablet,55,44,120,0.359,138.0,2.0,1667.49,96.18
2026-08-20,Referral,Tablet,20,15,56,0.48,182.0,0.0,0.0,33.3
2026-10-20,Direct,Desktop,289,227,721,0.338,119.0,12.0,9727.8,0.0
2026-09-30,Direct,Tablet,65,54,198,0.368,194.0,3.0,3278.65,0.0
2026-04-13,Referral,Mobile,255,226,842,0.364,85.0,9.0,7266.64,410.37
2026-12-08,Paid Search,Desktop,356,311,945,0.39,212.0,10.0,8583.8,3192.59
2026-12-22,Paid Search,Desktop,415,368,938,0.411,177.0,14.0,13003.79,3448.72
2026-04-27,Referral,Tablet,21,16,48,0.321,118.0,1.0,754.75,32.58
2026-01-08,Social Media,Mobile,340,308,1068,0.552,127.0,5.0,2561.34,1003.21
2026-10-18,Referral,Mobile,90,71,289,0.381,111.0,1.0,728.3,141.58
2026-10-07,Social Media,Mobile,392,345,980,0.537,156.0,5.0,2828.72,1184.8
2026-02-21,Email,Mobile,196,158,625,0.342,126.0,7.0,5139.83,206.07
2026-02-15,Direct,Mobile,254,227,546,0.363,135.0,13.0,10234.22,0.0
2026-11-28,Paid Search,Desktop,283,227,794,0.426,165.0,4.0,3364.8,2743.82
2026-03-27,Organic Search,Mobile,669,587,2110,0.368,129.0,23.0,20826.69,0.0
2026-03-09,Social Media,Tablet,168,146,519,0.583,145.0,1.0,716.37,594.14
2026-01-29,Organic Search,Desktop,496,421,1470,0.404,168.0,12.0,9905.14,0.0
2026-08-27,Organic Search,Mobile,607,514,1386,0.418,112.0,13.0,7965.14,0.0
2026-04-21,Referral,Mobile,172,139,574,0.43,83.0,2.0,1242.85,321.1
2026-06-20,Direct,Desktop,348,306,957,0.322,171.0,21.0,18863.82,0.0
2026-04-19,Direct,Tablet,121,109,413,0.323,145.0,7.0,6687.58,0.0
2026-03-18,Referral,Mobile,190,152,430,0.48,126.0,5.0,2831.31,303.89
2026-02-19,Direct,Desktop,344,292,969,0.397,128.0,15.0,14199.17,0.0
2026-10-01,Email,Mobile,269,212,641,0.322,105.0,16.0,12936.4,285.11
2026-01-26,Paid Search,Tablet,190,163,423,0.471,149.0,5.0,3567.25,1395.71
2026-11-18,Organic Search,Mobile,585,466,1358,0.398,142.0,9.0,7953.19,0.0
2026-12-04,Referral,Desktop,215,194,742,0.401,216.0,10.0,8172.53,342.73
2026-07-26,Organic Search,Mobile,649,568,1860,0.507,97.0,15.0,9902.99,0.0
2026-12-03,Social Media,Tablet,189,149,405,0.446,162.0,4.0,3497.51,620.64
2026-09-27,Social Media,Mobile,387,337,874,0.614,140.0,10.0,6016.18,1298.52
2026-09-21,Direct,Tablet,114,99,339,0.372,190.0,3.0,3484.0,0.0
2026-08-26,Organic Search,Tablet,196,172,417,0.399,135.0,4.0,3780.14,0.0
2026-07-15,Direct,Desktop,317,251,1017,0.406,200.0,17.0,18182.17,0.0
2026-08-18,Direct,Desktop,358,282,901,0.364,140.0,13.0,13396.98,0.0
2026-07-20,Organic Search,Tablet,225,201,527,0.416,154.0,7.0,5475.23,0.0
2026-02-09,Email,Tablet,73,63,162,0.38,178.0,3.0,2305.53,80.86
2026-08-21,Email,Mobile,363,293,1004,0.301,163.0,10.0,8828.21,449.3
2026-05-04,Organic Search,Desktop,573,518,1536,0.376,198.0,21.0,18161.53,0.0
2026-10-22,Email,Desktop,135,119,327,0.284,219.0,10.0,8724.96,176.76
2026-06-12,Social Media,Mobile,492,400,1706,0.529,127.0,2.0,1488.43,1744.81
2026-04-11,Email,Mobile,193,172,581,0.314,173.0,9.0,6666.5,202.55
2026-07-13,Direct,Desktop,307,271,988,0.296,190.0,12.0,11713.76,0.0
2026-06-24,Email,Desktop,303,258,803,0.293,208.0,19.0,13676.27,351.11
2026-04-12,Email,Desktop,198,157,530,0.342,181.0,11.0,9258.81,256.41
2026-03-06,Paid Search,Desktop,405,354,1239,0.479,140.0,13.0,11678.14,2998.29
2026-03-15,Email,Mobile,306,249,657,0.337,91.0,27.0,23378.83,379.52
2026-08-28,Email,Mobile,298,247,850,0.273,134.0,13.0,11421.4,383.21
2026-01-29,Social Media,Desktop,333,281,708,0.519,148.0,8.0,5080.53,1030.59
2026-04-04,Social Media,Desktop,371,329,957,0.406,211.0,3.0,1786.85,1088.46
2026-01-28,Direct,Mobile,331,268,817,0.43,74.0,18.0,19409.83,0.0
2026-11-27,Email,Mobile,224,197,735,0.278,92.0,9.0,8807.89,303.48
2026-04-14,Organic Search,Tablet,219,180,722,0.398,146.0,8.0,6042.46,0.0
2026-03-19,Organic Search,Tablet,295,252,800,0.382,98.0,6.0,5472.94,0.0
2026-11-08,Referral,Tablet,105,90,276,0.435,137.0,3.0,2263.97,189.74
2026-07-26,Email,Tablet,20,17,44,0.244,129.0,0.0,0.0,21.8
2026-05-13,Email,Mobile,378,302,1126,0.396,164.0,22.0,18985.38,471.08
2026-11-04,Referral,Desktop,112,101,342,0.358,172.0,4.0,2610.96,183.51
2026-06-29,Direct,Tablet,96,86,328,0.34,193.0,5.0,3536.98,0.0
2026-03-27,Email,Mobile,313,277,811,0.35,101.0,19.0,17975.92,351.72
2026-03-09,Email,Tablet,181,156,535,0.317,150.0,6.0,5518.08,188.53
2026-05-29,Referral,Tablet,134,108,324,0.375,167.0,2.0,1512.58,243.53
2026-06-16,Paid Search,Tablet,284,230,819,0.44,140.0,7.0,5073.33,2080.87
2026-11-03,Paid Search,Mobile,487,423,1666,0.458,150.0,10.0,8320.27,4313.43
2026-03-08,Paid Search,Desktop,405,361,1132,0.41,184.0,9.0,5941.66,3803.67
2026-11-17,Direct,Desktop,216,179,695,0.421,171.0,12.0,9589.49,0.0
2026-10-22,Organic Search,Mobile,605,473,1940,0.352,133.0,22.0,21065.18,0.0
2026-03-27,Direct,Desktop,351,303,1016,0.37,153.0,20.0,20444.28,0.0
2026-07-03,Social Media,Mobile,502,433,1748,0.604,143.0,7.0,4575.92,1669.94
2026-07-04,Direct,Desktop,274,232,771,0.35,187.0,11.0,9712.36,0.0
2026-05-22,Organic Search,Mobile,818,744,1828,0.413,127.0,25.0,21804.66,0.0
2026-02-22,Referral,Tablet,64,50,158,0.361,140.0,2.0,1402.6,109.48
2026-09-27,Paid Search,Mobile,359,284,923,0.434,132.0,10.0,10606.03,3003.62
2026-08-29,Email,Mobile,217,191,720,0.301,83.0,10.0,11362.18,229.77
2026-02-10,Direct,Desktop,275,249,672,0.366,241.0,12.0,10829.27,0.0
2026-12-31,Direct,Mobile,348,274,1142,0.448,178.0,8.0,7732.56,0.0
2026-03-06,Paid Search,Mobile,503,421,1500,0.49,127.0,11.0,7499.08,4681.58
2026-12-04,Direct,Tablet,102,89,333,0.339,133.0,5.0,5055.88,0.0
2026-07-03,Organic Search,Desktop,662,532,1600,0.385,154.0,19.0,16542.63,0.0
2026-06-15,Direct,Desktop,328,259,793,0.343,229.0,12.0,12945.02,0.0
2026-10-22,Direct,Mobile,311,249,962,0.414,122.0,8.0,8608.34,0.0
2026-10-14,Direct,Mobile,279,241,602,0.368,160.0,17.0,14520.6,0.0
2026-04-30,Direct,Tablet,179,147,380,0.327,129.0,6.0,5293.3,0.0
2026-03-01,Organic Search,Desktop,507,423,1222,0.364,200.0,13.0,12017.07,0.0
2026-05-26,Social Media,Desktop,362,290,1209,0.503,201.0,4.0,2234.73,990.91
2026-03-06,Referral,Desktop,258,212,882,0.4,205.0,8.0,5948.01,413.9
2026-06-29,Organic Search,Desktop,568,449,1595,0.366,177.0,16.0,12831.97,0.0
2026-07-22,Organic Search,Desktop,601,546,1979,0.412,179.0,20.0,17323.64,0.0
2026-11-07,Social Media,Tablet,114,89,355,0.581,136.0,3.0,2285.55,381.92
2026-06-13,Paid Search,Mobile,478,398,1619,0.441,105.0,11.0,8251.47,3544.87
2026-09-07,Email,Desktop,237,194,786,0.326,181.0,9.0,8526.7,291.43
2026-06-24,Social Media,Tablet,60,52,137,0.582,130.0,1.0,624.99,198.94
2026-10-04,Direct,Desktop,273,216,920,0.323,174.0,11.0,10598.11,0.0
2026-01-08,Referral,Tablet,51,40,168,0.364,143.0,2.0,1796.34,88.89
2026-12-28,Direct,Desktop,272,225,880,0.343,196.0,14.0,11781.6,0.0
2026-07-18,Direct,Mobile,312,258,802,0.473,150.0,11.0,11468.73,0.0
2026-10-02,Direct,Tablet,71,58,214,0.374,80.0,1.0,959.14,0.0
2026-06-04,Email,Mobile,368,333,981,0.381,137.0,15.0,13716.92,437.51
2026-02-09,Referral,Desktop,162,137,357,0.38,143.0,5.0,3915.77,274.13
2026-04-12,Organic Search,Mobile,618,552,1492,0.359,177.0,14.0,10746.3,0.0
2026-05-20,Organic Search,Desktop,716,563,1705,0.389,202.0,24.0,22009.0,0.0
2026-08-31,Paid Search,Mobile,540,433,1487,0.473,140.0,9.0,8067.37,4765.28
2026-08-20,Direct,Mobile,313,274,998,0.381,126.0,7.0,6560.32,0.0
2026-01-22,Referral,Tablet,29,23,64,0.451,176.0,1.0,957.22,46.66
2026-11-15,Social Media,Mobile,306,273,819,0.549,97.0,2.0,1063.99,1114.15
2026-12-19,Direct,Desktop,232,196,524,0.31,180.0,14.0,13943.36,0.0
2026-09-07,Email,Mobile,308,267,783,0.252,153.0,14.0,13579.93,408.29
2026-03-17,Referral,Desktop,176,140,459,0.351,175.0,4.0,2626.24,289.77
2026-11-29,Organic Search,Tablet,117,93,379,0.399,157.0,3.0,2675.71,0.0
2026-02-03,Organic Search,Mobile,653,543,1534,0.442,135.0,25.0,24023.56,0.0
2026-08-08,Email,Mobile,280,238,976,0.419,135.0,15.0,14441.87,357.87
2026-10-27,Email,Mobile,296,237,903,0.36,92.0,19.0,15694.83,341.72
2026-11-25,Direct,Mobile,281,232,670,0.396,110.0,8.0,7145.51,0.0
2026-10-04,Organic Search,Desktop,416,350,1341,0.413,183.0,17.0,13586.45,0.0
2026-06-11,Referral,Mobile,191,150,624,0.472,93.0,3.0,2267.09,293.64
2026-05-10,Paid Search,Mobile,499,401,1431,0.523,116.0,14.0,10431.46,4721.73
2026-11-10,Email,Mobile,180,150,554,0.362,150.0,11.0,9675.56,226.35
2026-07-29,Paid Search,Mobile,527,420,1283,0.476,145.0,8.0,6674.92,4471.67
2026-07-11,Organic Search,Tablet,173,146,365,0.378,117.0,6.0,5456.62,0.0
2026-08-02,Referral,Tablet,20,15,54,0.426,158.0,0.0,0.0,30.8
2026-08-18,Email,Mobile,301,271,861,0.332,157.0,12.0,11042.14,402.37
2026-12-01,Social Media,Desktop,274,246,889,0.527,180.0,4.0,2939.75,1001.68
2026-04-30,Organic Search,Mobile,737,637,2017,0.426,125.0,19.0,16815.06,0.0
2026-12-03,Paid Search,Tablet,90,72,211,0.394,126.0,0.0,0.0,776.17
2026-10-09,Referral,Desktop,124,108,306,0.424,169.0,6.0,3647.9,210.81
2026-03-29,Paid Search,Tablet,207,168,626,0.355,160.0,6.0,4341.05,1631.97
2026-08-15,Email,Tablet,99,81,336,0.333,162.0,5.0,5126.75,107.64
2026-03-04,Social Media,Desktop,318,259,1032,0.501,165.0,7.0,4499.97,932.92
2026-06-04,Direct,Tablet,45,36,113,0.401,136.0,0.0,0.0,0.0
2026-06-14,Referral,Desktop,147,124,347,0.416,200.0,3.0,2234.68,291.17
2026-05-20,Organic Search,Tablet,196,155,485,0.408,161.0,10.0,8935.06,0.0
2026-07-12,Email,Desktop,207,174,441,0.318,149.0,13.0,13601.45,218.76
2026-02-07,Email,Desktop,212,169,599,0.229,182.0,7.0,5609.49,232.09
2026-06-06,Organic Search,Desktop,552,465,1454,0.424,198.0,19.0,12543.07,0.0
2026-07-06,Organic Search,Desktop,691,603,2200,0.41,219.0,33.0,27356.53,0.0
2026-02-10,Social Media,Tablet,237,201,517,0.597,141.0,2.0,1202.58,750.41
2026-01-23,Referral,Mobile,179,155,575,0.483,116.0,4.0,2889.12,285.09
2026-06-24,Direct,Tablet,169,145,358,0.383,120.0,6.0,6081.3,0.0
2026-03-26,Paid Search,Mobile,487,411,1138,0.47,132.0,17.0,11547.73,3864.27
2026-11-16,Paid Search,Desktop,405,333,1391,0.424,206.0,16.0,12308.94,3308.83
2026-02-15,Referral,Desktop,142,125,388,0.415,216.0,2.0,1461.91,259.95
2026-07-01,Email,Desktop,293,264,780,0.284,191.0,13.0,9452.08,303.7
2026-08-09,Direct,Tablet,130,108,367,0.307,181.0,7.0,6925.26,0.0
2026-02-04,Paid Search,Mobile,431,369,1039,0.462,148.0,10.0,8423.0,3353.73
2026-01-07,Social Media,Desktop,300,262,754,0.459,194.0,7.0,4446.79,875.56
2026-01-24,Paid Search,Desktop,373,324,1069,0.42,201.0,9.0,7234.4,3359.43
2026-06-20,Email,Desktop,316,276,776,0.312,183.0,24.0,20770.4,344.01
2026-04-01,Paid Search,Tablet,122,97,343,0.375,174.0,5.0,4030.88,1086.29
2026-12-28,Email,Desktop,243,217,670,0.287,199.0,16.0,16168.51,281.03
2026-08-21,Email,Desktop,301,273,807,0.318,199.0,19.0,13348.75,345.38
2026-06-10,Referral,Mobile,245,205,549,0.455,103.0,9.0,6658.54,466.98
2026-12-07,Email,Desktop,206,187,719,0.277,190.0,14.0,11118.09,219.21
2026-04-26,Direct,Desktop,258,227,737,0.382,184.0,14.0,13484.17,0.0
2026-02-11,Referral,Desktop,196,174,640,0.384,149.0,11.0,8285.92,338.8
2026-05-22,Social Media,Tablet,231,198,630,0.517,137.0,8.0,4030.86,822.02
2026-08-09,Email,Desktop,174,139,397,0.331,201.0,12.0,12004.92,190.11
2026-07-07,Social Media,Mobile,529,425,1271,0.534,112.0,6.0,4329.65,1657.34
2026-11-15,Organic Search,Tablet,102,86,281,0.39,126.0,4.0,3306.32,0.0
2026-08-17,Paid Search,Desktop,550,432,1623,0.46,195.0,16.0,14411.14,4301.68
2026-05-16,Direct,Tablet,53,43,118,0.323,172.0,3.0,3205.03,0.0
2026-09-01,Social Media,Desktop,360,296,1151,0.512,209.0,4.0,2323.68,1077.03
2026-03-01,Paid Search,Mobile,433,367,918,0.492,146.0,6.0,4074.44,3483.32
2026-08-06,Social Media,Mobile,366,308,1186,0.511,124.0,4.0,2932.59,1211.25
2026-10-21,Direct,Mobile,380,338,1059,0.348,135.0,13.0,12537.95,0.0
2026-11-04,Email,Mobile,237,193,544,0.328,155.0,11.0,11513.69,256.23
2026-10-27,Paid Search,Tablet,120,102,404,0.465,163.0,4.0,2992.67,1131.44
2026-11-15,Social Media,Tablet,133,105,331,0.552,99.0,2.0,1510.51,405.56
2026-07-14,Social Media,Desktop,437,361,1326,0.513,174.0,14.0,8123.64,1194.68
2026-06-02,Organic Search,Tablet,204,181,520,0.44,149.0,5.0,5292.38,0.0
2026-10-08,Direct,Desktop,274,217,646,0.354,218.0,16.0,15475.3,0.0
2026-08-11,Paid Search,Mobile,529,470,1243,0.485,140.0,13.0,11062.76,4343.34
2026-03-29,Organic Search,Tablet,172,136,472,0.32,139.0,3.0,2576.99,0.0
2026-05-15,Referral,Desktop,253,225,662,0.366,183.0,7.0,2729.94,478.82
2026-07-28,Organic Search,Tablet,168,142,412,0.42,127.0,10.0,7105.51,0.0
2026-12-05,Organic Search,Desktop,384,332,1221,0.355,118.0,16.0,14799.07,0.0
2026-04-04,Direct,Mobile,264,219,677,0.427,164.0,10.0,7754.13,0.0
2026-02-17,Paid Search,Tablet,201,170,617,0.385,164.0,8.0,7748.1,1866.6
2026-07-17,Organic Search,Desktop,713,593,1621,0.395,157.0,30.0,24236.77,0.0
2026-02-19,Direct,Mobile,363,316,788,0.385,146.0,14.0,13597.68,0.0
2026-09-13,Organic Search,Tablet,184,144,411,0.413,117.0,2.0,1727.47,0.0
2026-11-23,Email,Mobile,264,208,815,0.407,120.0,7.0,5309.36,301.91
2026-01-19,Email,Tablet,51,43,177,0.321,126.0,3.0,2894.94,58.54
2026-06-07,Direct,Mobile,340,284,727,0.373,132.0,9.0,9275.67,0.0
2026-06-21,Email,Desktop,235,205,732,0.346,195.0,16.0,15336.15,280.69
2026-09-14,Paid Search,Desktop,480,432,1581,0.406,206.0,17.0,15237.58,4262.0
2026-03-16,Referral,Mobile,222,191,755,0.389,148.0,6.0,4208.25,339.78
2026-02-26,Social Media,Mobile,441,353,1512,0.568,146.0,5.0,3184.36,1456.86
2026-06-06,Social Media,Tablet,33,25,85,0.53,198.0,0.0,0.0,108.84
2026-04-01,Email,Tablet,165,146,348,0.299,135.0,1.0,864.98,183.71
2026-05-19,Paid Search,Tablet,238,201,589,0.436,155.0,9.0,6488.4,2166.52
2026-07-27,Paid Search,Mobile,607,475,1304,0.526,119.0,12.0,9160.39,5450.46
2026-06-30,Email,Tablet,83,66,226,0.363,186.0,3.0,2904.87,92.44
2026-12-04,Direct,Desktop,287,235,908,0.328,209.0,5.0,4989.37,0.0
2026-11-23,Email,Desktop,288,253,886,0.299,165.0,9.0,9383.89,340.57
2026-11-23,Direct,Mobile,269,233,646,0.359,37.0,6.0,5445.14,0.0
2026-04-26,Organic Search,Desktop,472,399,1217,0.347,168.0,16.0,13670.1,0.0
2026-09-05,Social Media,Desktop,352,293,1146,0.51,180.0,5.0,2645.0,1173.35
2026-12-23,Paid Search,Mobile,434,390,1085,0.495,107.0,6.0,5083.12,3641.93
2026-10-28,Social Media,Tablet,96,86,241,0.517,184.0,3.0,1699.84,311.68
2026-04-01,Referral,Desktop,148,129,405,0.442,170.0,5.0,2634.09,242.96
2026-09-16,Organic Search,Tablet,299,270,969,0.29,163.0,5.0,3624.01,0.0
2026-05-18,Direct,Mobile,420,381,1365,0.423,125.0,8.0,8946.17,0.0
2026-05-06,Referral,Desktop,99,80,273,0.449,201.0,4.0,2623.59,171.09
2026-06-14,Social Media,Mobile,353,289,1110,0.619,140.0,8.0,5028.53,1041.61
2026-10-23,Direct,Mobile,324,256,868,0.453,109.0,14.0,13647.13,0.0
2026-12-11,Referral,Desktop,89,70,264,0.386,192.0,4.0,2790.29,175.04
2026-06-19,Referral,Tablet,65,53,185,0.419,130.0,2.0,1705.56,126.47
2026-10-08,Direct,Mobile,336,301,739,0.35,127.0,12.0,12737.04,0.0
2026-11-23,Organic Search,Mobile,625,544,1636,0.342,169.0,15.0,13280.46,0.0
2026-04-29,Referral,Tablet,70,58,178,0.457,111.0,0.0,0.0,141.94
2026-10-11,Email,Mobile,246,223,624,0.386,91.0,18.0,18640.17,324.34
2026-06-23,Paid Search,Mobile,672,525,1979,0.396,102.0,13.0,10951.04,5601.31
2026-10-16,Paid Search,Mobile,477,410,1308,0.449,96.0,7.0,7166.57,4547.23
2026-12-11,Social Media,Mobile,352,317,1204,0.509,163.0,5.0,3584.39,1208.36
2026-08-13,Direct,Mobile,437,366,1353,0.338,131.0,21.0,20516.55,0.0
2026-07-06,Social Media,Tablet,130,103,287,0.528,140.0,0.0,0.0,407.65
2026-06-02,Social Media,Tablet,144,129,334,0.524,129.0,4.0,2921.53,487.87
2026-10-10,Referral,Mobile,95,74,306,0.474,140.0,1.0,785.6,187.34
2026-07-14,Direct,Tablet,93,77,255,0.337,163.0,5.0,4774.88,0.0
2026-04-04,Paid Search,Tablet,157,133,338,0.415,154.0,2.0,1527.6,1321.29
2026-08-25,Organic Search,Mobile,758,670,1729,0.464,135.0,23.0,20427.91,0.0
2026-06-24,Referral,Desktop,255,211,635,0.428,210.0,3.0,2563.35,420.18
2026-05-08,Social Media,Tablet,156,138,434,0.524,203.0,2.0,1470.77,510.43
2026-02-02,Paid Search,Mobile,557,459,1461,0.473,146.0,9.0,7326.06,4262.03
2026-03-23,Direct,Desktop,324,263,854,0.297,216.0,13.0,11382.55,0.0
2026-09-24,Email,Tablet,76,59,237,0.269,105.0,5.0,5099.82,104.44
2026-08-15,Organic Search,Tablet,231,210,737,0.427,176.0,5.0,4395.1,0.0
2026-10-22,Referral,Mobile,170,148,398,0.517,82.0,1.0,617.96,289.31
2026-07-05,Direct,Mobile,406,327,1158,0.461,133.0,15.0,14582.54,0.0
2026-10-05,Social Media,Desktop,372,330,1118,0.532,224.0,8.0,5942.34,1016.57
2026-09-12,Email,Tablet,223,198,560,0.344,175.0,13.0,12327.58,300.25
2026-07-24,Organic Search,Desktop,617,523,1374,0.413,192.0,18.0,16727.69,0.0
2026-02-01,Organic Search,Mobile,526,431,1586,0.36,123.0,10.0,9028.83,0.0
2026-10-18,Referral,Tablet,20,16,46,0.422,146.0,0.0,0.0,30.9
2026-10-17,Direct,Mobile,281,234,702,0.388,136.0,7.0,7208.67,0.0
2026-06-08,Paid Search,Tablet,139,115,365,0.54,151.0,6.0,4921.57,1211.95
2026-01-29,Social Media,Tablet,142,115,405,0.555,167.0,3.0,1920.47,509.98
2026-09-20,Direct,Mobile,277,242,643,0.416,181.0,8.0,7185.8,0.0
2026-03-02,Organic Search,Mobile,680,565,1611,0.474,99.0,17.0,16005.63,0.0
2026-04-03,Social Media,Tablet,115,93,346,0.583,131.0,1.0,730.47,378.24
2026-02-26,Paid Search,Mobile,518,443,1305,0.413,135.0,12.0,9657.94,5011.85
2026-04-18,Paid Search,Tablet,157,133,359,0.445,150.0,7.0,6048.48,1232.33
2026-03-05,Referral,Mobile,175,142,507,0.458,105.0,7.0,4740.72,341.14
2026-06-07,Direct,Desktop,274,215,730,0.375,213.0,12.0,11724.23,0.0
2026-11-27,Email,Desktop,326,280,701,0.313,204.0,17.0,12647.05,377.62
2026-01-07,Social Media,Tablet,147,119,454,0.566,185.0,3.0,2359.03,434.39
2026-02-11,Organic Search,Tablet,240,198,699,0.433,179.0,10.0,7463.01,0.0
2026-12-17,Social Media,Tablet,80,72,263,0.508,145.0,0.0,0.0,243.22
2026-12-04,Paid Search,Mobile,455,362,1374,0.468,104.0,14.0,12599.14,4281.09
2026-10-15,Email,Tablet,152,128,384,0.336,166.0,10.0,10335.04,170.11
2026-07-24,Paid Search,Desktop,510,442,1548,0.413,212.0,15.0,12343.35,4370.68
2026-11-25,Organic Search,Tablet,152,131,530,0.424,138.0,4.0,3392.67,0.0
2026-02-16,Organic Search,Tablet,263,232,588,0.34,140.0,9.0,7015.33,0.0
2026-01-07,Email,Tablet,35,28,74,0.345,155.0,1.0,969.08,41.56
2026-09-22,Organic Search,Desktop,590,524,1897,0.414,160.0,29.0,20338.69,0.0
2026-12-15,Social Media,Tablet,158,139,345,0.599,123.0,3.0,1533.05,441.73
2026-12-12,Email,Desktop,211,180,494,0.398,180.0,15.0,12526.66,227.51
2026-12-27,Referral,Desktop,107,84,300,0.393,163.0,3.0,1778.95,196.78
2026-02-05,Paid Search,Tablet,109,97,302,0.435,145.0,4.0,2405.48,919.26
2026-09-06,Organic Search,Mobile,562,504,1601,0.463,160.0,20.0,17801.78,0.0
2026-08-31,Social Media,Tablet,56,44,182,0.504,114.0,2.0,1343.89,184.78
2026-08-19,Organic Search,Tablet,218,171,680,0.424,189.0,7.0,5030.86,0.0
2026-02-25,Organic Search,Mobile,652,508,2159,0.412,106.0,13.0,12343.54,0.0
2026-02-18,Direct,Desktop,266,229,770,0.383,187.0,18.0,20233.94,0.0
2026-09-28,Email,Desktop,244,214,680,0.321,183.0,13.0,12002.65,261.81
2026-10-23,Paid Search,Tablet,107,92,348,0.406,170.0,3.0,2307.76,955.27
2026-10-18,Organic Search,Tablet,197,168,520,0.334,150.0,4.0,3209.0,0.0
2026-01-01,Paid Search,Mobile,446,369,1229,0.525,122.0,11.0,7783.07,3984.13
2026-06-19,Email,Desktop,304,243,667,0.28,175.0,23.0,25672.51,398.08
2026-11-13,Paid Search,Desktop,449,397,1392,0.367,204.0,16.0,12879.86,4325.37
2026-06-23,Email,Mobile,374,337,999,0.342,76.0,20.0,14489.81,464.4
2026-05-28,Direct,Tablet,100,83,327,0.344,118.0,10.0,8189.31,0.0
2026-05-19,Social Media,Mobile,502,445,1141,0.555,148.0,12.0,6283.49,1391.61
2026-10-15,Social Media,Mobile,353,280,945,0.533,105.0,1.0,433.23,1206.62
2026-08-03,Organic Search,Tablet,237,192,583,0.386,149.0,8.0,7795.2,0.0
2026-10-02,Organic Search,Mobile,662,592,2052,0.376,163.0,15.0,13961.72,0.0
2026-09-23,Social Media,Mobile,419,335,1172,0.538,108.0,5.0,4148.32,1488.94
2026-04-06,Paid Search,Tablet,150,122,478,0.527,172.0,2.0,1987.26,1218.43
2026-03-05,Direct,Tablet,101,80,344,0.364,135.0,6.0,4857.38,0.0
2026-07-01,Paid Search,Desktop,571,471,1570,0.363,194.0,13.0,10004.55,4129.33
2026-02-01,Referral,Mobile,106,93,241,0.332,156.0,4.0,2712.37,195.05
2026-07-29,Social Media,Mobile,457,372,1388,0.523,111.0,7.0,3240.11,1444.89
2026-07-27,Email,Mobile,309,273,931,0.285,130.0,11.0,11374.02,382.08
2026-08-19,Social Media,Desktop,389,308,1111,0.528,200.0,7.0,3671.06,1238.86
2026-02-17,Social Media,Mobile,396,339,1248,0.545,142.0,6.0,3421.0,1141.38
2026-04-21,Organic Search,Tablet,274,223,881,0.385,142.0,7.0,6161.14,0.0
2026-06-04,Organic Search,Tablet,264,215,870,0.341,125.0,6.0,4181.86,0.0
2026-11-25,Referral,Desktop,116,99,391,0.34,204.0,4.0,3042.82,227.25
2026-10-01,Referral,Desktop,139,118,319,0.386,200.0,6.0,3262.87,248.57
2026-10-17,Email,Desktop,201,160,434,0.281,179.0,11.0,10485.8,206.46
2026-03-06,Direct,Tablet,103,93,318,0.317,121.0,3.0,3069.74,0.0
2026-11-30,Social Media,Tablet,142,111,445,0.448,137.0,2.0,1420.55,394.66
2026-02-23,Referral,Tablet,27,21,58,0.395,103.0,1.0,608.06,50.76
2026-05-31,Organic Search,Mobile,702,631,1635,0.429,141.0,22.0,21835.01,0.0
2026-09-07,Direct,Mobile,427,365,1310,0.367,113.0,13.0,11184.16,0.0
2026-08-02,Direct,Mobile,338,281,958,0.378,149.0,13.0,10093.2,0.0
2026-05-12,Email,Mobile,371,303,834,0.304,153.0,22.0,18534.48,491.45
2026-08-17,Email,Tablet,79,69,223,0.317,118.0,4.0,3682.59,104.4
2026-09-23,Email,Mobile,317,258,1102,0.383,104.0,17.0,17438.98,385.69
2026-08-18,Email,Desktop,298,266,644,0.283,169.0,17.0,15019.84,364.34
2026-06-13,Referral,Mobile,208,181,647,0.414,119.0,5.0,3636.76,403.89
2026-11-09,Email,Desktop,260,227,790,0.311,216.0,15.0,13897.04,356.53
2026-01-30,Organic Search,Tablet,122,95,289,0.395,129.0,2.0,1588.06,0.0
2026-05-17,Social Media,Mobile,293,236,993,0.62,122.0,5.0,3127.44,864.5
2026-10-06,Direct,Desktop,261,235,592,0.317,190.0,17.0,18213.85,0.0
2026-04-13,Paid Search,Tablet,157,124,338,0.413,162.0,4.0,3351.79,1283.84
2026-11-29,Email,Mobile,199,170,655,0.374,130.0,13.0,11228.3,273.19
2026-01-30,Referral,Desktop,145,114,485,0.327,165.0,3.0,1758.77,279.92
2026-06-05,Referral,Mobile,276,237,865,0.417,130.0,5.0,4837.24,461.94
2026-11-19,Paid Search,Tablet,111,92,289,0.391,165.0,3.0,2014.88,892.37
2026-11-07,Referral,Mobile,119,104,354,0.409,106.0,8.0,7187.96,229.02
2026-08-30,Paid Search,Desktop,324,286,965,0.497,202.0,6.0,3897.03,2470.3
2026-06-26,Social Media,Mobile,542,426,1868,0.563,65.0,14.0,8478.84,1778.92
2026-02-13,Email,Mobile,359,296,1075,0.342,123.0,22.0,23343.68,422.09
2026-08-14,Social Media,Mobile,494,432,1211,0.588,159.0,5.0,2991.99,1606.92
2026-03-20,Paid Search,Tablet,164,131,485,0.419,131.0,4.0,3201.24,1263.5
2026-05-21,Referral,Tablet,60,49,163,0.433,149.0,1.0,754.74,92.71
2026-01-09,Email,Mobile,213,169,632,0.302,158.0,12.0,12588.68,257.6
2026-06-17,Paid Search,Desktop,542,463,1783,0.435,206.0,10.0,8369.47,5266.56
2026-04-04,Direct,Desktop,356,314,1058,0.345,138.0,15.0,13712.72,0.0
2026-06-11,Paid Search,Desktop,583,511,1702,0.413,173.0,13.0,12051.61,4370.97
2026-12-28,Social Media,Tablet,20,15,48,0.502,222.0,0.0,0.0,57.32
2026-09-20,Paid Search,Tablet,77,62,245,0.471,145.0,4.0,3127.46,585.9
2026-08-03,Email,Tablet,48,38,167,0.261,117.0,3.0,2866.36,52.57
2026-06-01,Referral,Desktop,168,137,511,0.439,214.0,8.0,4786.58,307.66
2026-04-16,Paid Search,Tablet,173,147,413,0.409,138.0,3.0,2302.19,1673.14
2026-10-30,Social Media,Desktop,350,312,1062,0.54,177.0,5.0,3119.96,1224.13
2026-02-01,Email,Tablet,146,119,444,0.273,165.0,6.0,5418.39,177.79
2026-11-22,Paid Search,Mobile,346,274,861,0.487,162.0,6.0,4188.6,2555.62
2026-04-11,Referral,Mobile,190,152,620,0.396,132.0,9.0,6557.9,351.09
2026-04-25,Direct,Mobile,303,255,831,0.401,170.0,8.0,7540.19,0.0
2026-01-08,Organic Search,Mobile,607,500,1621,0.445,125.0,12.0,11004.1,0.0
2026-07-08,Email,Mobile,296,265,825,0.376,144.0,16.0,14760.63,373.68
2026-07-04,Referral,Desktop,151,134,404,0.329,168.0,2.0,1757.94,290.67
2026-12-30,Referral,Desktop,126,101,373,0.387,185.0,2.0,1632.21,224.71
2026-12-06,Organic Search,Desktop,515,434,1765,0.348,132.0,14.0,15663.2,0.0
2026-06-15,Paid Search,Tablet,131,114,377,0.462,146.0,5.0,4898.66,1087.63
2026-02-24,Social Media,Tablet,140,120,343,0.532,142.0,2.0,1344.74,468.87
2026-05-08,Direct,Tablet,90,70,262,0.363,155.0,2.0,1730.95,0.0
2026-01-11,Email,Mobile,198,163,464,0.342,137.0,7.0,6409.81,224.33
2026-03-05,Paid Search,Tablet,235,204,509,0.466,187.0,8.0,5996.27,1931.77
2026-10-10,Direct,Desktop,219,175,703,0.422,189.0,9.0,8460.59,0.0
2026-02-08,Referral,Desktop,99,86,243,0.407,193.0,4.0,2682.29,197.92
2026-12-15,Email,Desktop,251,207,745,0.352,190.0,13.0,10278.38,335.83
2026-02-03,Direct,Desktop,287,258,732,0.364,206.0,18.0,16873.05,0.0
2026-08-26,Email,Mobile,333,271,1068,0.315,127.0,18.0,18852.6,385.21
2026-01-17,Direct,Mobile,197,170,534,0.388,75.0,5.0,4070.06,0.0
2026-07-10,Organic Search,Desktop,632,549,1635,0.364,204.0,27.0,24078.25,0.0
2026-12-18,Social Media,Desktop,379,308,1227,0.527,220.0,7.0,3774.22,1311.15
2026-02-28,Referral,Mobile,123,106,348,0.447,164.0,3.0,2678.33,239.52
2026-12-21,Paid Search,Tablet,191,159,638,0.475,126.0,3.0,2708.04,1577.41
2026-05-23,Email,Desktop,260,221,635,0.328,123.0,19.0,17473.05,350.1
2026-12-31,Email,Desktop,213,177,693,0.303,267.0,10.0,7516.85,286.99
2026-03-01,Social Media,Mobile,359,326,1218,0.515,134.0,6.0,3987.66,1182.22
2026-05-21,Paid Search,Mobile,601,531,1982,0.572,122.0,13.0,10276.76,5706.28
2026-05-03,Email,Desktop,230,186,555,0.246,190.0,15.0,14288.09,241.5
2026-03-11,Organic Search,Mobile,720,648,1911,0.403,89.0,16.0,12988.9,0.0
2026-01-01,Referral,Mobile,241,206,563,0.403,115.0,5.0,4117.58,371.7
2026-06-23,Social Media,Desktop,374,315,1076,0.479,159.0,9.0,4064.06,1051.67
2026-12-31,Organic Search,Desktop,555,472,1623,0.375,199.0,17.0,11108.23,0.0
2026-09-15,Referral,Mobile,244,215,676,0.367,171.0,8.0,5946.23,418.94
2026-09-22,Organic Search,Tablet,284,225,813,0.355,177.0,15.0,11804.48,0.0
2026-02-15,Paid Search,Tablet,132,104,459,0.44,138.0,6.0,5220.25,1043.56
2026-06-20,Social Media,Mobile,495,386,1674,0.532,62.0,6.0,3207.75,1777.19
2026-12-25,Organic Search,Tablet,234,182,496,0.421,143.0,10.0,8660.27,0.0
2026-11-08,Organic Search,Tablet,203,178,473,0.437,139.0,7.0,4636.45,0.0
2026-02-23,Paid Search,Tablet,141,122,380,0.393,199.0,2.0,1809.22,1293.18
2026-09-29,Referral,Desktop,161,134,433,0.417,214.0,4.0,2829.77,293.09
2026-01-13,Email,Desktop,189,165,415,0.314,124.0,15.0,14831.64,224.64
2026-12-09,Direct,Tablet,47,39,115,0.339,132.0,3.0,3172.94,0.0
2026-07-06,Social Media,Desktop,490,402,1524,0.575,167.0,8.0,4375.35,1680.47
2026-11-24,Email,Desktop,336,271,894,0.3,181.0,16.0,14004.74,392.27
2026-05-19,Organic Search,Mobile,788,685,2411,0.423,116.0,21.0,15256.48,0.0
2026-02-01,Paid Search,Mobile,401,351,1274,0.426,135.0,12.0,12443.04,3145.32
2026-07-10,Referral,Mobile,206,167,648,0.449,139.0,4.0,2977.8,425.97
2026-12-10,Social Media,Mobile,372,330,861,0.443,117.0,4.0,2287.23,1105.74
2026-04-05,Organic Search,Mobile,635,520,1418,0.428,70.0,22.0,17116.31,0.0
2026-02-28,Organic Search,Mobile,548,464,1427,0.373,116.0,15.0,13471.39,0.0
2026-07-11,Social Media,Tablet,127,114,335,0.55,186.0,2.0,1629.23,399.32
2026-09-11,Email,Tablet,63,53,194,0.293,167.0,5.0,4118.79,84.81
2026-02-23,Organic Search,Desktop,641,568,1702,0.41,196.0,16.0,14696.0,0.0
2026-12-30,Direct,Tablet,129,117,288,0.272,126.0,6.0,5887.73,0.0
2026-06-01,Referral,Tablet,151,133,509,0.38,143.0,2.0,1789.42,239.39
2026-12-24,Referral,Mobile,111,98,308,0.424,135.0,5.0,4027.72,218.24
2026-09-21,Organic Search,Mobile,669,568,1920,0.391,97.0,13.0,10170.3,0.0
2026-12-18,Email,Desktop,240,216,764,0.36,187.0,12.0,11935.93,257.34
2026-03-09,Direct,Desktop,289,227,778,0.35,175.0,9.0,8316.45,0.0
2026-10-19,Referral,Mobile,195,160,413,0.403,126.0,7.0,5425.7,360.72
2026-11-03,Paid Search,Desktop,351,279,1085,0.49,211.0,15.0,15166.6,3400.08
2026-12-14,Paid Search,Desktop,363,285,1217,0.447,179.0,15.0,10832.29,3335.84
2026-03-26,Referral,Desktop,151,136,367,0.373,131.0,1.0,805.56,245.04
2026-08-10,Email,Desktop,286,251,908,0.344,233.0,13.0,12028.35,366.51
2026-12-27,Paid Search,Tablet,159,130,426,0.41,156.0,5.0,4639.66,1549.15
2026-03-14,Paid Search,Mobile,494,418,1518,0.5,117.0,15.0,12692.41,4007.95
2026-12-23,Referral,Tablet,20,16,51,0.339,139.0,1.0,729.74,32.04
2026-11-13,Email,Tablet,102,90,291,0.267,169.0,7.0,6996.66,137.94
2026-01-09,Referral,Mobile,181,146,522,0.438,122.0,6.0,4957.25,335.32
2026-08-14,Referral,Tablet,44,40,94,0.375,157.0,2.0,1409.79,71.98
2026-11-19,Paid Search,Mobile,502,450,1650,0.471,126.0,19.0,14547.46,4046.11
2026-02-23,Organic Search,Tablet,182,162,450,0.36,113.0,5.0,4383.11,0.0
2026-07-30,Email,Tablet,172,135,513,0.406,147.0,8.0,8679.48,188.28
2026-06-29,Direct,Desktop,309,281,733,0.305,174.0,16.0,15555.85,0.0
2026-06-09,Social Media,Mobile,458,393,1299,0.589,143.0,10.0,7033.32,1636.88
2026-07-29,Referral,Desktop,175,151,564,0.315,176.0,5.0,3924.11,307.72
2026-09-04,Paid Search,Tablet,134,120,439,0.472,140.0,4.0,3013.19,984.24
2026-10-04,Paid Search,Tablet,85,70,297,0.421,152.0,0.0,0.0,693.49
2026-12-01,Paid Search,Desktop,421,363,1387,0.354,157.0,12.0,10887.24,3980.3
2026-06-14,Email,Desktop,255,230,730,0.33,198.0,15.0,12362.33,284.69
2026-11-29,Paid Search,Mobile,345,312,962,0.449,121.0,7.0,5779.47,2554.03
2026-05-03,Paid Search,Mobile,474,399,1279,0.406,146.0,13.0,13906.12,3963.92
2026-01-06,Social Media,Tablet,64,55,200,0.574,156.0,1.0,651.21,182.91
2026-12-21,Direct,Tablet,31,25,80,0.322,167.0,2.0,2000.02,0.0
2026-05-23,Organic Search,Mobile,652,581,1977,0.47,131.0,18.0,16872.59,0.0
2026-06-26,Referral,Desktop,163,137,511,0.403,139.0,2.0,1452.53,318.55
2026-01-15,Organic Search,Mobile,635,507,1632,0.465,122.0,18.0,17439.81,0.0
2026-08-06,Referral,Tablet,46,37,146,0.402,182.0,1.0,846.25,70.62
2026-08-22,Paid Search,Tablet,201,170,662,0.425,161.0,6.0,4645.28,1709.73
2026-03-22,Paid Search,Tablet,79,64,199,0.405,167.0,2.0,1719.03,734.54
2026-11-04,Direct,Mobile,276,217,910,0.448,119.0,7.0,7466.14,0.0
2026-04-02,Email,Mobile,347,285,964,0.346,95.0,10.0,10347.58,366.0
2026-09-18,Organic Search,Tablet,218,182,606,0.384,151.0,4.0,3740.7,0.0
2026-09-20,Social Media,Mobile,307,275,869,0.475,173.0,5.0,3350.71,1102.08
2026-08-10,Direct,Mobile,487,428,1347,0.384,116.0,12.0,13394.37,0.0
2026-04-05,Paid Search,Mobile,382,347,1047,0.497,119.0,14.0,9217.74,3170.38
2026-06-27,Paid Search,Tablet,178,145,584,0.441,163.0,5.0,4044.32,1306.87
2026-12-11,Paid Search,Tablet,85,67,269,0.491,150.0,1.0,607.82,806.15
2026-09-07,Referral,Tablet,57,47,156,0.36,154.0,0.0,0.0,108.8
2026-03-06,Organic Search,Tablet,218,186,579,0.405,124.0,2.0,1622.82,0.0
2026-05-06,Paid Search,Tablet,135,120,341,0.358,136.0,3.0,2610.26,1213.62
2026-04-04,Social Media,Tablet,23,20,76,0.52,176.0,3.0,1900.73,78.2
2026-06-26,Organic Search,Tablet,185,153,598,0.408,149.0,6.0,6160.87,0.0
2026-04-25,Paid Search,Mobile,478,398,1292,0.436,187.0,14.0,10568.65,3888.82
2026-08-16,Paid Search,Mobile,404,366,1270,0.452,72.0,10.0,7192.03,3599.96
2026-12-22,Referral,Mobile,148,120,465,0.43,117.0,8.0,5525.19,245.21
2026-06-22,Direct,Desktop,394,351,1116,0.354,158.0,21.0,18323.4,0.0
2026-09-10,Direct,Desktop,243,215,574,0.332,202.0,9.0,9723.87,0.0
2026-07-26,Referral,Desktop,200,180,619,0.355,221.0,10.0,5592.76,369.76
2026-10-29,Paid Search,Tablet,136,108,436,0.411,173.0,3.0,2192.45,1150.38
2026-04-24,Referral,Desktop,178,157,618,0.386,163.0,13.0,9013.16,320.91
2026-10-04,Social Media,Tablet,162,140,347,0.557,156.0,4.0,2865.67,569.24
2026-07-22,Social Media,Mobile,395,348,906,0.55,110.0,7.0,4696.81,1380.45
2026-12-27,Organic Search,Desktop,431,364,1365,0.399,211.0,20.0,17819.01,0.0
2026-02-04,Email,Tablet,158,127,425,0.274,193.0,11.0,9695.58,192.4
2026-11-23,Referral,Desktop,99,82,341,0.33,210.0,3.0,2181.49,203.93
2026-01-15,Email,Mobile,280,225,736,0.352,71.0,12.0,11528.72,288.14
2026-11-15,Social Media,Desktop,334,272,870,0.507,184.0,1.0,781.84,934.67
2026-07-07,Paid Search,Desktop,538,440,1647,0.492,195.0,11.0,7522.38,4626.43
2026-08-14,Email,Tablet,192,168,600,0.29,160.0,13.0,10673.78,203.47
2026-11-04,Social Media,Tablet,143,122,470,0.533,134.0,0.0,0.0,459.37
2026-12-03,Referral,Tablet,50,40,173,0.374,174.0,0.0,0.0,93.82
2026-04-11,Organic Search,Tablet,169,149,427,0.344,141.0,6.0,4714.54,0.0
2026-09-21,Organic Search,Tablet,135,119,324,0.402,137.0,3.0,2607.58,0.0
2026-12-31,Social Media,Mobile,355,310,1055,0.5,172.0,5.0,2742.65,1221.96
2026-05-13,Email,Desktop,302,270,938,0.325,202.0,23.0,25456.16,341.93
2026-11-16,Referral,Tablet,76,59,174,0.458,200.0,1.0,749.99,142.42
2026-04-19,Referral,Desktop,168,147,373,0.334,154.0,4.0,3070.01,294.07
2026-06-15,Social Media,Desktop,349,306,767,0.524,161.0,5.0,2118.69,1123.57
2026-01-28,Organic Search,Tablet,122,110,417,0.447,157.0,3.0,2555.26,0.0
2026-04-13,Social Media,Mobile,556,462,1191,0.635,117.0,7.0,4031.41,1761.54
2026-04-07,Social Media,Desktop,326,278,997,0.481,172.0,9.0,5189.17,1059.45
2026-06-11,Direct,Mobile,476,384,1589,0.409,143.0,19.0,21807.87,0.0
2026-06-28,Referral,Desktop,37,28,108,0.428,207.0,1.0,927.63,57.04
2026-01-09,Organic Search,Tablet,237,189,714,0.408,152.0,11.0,10970.25,0.0
2026-11-09,Direct,Tablet,178,145,388,0.337,158.0,6.0,5594.83,0.0
2026-04-21,Social Media,Desktop,363,306,799,0.57,130.0,3.0,1676.56,1231.5
2026-03-18,Organic Search,Mobile,715,575,2210,0.386,158.0,24.0,19252.88,0.0
2026-12-03,Paid Search,Desktop,381,320,1074,0.471,166.0,7.0,5771.97,2820.28
2026-06-06,Paid Search,Desktop,394,346,1337,0.45,215.0,12.0,7305.98,3058.45
2026-02-06,Email,Tablet,72,58,185,0.279,179.0,4.0,3920.62,75.24
2026-04-10,Direct,Desktop,284,233,716,0.311,197.0,19.0,18683.51,0.0
2026-05-20,Email,Desktop,284,227,704,0.245,179.0,15.0,14702.98,373.43
2026-07-08,Direct,Mobile,286,247,662,0.424,181.0,7.0,7181.96,0.0
2026-08-26,Referral,Mobile,267,233,644,0.423,91.0,5.0,4250.92,436.1
2026-03-05,Direct,Mobile,332,276,734,0.369,112.0,14.0,12687.25,0.0
2026-07-01,Direct,Tablet,105,82,283,0.397,171.0,4.0,4193.65,0.0
2026-02-03,Direct,Tablet,81,71,241,0.335,149.0,4.0,3989.93,0.0
2026-12-16,Paid Search,Tablet,165,147,546,0.442,126.0,5.0,3854.65,1316.29
2026-07-19,Organic Search,Desktop,444,386,1489,0.354,177.0,20.0,15510.13,0.0
2026-04-18,Paid Search,Mobile,455,398,979,0.516,161.0,13.0,9556.41,3664.44
2026-01-11,Referral,Tablet,81,71,200,0.384,153.0,3.0,1935.95,134.22
2026-06-12,Referral,Desktop,216,185,735,0.414,202.0,4.0,3100.71,363.32
2026-05-10,Paid Search,Tablet,123,108,348,0.4,111.0,1.0,766.56,905.29
2026-09-01,Referral,Desktop,178,156,517,0.398,173.0,10.0,8349.68,350.39
2026-02-12,Email,Mobile,340,266,1116,0.356,137.0,14.0,13375.25,412.09
2026-09-07,Direct,Tablet,199,174,688,0.385,170.0,11.0,10566.75,0.0
2026-08-23,Social Media,Desktop,244,197,516,0.513,194.0,5.0,3709.97,739.34
2026-06-30,Referral,Desktop,231,187,519,0.375,218.0,5.0,4044.41,362.86
2026-01-12,Paid Search,Mobile,485,393,1514,0.478,153.0,12.0,7773.88,3733.39
2026-07-15,Organic Search,Desktop,593,528,1755,0.369,176.0,21.0,21450.68,0.0
2026-10-01,Referral,Tablet,123,110,392,0.314,110.0,4.0,3301.07,226.8
2026-11-04,Email,Desktop,350,273,782,0.336,213.0,22.0,19851.1,412.38
2026-04-07,Paid Search,Tablet,101,85,315,0.372,149.0,2.0,1637.55,791.21
2026-11-18,Direct,Mobile,345,279,745,0.437,147.0,12.0,11601.97,0.0
2026-06-04,Paid Search,Tablet,184,150,490,0.433,165.0,5.0,4023.42,1551.94
2026-04-05,Referral,Desktop,202,175,570,0.414,184.0,8.0,6229.85,397.01
2026-10-15,Social Media,Desktop,367,304,1245,0.592,169.0,8.0,5002.38,1004.37
2026-10-19,Email,Tablet,50,43,171,0.273,86.0,1.0,829.57,51.93
2026-11-16,Referral,Desktop,186,165,592,0.346,156.0,6.0,4166.56,300.98
2026-07-13,Organic Search,Desktop,574,479,1504,0.308,179.0,18.0,17470.75,0.0
2026-11-22,Paid Search,Tablet,80,67,272,0.479,140.0,2.0,1914.84,701.96
2026-02-17,Social Media,Tablet,127,114,321,0.472,193.0,3.0,2215.14,430.4
2026-11-12,Referral,Desktop,178,147,580,0.407,191.0,3.0,2744.65,362.17
2026-09-21,Paid Search,Desktop,441,377,1229,0.499,153.0,11.0,8548.13,3974.77
2026-08-16,Email,Tablet,93,76,309,0.35,107.0,6.0,4656.15,108.43
2026-05-01,Organic Search,Desktop,717,574,2114,0.336,194.0,25.0,21223.94,0.0
2026-02-08,Direct,Tablet,52,45,118,0.294,161.0,0.0,0.0,0.0
2026-12-28,Paid Search,Tablet,208,186,672,0.406,119.0,5.0,3254.87,1526.02
2026-06-16,Email,Tablet,77,68,184,0.32,188.0,6.0,5356.58,91.54
2026-07-25,Social Media,Desktop,404,355,1336,0.456,213.0,9.0,7064.3,1262.57
2026-04-01,Referral,Mobile,259,224,629,0.415,124.0,5.0,2797.93,418.26
2026-07-12,Organic Search,Mobile,697,562,1567,0.385,145.0,26.0,19166.36,0.0
2026-07-18,Referral,Tablet,65,57,181,0.398,137.0,1.0,771.99,123.05
2026-03-13,Direct,Mobile,380,305,1008,0.391,79.0,16.0,15938.25,0.0
2026-09-16,Referral,Desktop,188,146,444,0.437,147.0,6.0,4407.22,295.45
2026-11-09,Organic Search,Desktop,610,505,1281,0.382,201.0,18.0,14761.83,0.0
2026-04-13,Referral,Tablet,86,70,273,0.361,170.0,4.0,3611.37,136.35
2026-10-18,Direct,Desktop,166,136,545,0.368,218.0,5.0,5111.02,0.0
2026-07-29,Organic Search,Mobile,772,665,2129,0.453,148.0,32.0,28042.38,0.0
2026-07-03,Email,Mobile,280,225,903,0.358,149.0,14.0,14678.7,367.7
2026-12-25,Referral,Desktop,130,115,282,0.396,226.0,3.0,2118.07,267.69
2026-11-15,Paid Search,Desktop,350,302,926,0.433,193.0,14.0,9571.1,3169.82
2026-07-27,Referral,Tablet,97,79,276,0.303,142.0,3.0,2738.93,174.91
2026-07-11,Social Media,Mobile,411,360,997,0.56,106.0,5.0,3696.85,1269.26
2026-04-22,Organic Search,Desktop,698,581,1532,0.424,159.0,26.0,24687.41,0.0
2026-02-06,Referral,Desktop,166,150,355,0.442,193.0,6.0,4501.76,318.66
2026-09-23,Email,Desktop,204,169,495,0.363,178.0,14.0,11926.6,278.81
2026-10-25,Social Media,Mobile,266,230,620,0.515,170.0,2.0,1525.1,912.12
2026-07-28,Paid Search,Mobile,561,474,1691,0.486,117.0,11.0,7546.25,5408.17
2026-09-03,Paid Search,Desktop,472,402,1381,0.415,181.0,13.0,9229.66,3501.94
2026-09-21,Email,Mobile,296,255,623,0.37,80.0,18.0,15683.5,338.93
2026-11-04,Paid Search,Mobile,349,291,798,0.386,141.0,6.0,4788.14,2591.01
2026-11-06,Direct,Mobile,313,280,993,0.401,160.0,4.0,3995.57,0.0
2026-02-09,Social Media,Mobile,445,357,1528,0.618,144.0,3.0,1917.84,1534.93
2026-03-13,Paid Search,Mobile,567,443,1839,0.484,110.0,16.0,16829.08,4303.59
2026-11-22,Direct,Tablet,150,122,522,0.313,152.0,4.0,3977.76,0.0
2026-10-09,Email,Mobile,261,233,854,0.335,130.0,14.0,13698.67,303.49
2026-05-29,Email,Tablet,177,157,384,0.237,126.0,12.0,13938.77,191.46
2026-08-12,Referral,Desktop,150,121,440,0.354,184.0,1.0,806.44,271.91
2026-03-14,Email,Mobile,242,202,596,0.327,107.0,11.0,10029.23,287.73
2026-11-02,Social Media,Desktop,252,215,563,0.523,221.0,0.0,0.0,773.03
2026-11-02,Direct,Tablet,94,76,307,0.264,152.0,2.0,2051.54,0.0
2026-05-05,Paid Search,Tablet,235,201,767,0.503,121.0,8.0,7294.66,1836.74
2026-07-03,Social Media,Tablet,143,124,489,0.473,140.0,2.0,1551.97,397.48
2026-11-07,Direct,Desktop,269,213,629,0.402,207.0,14.0,12228.93,0.0
2026-04-24,Paid Search,Mobile,632,547,1424,0.481,151.0,19.0,13239.56,4974.3
2026-03-26,Referral,Tablet,20,16,42,0.429,140.0,0.0,0.0,39.02
2026-04-03,Social Media,Mobile,391,329,851,0.548,101.0,3.0,1619.47,1340.37
2026-10-30,Direct,Tablet,130,106,362,0.342,129.0,7.0,6919.72,0.0
2026-12-27,Social Media,Tablet,55,44,127,0.535,154.0,2.0,1512.26,150.27
2026-12-28,Direct,Tablet,20,17,65,0.343,192.0,1.0,1081.39,0.0
2026-07-21,Email,Desktop,251,211,786,0.338,204.0,10.0,7939.03,257.47
2026-11-15,Referral,Desktop,109,88,264,0.416,204.0,3.0,2044.0,179.28
2026-10-13,Referral,Tablet,42,35,103,0.429,186.0,1.0,821.84,81.08
2026-09-29,Direct,Mobile,326,273,693,0.37,74.0,8.0,6855.7,0.0
2026-05-30,Email,Tablet,20,17,69,0.33,170.0,2.0,1685.15,21.44
2026-06-20,Organic Search,Desktop,522,447,1462,0.394,135.0,21.0,14864.37,0.0
2026-03-30,Direct,Mobile,385,328,1306,0.359,173.0,21.0,24182.51,0.0
2026-06-01,Email,Tablet,67,58,152,0.304,163.0,3.0,3047.78,70.96
2026-05-26,Referral,Desktop,191,162,604,0.415,212.0,4.0,3153.64,315.08
2026-11-25,Email,Tablet,55,44,131,0.332,113.0,3.0,2569.72,70.99
2026-06-25,Social Media,Mobile,463,395,1114,0.53,92.0,4.0,2371.56,1579.38
2026-07-04,Organic Search,Tablet,66,58,189,0.383,143.0,5.0,4775.2,0.0
2026-04-06,Direct,Desktop,325,271,1070,0.388,224.0,19.0,18416.86,0.0
2026-10-21,Paid Search,Tablet,150,136,443,0.398,176.0,5.0,5178.74,1335.46
2026-02-28,Referral,Desktop,178,147,506,0.401,233.0,4.0,3001.52,314.43
2026-09-15,Email,Mobile,336,278,1052,0.294,121.0,14.0,14443.72,375.86
2026-06-30,Organic Search,Tablet,221,184,649,0.335,168.0,9.0,8172.05,0.0
2026-04-04,Paid Search,Mobile,402,327,1215,0.486,119.0,16.0,10409.19,3707.84
2026-12-21,Organic Search,Tablet,184,149,460,0.362,135.0,5.0,4525.28,0.0
2026-04-08,Email,Tablet,131,107,431,0.333,142.0,12.0,11288.03,148.98
2026-12-01,Social Media,Mobile,314,253,1033,0.553,138.0,4.0,2106.65,998.91
2026-08-21,Referral,Desktop,134,106,459,0.408,175.0,4.0,3588.53,207.11
2026-10-12,Paid Search,Mobile,530,474,1442,0.458,137.0,8.0,6852.53,4315.53
2026-02-01,Paid Search,Tablet,115,101,267,0.455,148.0,0.0,0.0,999.75
2026-06-05,Organic Search,Desktop,669,575,1814,0.423,185.0,28.0,21886.94,0.0
2026-02-17,Referral,Tablet,20,17,67,0.345,144.0,1.0,852.04,39.36
2026-03-24,Social Media,Tablet,136,114,467,0.496,144.0,0.0,0.0,376.97
2026-11-29,Organic Search,Mobile,496,426,1526,0.412,144.0,16.0,15946.19,0.0
2026-10-13,Paid Search,Mobile,505,419,1115,0.394,110.0,20.0,19644.19,3813.41
2026-01-12,Social Media,Tablet,171,140,507,0.526,149.0,4.0,3033.81,584.69
2026-09-07,Social Media,Desktop,331,300,885,0.475,221.0,7.0,3520.66,1094.13
2026-02-18,Social Media,Desktop,278,221,811,0.505,179.0,1.0,637.4,772.66
2026-09-07,Email,Tablet,84,67,279,0.252,204.0,3.0,3253.68,105.3
2026-01-28,Referral,Mobile,195,162,586,0.47,144.0,1.0,734.44,366.71
2026-02-27,Organic Search,Tablet,174,150,384,0.342,166.0,7.0,5215.3,0.0
2026-08-02,Social Media,Desktop,315,254,1032,0.484,207.0,7.0,4464.86,928.25
2026-05-30,Social Media,Tablet,102,92,295,0.468,109.0,1.0,744.0,319.58
2026-11-07,Organic Search,Mobile,497,437,1178,0.405,107.0,14.0,11418.0,0.0
2026-10-08,Referral,Mobile,143,129,415,0.501,102.0,2.0,1340.05,252.85
2026-03-29,Paid Search,Mobile,440,384,1353,0.439,123.0,14.0,8648.1,3353.73
2026-06-04,Organic Search,Mobile,767,602,2055,0.397,122.0,24.0,18428.75,0.0
2026-11-29,Referral,Desktop,148,132,479,0.39,180.0,12.0,9046.76,247.41
2026-06-01,Direct,Mobile,388,351,1319,0.292,143.0,9.0,8176.85,0.0
2026-12-13,Direct,Tablet,146,131,466,0.31,145.0,7.0,6800.71,0.0
2026-02-14,Direct,Desktop,277,217,666,0.393,231.0,6.0,5900.82,0.0
2026-11-21,Referral,Desktop,98,82,337,0.315,210.0,6.0,4367.46,170.03
2026-07-22,Email,Desktop,330,265,1044,0.363,229.0,22.0,21224.44,440.35
2026-05-17,Social Media,Desktop,315,256,686,0.517,184.0,11.0,7802.6,1004.96
2026-09-13,Social Media,Tablet,69,56,172,0.463,162.0,1.0,481.9,236.89
2026-06-22,Social Media,Tablet,212,168,510,0.534,170.0,6.0,4303.49,663.63
2026-09-28,Referral,Desktop,229,196,507,0.422,171.0,1.0,750.78,395.47
2026-11-28,Organic Search,Mobile,532,439,1136,0.417,146.0,17.0,16168.73,0.0
2026-01-12,Organic Search,Tablet,188,166,418,0.375,109.0,5.0,4721.38,0.0
2026-12-15,Direct,Tablet,20,16,65,0.355,133.0,1.0,925.44,0.0
2026-06-22,Paid Search,Desktop,467,367,1090,0.52,194.0,13.0,10927.43,4499.95
2026-12-10,Email,Mobile,189,151,626,0.319,121.0,14.0,15227.75,222.29
2026-05-07,Email,Mobile,348,316,834,0.323,106.0,20.0,20425.09,416.36
2026-07-17,Referral,Desktop,222,187,726,0.338,180.0,6.0,4119.13,393.89
2026-11-24,Social Media,Desktop,355,279,941,0.486,197.0,8.0,5925.64,1224.13
2026-09-06,Email,Mobile,221,182,642,0.433,143.0,10.0,9917.74,274.51
2026-12-24,Social Media,Desktop,318,280,971,0.517,176.0,5.0,2701.81,1037.13
2026-09-08,Direct,Tablet,151,127,496,0.327,138.0,6.0,5101.4,0.0
2026-11-18,Referral,Mobile,167,140,419,0.395,135.0,5.0,3178.98,307.74
2026-01-22,Direct,Mobile,307,274,801,0.387,126.0,17.0,16884.06,0.0
2026-11-09,Organic Search,Tablet,242,190,697,0.334,158.0,9.0,8914.59,0.0
2026-10-20,Organic Search,Tablet,135,121,322,0.392,137.0,2.0,1690.77,0.0
2026-03-25,Organic Search,Mobile,698,554,2311,0.374,135.0,20.0,16621.33,0.0
2026-05-30,Direct,Mobile,413,351,1063,0.424,121.0,18.0,18184.95,0.0
2026-04-23,Email,Tablet,79,66,199,0.336,159.0,5.0,5049.07,84.96
2026-10-19,Email,Mobile,366,310,887,0.409,156.0,22.0,20147.12,432.87
2026-10-31,Email,Desktop,122,107,267,0.259,198.0,2.0,1831.35,129.69
2026-05-23,Direct,Desktop,245,209,854,0.305,155.0,11.0,10978.42,0.0
2026-01-04,Email,Mobile,265,227,600,0.231,111.0,23.0,22160.23,299.97
2026-08-04,Direct,Tablet,70,59,147,0.389,136.0,3.0,2740.53,0.0
2026-04-25,Email,Mobile,312,254,877,0.308,115.0,18.0,17468.61,335.06
2026-10-21,Organic Search,Tablet,193,168,616,0.44,164.0,6.0,5546.17,0.0
2026-01-28,Social Media,Desktop,279,253,968,0.533,201.0,4.0,1991.07,762.66
2026-01-22,Organic Search,Mobile,601,516,1774,0.409,143.0,13.0,10590.78,0.0
2026-12-18,Direct,Mobile,362,290,973,0.385,181.0,9.0,8406.47,0.0
2026-09-27,Referral,Tablet,103,92,343,0.349,148.0,1.0,652.19,159.76
2026-12-20,Social Media,Desktop,254,212,552,0.513,189.0,7.0,4481.46,864.7
2026-08-10,Referral,Desktop,160,130,460,0.378,186.0,1.0,666.7,313.58
2026-09-29,Email,Desktop,271,231,875,0.342,163.0,18.0,15914.42,364.28
2026-03-01,Direct,Tablet,76,64,163,0.387,102.0,4.0,3921.31,0.0
2026-02-18,Direct,Tablet,116,104,384,0.38,184.0,4.0,4603.96,0.0
2026-01-19,Direct,Mobile,299,254,767,0.371,137.0,8.0,8132.39,0.0
2026-12-24,Direct,Mobile,359,307,1050,0.4,136.0,12.0,12828.57,0.0
2026-02-26,Social Media,Tablet,145,115,492,0.525,168.0,2.0,1195.58,527.75
2026-03-12,Referral,Desktop,92,74,193,0.33,161.0,2.0,1493.65,160.03
2026-07-31,Organic Search,Desktop,682,597,1536,0.368,218.0,17.0,16383.66,0.0
2026-09-10,Referral,Desktop,197,156,559,0.401,177.0,12.0,9444.29,345.37
2026-07-05,Direct,Desktop,342,296,916,0.373,191.0,19.0,19271.14,0.0
2026-09-30,Referral,Desktop,186,149,425,0.445,192.0,3.0,2505.18,352.03
2026-12-23,Paid Search,Tablet,146,126,465,0.462,158.0,5.0,4209.75,1377.07
2026-02-25,Paid Search,Tablet,154,122,412,0.44,167.0,4.0,3367.36,1201.83
2026-04-21,Organic Search,Mobile,730,650,1771,0.453,118.0,15.0,11439.63,0.0
2026-08-27,Direct,Mobile,427,384,1402,0.382,151.0,21.0,21612.73,0.0
2026-01-09,Referral,Tablet,83,65,284,0.385,159.0,2.0,1524.67,128.72
2026-11-12,Paid Search,Tablet,219,193,531,0.431,112.0,5.0,4438.43,2124.51
2026-09-24,Email,Mobile,199,155,662,0.345,86.0,9.0,9142.19,217.3
2026-03-25,Social Media,Desktop,350,307,1139,0.525,188.0,8.0,3845.52,1002.99
2026-08-02,Email,Desktop,210,184,474,0.308,194.0,13.0,12405.04,243.37
2026-10-18,Paid Search,Tablet,112,90,331,0.451,184.0,0.0,0.0,988.24
2026-05-26,Paid Search,Desktop,603,518,1274,0.447,200.0,23.0,13371.36,5168.66
2026-07-12,Paid Search,Tablet,126,110,356,0.432,142.0,6.0,4164.65,1115.23
2026-02-26,Direct,Mobile,350,289,942,0.489,106.0,11.0,12126.54,0.0
2026-06-20,Direct,Mobile,208,165,541,0.378,151.0,9.0,8892.35,0.0
2026-08-08,Organic Search,Mobile,566,479,1813,0.458,126.0,16.0,15654.61,0.0
2026-03-30,Organic Search,Mobile,684,539,2051,0.438,151.0,25.0,22079.55,0.0
2026-04-19,Email,Tablet,125,103,370,0.254,148.0,8.0,6806.53,163.48
2026-06-25,Organic Search,Tablet,152,118,383,0.423,95.0,6.0,6372.89,0.0
2026-12-19,Direct,Mobile,287,239,928,0.42,129.0,12.0,10389.64,0.0
2026-01-02,Referral,Mobile,178,159,585,0.453,122.0,3.0,2752.01,312.35
2026-08-12,Organic Search,Desktop,640,544,1959,0.351,149.0,22.0,19980.05,0.0
2026-02-13,Organic Search,Mobile,640,531,1421,0.361,143.0,19.0,14138.59,0.0
2026-05-23,Organic Search,Desktop,502,413,1728,0.402,153.0,17.0,12159.77,0.0
2026-03-24,Organic Search,Tablet,264,212,832,0.329,151.0,5.0,3959.18,0.0
2026-11-01,Direct,Tablet,107,87,318,0.379,160.0,4.0,4135.04,0.0
2026-12-13,Social Media,Mobile,213,189,542,0.571,138.0,1.0,559.89,581.6
2026-03-17,Direct,Mobile,345,307,1164,0.382,94.0,13.0,14600.47,0.0
2026-05-26,Organic Search,Tablet,313,262,1072,0.362,162.0,13.0,10225.95,0.0
2026-06-06,Referral,Mobile,157,133,406,0.379,140.0,3.0,1957.53,272.85
2026-04-24,Social Media,Mobile,520,441,1444,0.537,147.0,6.0,4647.0,1445.09
2026-01-14,Social Media,Mobile,388,341,1341,0.577,105.0,7.0,4936.3,1371.89
2026-04-25,Email,Desktop,230,190,570,0.269,148.0,14.0,13476.42,300.49
2026-05-12,Paid Search,Tablet,222,201,471,0.439,121.0,4.0,3251.99,1752.71
2026-02-03,Social Media,Desktop,378,300,949,0.45,206.0,8.0,5604.21,1116.9
2026-05-16,Paid Search,Tablet,155,122,410,0.467,115.0,6.0,3422.33,1122.64
2026-10-27,Email,Tablet,62,55,178,0.363,143.0,4.0,4042.14,67.55
2026-12-17,Email,Mobile,241,195,780,0.37,118.0,11.0,11337.52,305.61
2026-06-10,Social Media,Tablet,122,109,381,0.545,196.0,2.0,1403.86,336.88
2026-12-09,Social Media,Tablet,64,52,199,0.509,139.0,1.0,681.94,211.26
2026-02-05,Referral,Mobile,176,153,524,0.472,166.0,4.0,3361.33,282.46
2026-08-05,Organic Search,Tablet,154,131,369,0.43,167.0,4.0,3000.88,0.0
2026-07-17,Email,Mobile,420,348,1180,0.318,129.0,24.0,20223.03,520.34
2026-06-27,Referral,Mobile,137,121,427,0.482,151.0,6.0,3717.33,244.97
2026-03-26,Referral,Mobile,306,278,1026,0.404,165.0,7.0,4859.29,616.8
2026-03-12,Social Media,Mobile,429,385,1403,0.538,117.0,5.0,2893.19,1341.65
2026-04-16,Email,Desktop,284,223,970,0.284,208.0,14.0,13929.88,293.41
2026-09-16,Direct,Tablet,106,90,294,0.332,151.0,5.0,4859.84,0.0
2026-06-16,Referral,Tablet,39,31,95,0.41,144.0,1.0,676.06,80.72
2026-06-01,Referral,Mobile,280,250,926,0.387,142.0,4.0,3463.42,472.61
2026-01-11,Email,Desktop,147,115,407,0.323,156.0,11.0,8820.37,193.36
2026-04-11,Social Media,Desktop,297,245,919,0.543,194.0,6.0,3735.57,1087.78
2026-02-24,Paid Search,Desktop,488,440,1477,0.411,156.0,16.0,14433.61,4159.23
2026-06-02,Email,Tablet,137,111,321,0.345,142.0,11.0,10272.25,159.61
2026-04-24,Direct,Mobile,373,315,1254,0.426,130.0,16.0,16195.21,0.0
2026-05-23,Organic Search,Tablet,174,157,498,0.3,161.0,8.0,7062.58,0.0
2026-03-02,Organic Search,Tablet,190,167,660,0.362,155.0,3.0,2281.36,0.0
2026-01-27,Social Media,Desktop,318,273,1094,0.512,153.0,7.0,3299.29,951.45
2026-06-11,Social Media,Desktop,357,283,779,0.54,157.0,6.0,2990.84,1096.38
2026-09-27,Organic Search,Mobile,535,442,1808,0.397,135.0,16.0,9361.8,0.0
2026-12-22,Social Media,Desktop,322,282,964,0.527,213.0,12.0,4160.01,909.83
2026-08-17,Direct,Mobile,401,348,1227,0.375,80.0,16.0,10717.04,0.0
2026-07-08,Organic Search,Mobile,815,718,2835,0.384,144.0,25.0,21114.19,0.0
2026-09-11,Organic Search,Mobile,613,492,2005,0.437,114.0,20.0,15048.82,0.0
2026-03-07,Direct,Tablet,63,56,161,0.342,143.0,1.0,1067.75,0.0
2026-12-23,Direct,Desktop,235,202,564,0.351,113.0,12.0,10709.8,0.0
2026-10-08,Email,Tablet,46,37,142,0.302,158.0,3.0,3002.53,61.87
2026-10-23,Organic Search,Mobile,564,447,1890,0.436,90.0,17.0,13320.15,0.0
2026-05-16,Paid Search,Desktop,463,386,1058,0.424,181.0,20.0,18611.38,3938.38
2026-11-08,Direct,Mobile,441,351,1142,0.348,99.0,23.0,23719.81,0.0
2026-05-13,Referral,Desktop,221,173,715,0.44,230.0,2.0,1739.84,361.98
2026-02-12,Direct,Mobile,293,241,646,0.421,142.0,14.0,12760.01,0.0
2026-04-04,Email,Tablet,80,65,263,0.317,147.0,5.0,4433.5,85.88
2026-01-08,Paid Search,Mobile,377,340,1113,0.481,124.0,8.0,7270.11,3108.05
2026-06-12,Paid Search,Desktop,478,426,1499,0.45,183.0,15.0,13942.53,3703.74
2026-06-26,Paid Search,Desktop,492,417,1450,0.437,192.0,14.0,9150.42,4383.43
2026-07-11,Social Media,Desktop,405,331,1342,0.538,198.0,9.0,5627.93,1126.52
2026-12-13,Paid Search,Desktop,307,249,911,0.389,174.0,8.0,6450.78,2385.24
2026-11-06,Referral,Mobile,175,157,413,0.412,114.0,3.0,2259.52,358.14
2026-09-03,Referral,Mobile,198,170,465,0.436,133.0,3.0,2691.97,324.16
2026-10-24,Social Media,Desktop,281,232,826,0.522,181.0,5.0,3184.63,902.25
2026-01-26,Referral,Mobile,177,160,392,0.491,105.0,3.0,2230.3,359.49
2026-12-15,Organic Search,Mobile,563,463,1608,0.467,125.0,29.0,23654.52,0.0
2026-11-15,Email,Mobile,213,192,518,0.37,143.0,4.0,4144.61,250.24
2026-06-21,Direct,Tablet,104,83,342,0.309,146.0,3.0,3109.74,0.0
2026-07-29,Email,Mobile,281,227,666,0.324,110.0,14.0,12610.19,376.59
2026-10-16,Social Media,Mobile,343,302,1153,0.537,147.0,4.0,3174.28,1124.9
2026-10-18,Social Media,Desktop,292,231,1010,0.54,199.0,7.0,4474.53,868.99
2026-10-27,Social Media,Tablet,76,63,258,0.504,163.0,1.0,707.7,213.74
2026-02-17,Direct,Tablet,104,92,247,0.332,177.0,8.0,8462.35,0.0
